test_number,test_batch,history_batch,selection_rank,selection_distance
1,36,20,1,0.21686689466121842
1,36,15,2,0.4831407662369219
1,36,0,3,0.5776028047023318
1,36,26,4,0.6046693311223912
1,36,17,5,0.6639465339920075
1,36,5,6,0.6643841132959154
1,36,32,7,0.6939245275964814
1,36,24,8,0.777435688658554
1,36,19,9,0.7853820726245284
1,36,14,10,0.8288847929597937
1,36,35,11,0.8746785123689732
1,36,31,12,0.922283172350011
1,36,6,13,0.9225575862784936
1,36,12,14,0.9514791116992533
1,36,10,15,0.9775607398008576
1,36,28,16,1.0250914593342393
1,36,25,17,1.0483618173130878
1,36,29,18,1.0861773566043438
1,36,3,19,1.1193217812586336
1,36,22,20,1.1348182673891005
1,36,33,21,1.164820265105308
1,36,21,22,1.2073032966077746
1,36,2,23,1.2269983700070672
1,36,7,24,1.2553585145288177
1,36,1,25,1.262873707066546
1,36,9,26,1.3154656970061973
1,36,27,27,1.3506225416451483
1,36,11,28,1.4579716218088745
1,36,13,29,1.4633266894306276
1,36,30,30,1.5210625398056452
2,65,18,1,0.2619398785981242
2,65,4,2,0.3393467990124557
2,65,62,3,0.4131963818815454
2,65,43,4,0.5226136240091718
2,65,1,5,0.6100512273571786
2,65,16,6,0.6133616388396
2,65,41,7,0.6218621229822573
2,65,7,8,0.6393844696268436
2,65,2,9,0.6393844696268436
2,65,27,10,0.6403953856798157
2,65,34,11,0.6446171344294223
2,65,29,12,0.6671440998764809
2,65,57,13,0.6757449592856759
2,65,31,14,0.6788271134832492
2,65,39,15,0.686339930355214
2,65,64,16,0.6968186636421271
2,65,8,17,0.7017923482056497
2,65,37,18,0.7043170450869409
2,65,25,19,0.705921383724845
2,65,3,20,0.7075706678488022
2,65,11,21,0.7501541508250155
2,65,14,22,0.7747983608655867
2,65,21,23,0.7850358272079052
2,65,61,24,0.7959624677081201
2,65,22,25,0.80729486558506
2,65,51,26,0.8182068809292672
2,65,12,27,0.8212338278468563
2,65,30,28,0.8347342391444116
2,65,47,29,0.8690260352831785
2,65,52,30,0.869414314351909
3,165,75,1,0.05482928049865326
3,165,99,2,0.1251499101078382
3,165,23,3,0.1465648320709985
3,165,136,4,0.2529822128134704
3,165,134,5,0.293129664141997
3,165,40,6,0.3190317382330478
3,165,48,7,0.33978853718158286
3,165,122,8,0.34163211207379196
3,165,117,9,0.35690509943120724
3,165,87,10,0.3753748126872659
3,165,150,11,0.4314003361148435
3,165,106,12,0.43481317827315213
3,165,13,13,0.486139126176859
3,165,84,14,0.5020271407005802
3,165,52,15,0.515
3,165,30,16,0.528973061695962
3,165,68,17,0.5510217781540037
3,165,143,18,0.5643580423808986
3,165,59,19,0.5706684676762859
3,165,111,20,0.5970029313160868
3,165,70,21,0.6072736203722339
3,165,159,22,0.6096976709812822
3,165,142,23,0.6244447533609359
3,165,79,24,0.6376519426771944
3,165,104,25,0.6382838318491234
3,165,119,26,0.6659204156654156
3,165,155,27,0.6676685180536822
3,165,126,28,0.67229550794275
3,165,94,29,0.6725557597701473
3,165,145,30,0.7122543436160991
4,174,126,1,0.08500000000000005
4,174,70,2,0.14853450777512944
4,174,171,3,0.2687005768508881
4,174,37,4,0.3246729123287003
4,174,145,5,0.3246729123287003
4,174,84,6,0.3325657829663178
4,174,143,7,0.3332135201338625
4,174,34,8,0.3347480395760368
4,174,131,9,0.3698986347636336
4,174,68,10,0.37010978101098585
4,174,52,11,0.37530820667819137
4,174,136,12,0.3866280512327062
4,174,11,13,0.3882734217017694
4,174,16,14,0.39180671255097194
4,174,111,15,0.42320946350477556
4,174,87,16,0.4281646879414509
4,174,94,17,0.44369189760463273
4,174,30,18,0.45266571551200996
4,174,13,19,0.45974177534785765
4,174,169,20,0.4600135867558697
4,174,142,21,0.46185766205617945
4,174,43,22,0.4859269492423732
4,174,117,23,0.49795833159010405
4,174,122,24,0.4989301053253854
4,174,116,25,0.5123719352189384
4,174,149,26,0.5161940042270929
4,174,27,27,0.5182482513236296
4,174,106,28,0.5302181154958779
4,174,104,29,0.5357354757713924
4,174,54,30,0.5853898273800119
5,204,48,1,0.11918997441060228
5,204,99,2,0.22228922600971912
5,204,40,3,0.2261774745636709
5,204,134,4,0.24041630560342608
5,204,150,5,0.249712334497117
5,204,122,6,0.2677918968154189
5,204,117,7,0.2770491833592007
5,204,165,8,0.30923292192132446
5,204,159,9,0.3361268361794399
5,204,75,10,0.3480391500966522
5,204,106,11,0.3486581420245338
5,204,13,12,0.37510831768970426
5,204,59,13,0.39612182469538343
5,204,136,14,0.3995309750194595
5,204,155,15,0.405624518489699
5,204,79,16,0.40586327747161366
5,204,23,17,0.4163607210100395
5,204,87,18,0.4440228034684705
5,204,179,19,0.45777996898073214
5,204,119,20,0.4851030818290068
5,204,30,21,0.49604687278522397
5,204,52,22,0.5204325124355703
5,204,104,23,0.5272866867274387
5,204,171,24,0.5345851195085775
5,204,142,25,0.5425
5,204,194,26,0.5457391776297539
5,204,73,27,0.5637375275782163
5,204,200,28,0.6163247926215528
5,204,143,29,0.6257994886543135
5,204,109,30,0.6518291570649476
6,207,57,1,0.17902513789968144
6,207,197,2,0.21731313812100728
6,207,191,3,0.2229349680960795
6,207,182,4,0.2434260668046871
6,207,8,5,0.2528957295013104
6,207,162,6,0.2654359621452979
6,207,72,7,0.2741464024932664
6,207,186,8,0.2916333314283537
6,207,103,9,0.3559582138397708
6,207,154,10,0.3687309317103732
6,207,4,11,0.3700337822415679
6,207,100,12,0.3746081285823895
6,207,86,13,0.41214378558944686
6,207,18,14,0.48492911853177056
6,207,180,15,0.5116211977625635
6,207,148,16,0.5223145603944045
6,207,160,17,0.5283523918749681
6,207,39,18,0.5338831801059104
6,207,65,19,0.5349824763485249
6,207,139,20,0.5770723524827714
6,207,113,21,0.6437099502104965
6,207,158,22,0.7421674339392696
6,207,137,23,0.7773351915358006
6,207,62,24,0.8012802256389459
6,207,93,25,0.8159082362618972
6,207,118,26,0.8159541960183795
6,207,10,27,0.8306811963683781
6,207,49,28,0.833854004007896
6,207,43,29,0.8551352232249588
6,207,129,30,0.8603959844164778
7,229,217,1,0.23115200626427612
7,229,195,2,0.2458912361187359
7,229,107,3,0.32015621187164234
7,229,31,4,0.333513492980419
7,229,210,5,0.33453325694166797
7,229,118,6,0.374849969987994
7,229,185,7,0.3882734217017693
7,229,41,8,0.391551401478784
7,229,24,9,0.3929774166539343
7,229,137,10,0.40392604521124914
7,229,156,11,0.41389159208662357
7,229,157,12,0.42652666974059184
7,229,166,13,0.4337337893224368
7,229,97,14,0.43563889863050564
7,229,167,15,0.44335369627420484
7,229,76,16,0.4435721474574344
7,229,152,17,0.45149750829877244
7,229,124,18,0.45202322949158275
7,229,172,19,0.4540512085657298
7,229,77,20,0.46204031209408547
7,229,205,21,0.48133278508740707
7,229,95,22,0.4831278298752824
7,229,14,23,0.4978076937934968
7,229,160,24,0.49840997181035634
7,229,212,25,0.5077031613058954
7,229,180,26,0.5086501744814407
7,229,100,27,0.5099019513592785
7,229,158,28,0.5142044826720203
7,229,25,29,0.5147086554547144
7,229,177,30,0.5431677917549972
8,232,66,1,0.18671502349837824
8,232,123,2,0.23521266972678156
8,232,35,3,0.24470645680079628
8,232,230,4,0.2608280084653485
8,232,177,5,0.2616533966911187
8,232,211,6,0.2741464024932664
8,232,101,7,0.28531780526283324
8,232,198,8,0.29803523281652455
8,232,5,9,0.338563140344604
8,232,231,10,0.3617492225285356
8,232,96,11,0.3699070829275914
8,232,19,12,0.38481326640332963
8,232,14,13,0.39402569713154495
8,232,192,14,0.407982842776507
8,232,25,15,0.40976365138943205
8,232,41,16,0.4184271143221959
8,232,95,17,0.42624083567861015
8,232,127,18,0.4311104846788116
8,232,151,19,0.4613702417798529
8,232,77,20,0.4623040125285523
8,232,172,21,0.46736629103947996
8,232,76,22,0.47467093865118803
8,232,223,23,0.4802603460624248
8,232,73,24,0.4945326076205695
8,232,55,25,0.5014479035752368
8,232,107,26,0.5027486946775694
8,232,166,27,0.5074507365252315
8,232,189,28,0.5170348150753488
8,232,188,29,0.5231873469418007
8,232,124,30,0.5246486919835024
9,234,145,1,0.10398317171542709
9,234,94,2,0.17324116139070408
9,234,176,3,0.24052026941611385
9,234,34,4,0.25885565475762745
9,234,16,5,0.26155783299301133
9,234,84,6,0.2980352328165245
9,234,70,7,0.29885197004537206
9,234,62,8,0.3319732669960039
9,234,111,9,0.33242480352705317
9,234,131,10,0.33778691508109066
9,234,200,11,0.35966998762754715
9,234,37,12,0.38106757930844765
9,234,143,13,0.40835799245270055
9,234,174,14,0.42086221023037923
9,234,126,15,0.45127596878185305
9,234,43,16,0.45961940777125593
9,234,179,17,0.5062669750240478
9,234,68,18,0.5213504099931254
9,234,216,19,0.5250773752505433
9,234,113,20,0.5439726555627591
9,234,136,21,0.5742876021646297
9,234,30,22,0.58322915736441
9,234,171,23,0.5907833782360501
9,234,52,24,0.5987747907185137
9,234,11,25,0.6275597581107316
9,234,18,26,0.6410245705119267
9,234,65,27,0.6546945852838558
9,234,27,28,0.6775
9,234,139,29,0.6892069718161592
9,234,13,30,0.7384527743870963
10,250,10,1,0.12592160259463026
10,250,243,2,0.13138683343470914
10,250,39,3,0.20385350131896188
10,250,158,4,0.2320021551624037
10,250,227,5,0.26397206291575637
10,250,148,6,0.2733587386567329
10,250,248,7,0.3199414008845995
10,250,98,8,0.325057687187982
10,250,49,9,0.33264094756959794
10,250,214,10,0.34803915009665226
10,250,160,11,0.3712226420896226
10,250,115,12,0.3758324094593228
10,250,103,13,0.38733867609625566
10,250,137,14,0.4180460500949626
10,250,32,15,0.4349856319466197
10,250,86,16,0.4417295552710957
10,250,180,17,0.45508927695563206
10,250,118,18,0.4823963619265801
10,250,129,19,0.48890822247125276
10,250,212,20,0.4940204955262485
10,250,154,21,0.498121471129282
10,250,93,22,0.5131093937943448
10,250,186,23,0.5206846454429015
10,250,221,24,0.5274526045058457
10,250,100,25,0.53310997927257
10,250,182,26,0.5398900350997415
10,250,80,27,0.5854752343182417
10,250,72,28,0.5896026204148012
10,250,168,29,0.5922678870241066
10,250,185,30,0.5959131648151432
11,257,226,1,0.23240589493384187
11,257,189,2,0.232835779037501
11,257,188,3,0.2526113615813825
11,257,206,4,0.27660892971847445
11,257,3,5,0.2872716484444645
11,257,153,6,0.30968734233093864
11,257,61,7,0.3228002478313795
11,257,2,8,0.33497201375637337
11,257,242,9,0.3419246993125826
11,257,90,10,0.34968736036637055
11,257,64,11,0.3504639781775012
11,257,29,12,0.3734300469967568
11,257,190,13,0.38737901337062625
11,257,92,14,0.40869456810679516
11,257,151,15,0.40966449687518686
11,257,91,16,0.4111265012134342
11,257,236,17,0.41367257583746114
11,257,147,18,0.4157598465460558
11,257,110,19,0.41976183723630717
11,257,130,20,0.420119030752
11,257,14,21,0.4304430856687095
11,257,7,22,0.44204779153390183
11,257,28,23,0.4497012897468719
11,257,205,24,0.4523411323326676
11,257,225,25,0.45915683595041895
11,257,123,26,0.4601222663597144
11,257,211,27,0.46122798050421876
11,257,81,28,0.4640312489477406
11,257,157,29,0.4659734434493021
11,257,221,30,0.4739527930079111
12,314,218,1,0.1975632810013035
12,314,132,2,0.2100595153760001
12,314,42,3,0.21698214212234154
12,314,105,4,0.21721245360245808
12,314,120,5,0.2325134404717284
12,314,67,6,0.23624669309854904
12,314,108,7,0.24501275477003226
12,314,178,8,0.28702134066999274
12,314,274,9,0.30080101396105685
12,314,144,10,0.3119495151462814
12,314,140,11,0.31373754955376315
12,314,36,12,0.31642534664593486
12,314,74,13,0.3196286908273412
12,314,53,14,0.3223449239556907
12,314,125,15,0.32466328711451187
12,314,60,16,0.34141250709369164
12,314,201,17,0.35218070645621674
12,314,238,18,0.3564845718961761
12,314,233,19,0.41089080057845057
12,314,80,20,0.4307696600272586
12,314,15,21,0.43156691254080176
12,314,26,22,0.43474130238568315
12,314,112,23,0.4453229165448372
12,314,173,24,0.45352094769701645
12,314,135,25,0.45405120856572995
12,314,285,26,0.4542163581378372
12,314,69,27,0.46266888808304374
12,314,32,28,0.47971997039939857
12,314,20,29,0.5027486946775696
12,314,164,30,0.5085518655948476
13,332,105,1,0.20774082410542224
13,332,118,2,0.22671568097509257
13,332,137,3,0.2994265352302632
13,332,53,4,0.3033665274877899
13,332,132,5,0.32190837205639733
13,332,329,6,0.34078035448071237
13,332,32,7,0.3467077299397866
13,332,274,8,0.3467077299397867
13,332,212,9,0.3477427209878015
13,332,120,10,0.3623706665832654
13,332,240,11,0.383161193233344
13,332,314,12,0.39274673773310964
13,332,78,13,0.4035003097892243
13,332,265,14,0.4038873605350876
13,332,214,15,0.4081206929328627
13,332,195,16,0.4159927883990298
13,332,280,17,0.421337157155644
13,332,201,18,0.4219078690899235
13,332,321,19,0.4268782027698299
13,332,80,20,0.42902505754326287
13,332,158,21,0.4304430856687094
13,332,172,22,0.44813502429513363
13,332,74,23,0.46347869422444865
13,332,292,24,0.46948109653105313
13,332,290,25,0.4704386251149027
13,332,107,26,0.47123507933938874
13,332,108,27,0.4739791662088113
13,332,229,28,0.4799088455113116
13,332,15,29,0.48414873747640813
13,332,98,30,0.4889337889735173
14,401,248,1,0.1251499101078384
14,401,243,2,0.13715866724345188
14,401,377,3,0.13874436925511593
14,401,49,4,0.1769887002042788
14,401,369,5,0.18788294228055932
14,401,250,6,0.24520399670478446
14,401,158,7,0.25622255950637907
14,401,297,8,0.27704918335920065
14,401,39,9,0.29386433944934504
14,401,262,10,0.29560319687039943
14,401,115,11,0.3118092365533775
14,401,260,12,0.31482137792723025
14,401,10,13,0.3150495992697022
14,401,271,14,0.3165142176901379
14,401,227,15,0.32280992859576046
14,401,280,16,0.33321352013386235
14,401,180,17,0.33849852289190263
14,401,137,18,0.35314657013766954
14,401,148,19,0.3651027252705735
14,401,103,20,0.37769862324345316
14,401,214,21,0.37769862324345327
14,401,98,22,0.4021349276051509
14,401,265,23,0.40476073179101746
14,401,86,24,0.4242640687119284
14,401,391,25,0.4279967873711203
14,401,212,26,0.4295419071522593
14,401,160,27,0.4362983497562189
14,401,32,28,0.4475069831857377
14,401,290,29,0.4502568711302471
14,401,118,30,0.45804612213182205
15,424,372,1,0.16389783403083763
15,424,131,2,0.2888771365130859
15,424,384,3,0.3625000000000001
15,424,176,4,0.3737646318206152
15,424,237,5,0.3818458458592943
15,424,143,6,0.39494461637044764
15,424,396,7,0.40350030978922447
15,424,242,8,0.40759201415140606
15,424,306,9,0.4220189569201839
15,424,284,10,0.42326853178567386
15,424,319,11,0.4239177396618359
15,424,364,12,0.4286971541776315
15,424,296,13,0.43481317827315213
15,424,124,14,0.4459260028300658
15,424,211,15,0.4566316896580875
15,424,363,16,0.46790089762683723
15,424,343,17,0.4684615779335589
15,424,30,18,0.472526454285895
15,424,65,19,0.47257274572281455
15,424,52,20,0.483121361564566
15,424,111,21,0.48629337852781834
15,424,64,22,0.48655035710602457
15,424,25,23,0.48749358970144413
15,424,412,24,0.4898086361018965
15,424,76,25,0.49204293511847114
15,424,189,26,0.4996811483336148
15,424,216,27,0.500281170942901
15,424,41,28,0.5047895601139153
15,424,188,29,0.5091966712381376
15,424,259,30,0.5116211977625634
16,496,308,1,0.1039831717154271
16,496,264,2,0.13138683343470942
16,496,157,3,0.14705441169852754
16,496,97,4,0.14901761640826225
16,496,423,5,0.14901761640826225
16,496,185,6,0.1517605021077619
16,496,279,7,0.1900657780874823
16,496,31,8,0.20774082410542244
16,496,307,9,0.2292651303622074
16,496,153,10,0.22926513036220753
16,496,205,11,0.23655073451587513
16,496,14,12,0.24589123611873603
16,496,152,13,0.2469817807045695
16,496,107,14,0.2502998202156766
16,496,190,15,0.2546198146256494
16,496,210,16,0.27697021500515195
16,496,156,17,0.2843083713153732
16,496,485,18,0.28728252644391716
16,496,472,19,0.28828154640906184
16,496,493,20,0.2965847265116665
16,496,167,21,0.30159990053048746
16,496,247,22,0.30175528164391746
16,496,446,23,0.30233466556119565
16,496,494,24,0.30336652748779014
16,496,469,25,0.3094551663811738
16,496,24,26,0.3125799897626205
16,496,342,27,0.31420534686729973
16,496,292,28,0.31436443819236287
16,496,386,29,0.3174212500762984
16,496,240,30,0.3206243908376279
17,569,213,1,0.0939414711402798
17,569,464,2,0.12494998999599817
17,569,59,3,0.13138683343470905
17,569,159,4,0.18077956189790934
17,569,445,5,0.19171919570037835
17,569,150,6,0.19171919570037857
17,569,73,7,0.1962141687034858
17,569,155,8,0.19756328100130358
17,569,119,9,0.20621590627301276
17,569,79,10,0.2136000936329382
17,569,350,11,0.2328357790375012
17,569,542,12,0.24785328321408215
17,569,437,13,0.2610076627227639
17,569,328,14,0.26698548649692544
17,569,106,15,0.27984370637911454
17,569,104,16,0.2842204250225518
17,569,338,17,0.28988144128246635
17,569,13,18,0.2913009612067905
17,569,278,19,0.29312966414199715
17,569,376,20,0.2938643394493453
17,569,263,21,0.29386433944934537
17,569,352,22,0.3036136525257059
17,569,220,23,0.31180923655337733
17,569,48,24,0.31273990791071127
17,569,498,25,0.314364438192363
17,569,402,26,0.32451887464367934
17,569,117,27,0.32772892762159417
17,569,194,28,0.33118159671092834
17,569,400,29,0.34041335167704584
17,569,556,30,0.3457238782612506
18,653,2,1,0.15176050210776187
18,653,632,2,0.15366359360629306
18,653,259,3,0.15508062419270816
18,653,548,4,0.16211492836873467
18,653,353,5,0.16885644790768276
18,653,242,6,0.1699999999999999
18,653,362,7,0.19976548750972964
18,653,546,8,0.20348525745124627
18,653,268,9,0.21462176031334743
18,653,361,10,0.22052494190000363
18,653,296,11,0.25914522955285124
18,653,64,12,0.26769852446362113
18,653,624,13,0.27067046384856974
18,653,363,14,0.27067046384856996
18,653,492,15,0.27414640249326644
18,653,427,16,0.28284271247461895
18,653,383,17,0.2853178052628331
18,653,428,18,0.28727164844446446
18,653,7,19,0.2950105930301486
18,653,3,20,0.2963317397782424
18,653,364,21,0.31941352507368864
18,653,357,22,0.32682181689721995
18,653,130,23,0.32682181689721995
18,653,295,24,0.3361268361794398
18,653,189,25,0.33778691508109066
18,653,595,26,0.3397793401606401
18,653,89,27,0.34141250709369153
18,653,367,28,0.34185157597998567
18,653,225,29,0.34360224097057324
18,653,147,30,0.3576398327927132
19,748,642,1,0.06642665127793211
19,748,726,2,0.09394147114027976
19,748,152,3,0.11589326986499271
19,748,366,4,0.12572290960680158
19,748,493,5,0.14656483207099863
19,748,205,6,0.16015617378046973
19,748,734,7,0.17779904386694545
19,748,368,8,0.1807795618979092
19,748,221,9,0.1917191957003784
19,748,210,10,0.20971707131275705
19,748,279,11,0.21143852534483878
19,748,185,12,0.21213203435596445
19,748,264,13,0.21721245360245808
19,748,129,14,0.22086477763554785
19,748,545,15,0.22086477763554788
19,748,659,16,0.22228922600971912
19,748,91,17,0.23251344047172837
19,748,342,18,0.23623346502983025
19,748,31,19,0.24212600025606518
19,748,156,20,0.2493240862812898
19,748,539,21,0.2577426041615939
19,748,190,22,0.25811818998280617
19,748,742,23,0.26100766272276377
19,748,343,24,0.2618444194555232
19,748,90,25,0.26505895570608434
19,748,225,26,0.2738840995749845
19,748,206,27,0.27861263431510064
19,748,618,28,0.27984370637911443
19,748,92,29,0.2872825264439172
19,748,294,30,0.29853810477056364
20,788,733,1,0.10398317171542709
20,788,128,2,0.10965856099730649
20,788,554,3,0.14705441169852737
20,788,747,4,0.15176050210776185
20,788,770,5,0.15461646096066253
20,788,56,6,0.17862320677896235
20,788,731,7,0.18671502349837849
20,788,652,8,0.1976897822346923
20,788,6,9,0.19915446266654432
20,788,356,10,0.20229928324143912
20,788,404,11,0.20348525745124632
20,788,311,12,0.2146217603133478
20,788,431,13,0.21931712199461312
20,788,670,14,0.22118996360594667
20,788,715,15,0.22606691487256603
20,788,507,16,0.2280898945591409
20,788,609,17,0.22915606036061978
20,788,38,18,0.2302172886644268
20,788,565,19,0.23178653972998514
20,788,415,20,0.24698178070456947
20,788,161,21,0.25471798130481477
20,788,662,22,0.2581181899828061
20,788,612,23,0.2589522156692235
20,788,691,24,0.2657066051117285
20,788,224,25,0.2738840995749842
20,788,736,26,0.27669929526473314
20,788,468,27,0.277308492477241
20,788,187,28,0.2798325392087202
20,788,267,29,0.27984370637911427
20,788,580,30,0.2913009612067905
21,803,176,1,0.13138683343470917
21,803,234,2,0.1485345077751295
21,803,474,3,0.14901761640826217
21,803,673,4,0.15366359360629298
21,803,478,5,0.16682700620702867
21,803,145,6,0.19397164741270834
21,803,313,7,0.20313173065771864
21,803,384,8,0.20947851918514204
21,803,131,9,0.22585946958230463
21,803,521,10,0.22638462845343546
21,803,615,11,0.23919134599729977
21,803,626,12,0.24669059568617527
21,803,483,13,0.24785328321408223
21,803,535,14,0.2586745058949567
21,803,692,15,0.27748873851023215
21,803,94,16,0.28727164844446457
21,803,111,17,0.28828154640906173
21,803,62,18,0.2922862466829392
21,803,591,19,0.3003851694075459
21,803,796,20,0.30694054798934595
21,803,16,21,0.3073271872125862
21,803,518,22,0.31249999999999994
21,803,34,23,0.3159608361806887
21,803,372,24,0.33052987762076813
21,803,380,25,0.3332135201338626
21,803,70,26,0.34989284073841814
21,803,719,27,0.3505174746000546
21,803,412,28,0.3545772130298281
21,803,143,29,0.3600781165247341
21,803,284,30,0.3600781165247341
22,815,59,1,0.06642665127793192
22,815,445,2,0.08385254915624211
22,815,119,3,0.10965856099730655
22,815,569,4,0.11335784048754628
22,815,664,5,0.14100088652203574
22,815,464,6,0.14853450777512958
22,815,213,7,0.17240939649566664
22,815,73,8,0.17902513789968152
22,815,328,9,0.1915887522794592
22,815,79,10,0.19397164741270825
22,815,150,11,0.20194368026754397
22,815,350,12,0.22228922600971923
22,815,106,13,0.2258594695823047
22,815,155,14,0.22606691487256617
22,815,686,15,0.2293605240663702
22,815,104,16,0.23292971042784547
22,815,194,17,0.2364450253230125
22,815,774,18,0.24999999999999994
22,815,599,19,0.2502998202156766
22,815,338,20,0.25279685520195844
22,815,159,21,0.2530933622203475
22,815,542,22,0.2651532575700326
22,815,811,23,0.2872825264439172
22,815,263,24,0.30336652748779
22,815,117,25,0.3062372446323276
22,815,13,26,0.30867661071095104
22,815,711,27,0.31373754955376326
22,815,437,28,0.319100297712177
22,815,402,29,0.3196286908273412
22,815,378,30,0.33474803957603705
23,830,341,1,0.05482928049865328
23,830,404,2,0.12260199835239224
23,830,468,3,0.1328533025558642
23,830,187,4,0.15710267343364978
23,830,554,5,0.19397164741270823
23,830,636,6,0.19608671551127574
23,830,441,7,0.2031317306577187
23,830,507,8,0.2062159062730127
23,830,181,9,0.20971707131275688
23,830,305,10,0.23501329749612046
23,830,9,11,0.25029982021567654
23,830,209,12,0.2534758371127316
23,830,114,13,0.2709474118717506
23,830,793,14,0.27704918335920065
23,830,736,15,0.27984370637911427
23,830,652,16,0.28010042841809424
23,830,790,17,0.2872716484444644
23,830,138,18,0.2911400006869546
23,830,415,19,0.2970690155502588
23,830,256,20,0.29926994503290827
23,830,715,21,0.30080101396105696
23,830,788,22,0.30207614933986426
23,830,662,23,0.3035210042155239
23,830,38,24,0.31024184114977127
23,830,224,25,0.3122699152976475
23,830,431,26,0.31280984639234105
23,830,360,27,0.31941352507368875
23,830,184,28,0.327728927621594
23,830,601,29,0.32772892762159406
23,830,56,30,0.34968736036637077
24,857,38,1,0.11918997441060225
24,857,770,2,0.12514991010783813
24,857,691,3,0.1257229096068016
24,857,790,4,0.14372282351804816
24,857,415,5,0.14901761640826244
24,857,580,6,0.16
24,857,491,7,0.16492422502470638
24,857,836,8,0.18064121899500124
24,857,802,9,0.18291049723840339
24,857,311,10,0.19768978223469205
24,857,196,11,0.2154065922853802
24,857,17,12,0.23115200626427626
24,857,788,13,0.24342606680468723
24,857,431,14,0.25279685520195855
24,857,102,15,0.26386549603917525
24,857,733,16,0.26397206291575614
24,857,751,17,0.27093587802282665
24,857,612,18,0.272992673894374
24,857,747,19,0.2775788176356402
24,857,715,20,0.2795755711788853
24,857,593,21,0.28112497220986965
24,857,652,22,0.29163333142835374
24,857,609,23,0.3008841139043403
24,857,128,24,0.3062372446323274
24,857,601,25,0.3144240766862487
24,857,731,26,0.32772892762159406
24,857,838,27,0.32979160086333287
24,857,356,28,0.3326503419508238
24,857,670,29,0.339788537181583
24,857,453,30,0.3403399036257723
25,881,822,1,0.06642665127793201
25,881,307,2,0.1408234710550766
25,881,24,3,0.14304719500919966
25,881,97,4,0.1485345077751295
25,881,167,5,0.16433578429544787
25,881,423,6,0.16870832818802992
25,881,157,7,0.19158875227945912
25,881,539,8,0.19171919570037824
25,881,496,9,0.19976548750972975
25,881,446,10,0.20325476624177846
25,881,31,11,0.21587033144922893
25,881,292,12,0.21898915498261554
25,881,107,13,0.22052494190000366
25,881,524,14,0.22638462845343535
25,881,538,15,0.22989127865145292
25,881,217,16,0.2302172886644267
25,881,264,17,0.23147624068141423
25,881,827,18,0.23592901474808045
25,881,816,19,0.23623346502983011
25,881,185,20,0.23879907872519102
25,881,817,21,0.24301491723760485
25,881,485,22,0.24589123611873598
25,881,666,23,0.2493240862812896
25,881,308,24,0.24971233449711683
25,881,741,25,0.2534758371127315
25,881,536,26,0.26397206291575626
25,881,77,27,0.26405491853021784
25,881,818,28,0.26553013011709226
25,881,874,29,0.2665168850185668
25,881,279,30,0.2669854864969254
26,883,451,1,0.1226019983523921
26,883,387,2,0.16211492836873465
26,883,668,3,0.18553975315279475
26,883,344,4,0.190065778087482
26,883,855,5,0.19158875227945937
26,883,290,6,0.1975632810013035
26,883,487,7,0.22228922600971912
26,883,497,8,0.22617747456367104
26,883,160,9,0.24971233449711705
26,883,323,10,0.25279685520195866
26,883,265,11,0.25783958191092393
26,883,735,12,0.26580067720004047
26,883,118,13,0.2815692632373072
26,883,180,14,0.2853178052628333
26,883,540,15,0.2933641082341192
26,883,280,16,0.3008010139610571
26,883,429,17,0.30758129006817053
26,883,820,18,0.3185612186064085
26,883,645,19,0.32070235421649174
26,883,695,20,0.3210626885827751
26,883,681,21,0.3214517848760526
26,883,829,22,0.32346754087543317
26,883,137,23,0.33264094756959783
26,883,403,24,0.34613039450473
26,883,438,25,0.347598906787694
26,883,186,26,0.34935655139126864
26,883,405,27,0.36695537875878054
26,883,158,28,0.36873093171037347
26,883,271,29,0.3792179452504852
26,883,416,30,0.379621522045313
27,907,239,1,0.1328533025558642
27,907,873,2,0.14853450777512944
27,907,136,3,0.1825171224844398
27,907,216,4,0.18251712248443985
27,907,322,5,0.1917191957003784
27,907,851,6,0.19608671551127577
27,907,392,7,0.1975632810013036
27,907,844,8,0.2031317306577188
27,907,412,9,0.2073794830739049
27,907,179,10,0.21587033144922893
27,907,656,11,0.2168668946612184
27,907,200,12,0.21898915498261545
27,907,84,13,0.22617747456367085
27,907,764,14,0.24342606680468715
27,907,380,15,0.24578954412260912
27,907,888,16,0.24618336661927426
27,907,880,17,0.25347583711273153
27,907,143,18,0.25546526182633916
27,907,273,19,0.2591452295528513
27,907,833,20,0.2695946030617083
27,907,245,21,0.2754655150831043
27,907,52,22,0.27984370637911443
27,907,591,23,0.28583211855912904
27,907,523,24,0.2882923863025176
27,907,859,25,0.292788319439147
27,907,876,26,0.29378989090845187
27,907,70,27,0.29501059303014865
27,907,171,28,0.29942653523026314
27,907,458,29,0.3066961036596324
27,907,483,30,0.319628690827341
28,974,873,1,0.15955014885608845
28,974,458,2,0.16211492836873476
28,974,410,3,0.16255768207008855
28,974,418,4,0.17338540884399697
28,974,23,5,0.18658108157045292
28,974,907,6,0.20348525745124627
28,974,934,7,0.2077408241054222
28,974,273,8,0.21109831832584536
28,974,630,9,0.21326333487029592
28,974,75,10,0.21473821271492405
28,974,136,11,0.22617747456367082
28,974,165,12,0.22617747456367096
28,974,943,13,0.232405894933842
28,974,245,14,0.23251344047172834
28,974,844,15,0.23292971042784544
28,974,888,16,0.23919134599729977
28,974,937,17,0.24669059568617513
28,974,392,18,0.27067046384856985
28,974,239,19,0.28112497220986965
28,974,322,20,0.2825110617303329
28,974,859,21,0.28422042502255174
28,974,87,22,0.29154759474226505
28,974,901,23,0.30088411390434017
28,974,99,24,0.31528756715100575
28,974,523,25,0.31528756715100587
28,974,764,26,0.32422985673746946
28,974,876,27,0.3252787266330216
28,974,880,28,0.32639125294652127
28,974,228,29,0.3272709122424417
28,974,179,30,0.3347480395760368
29,992,100,1,0.06642665127793211
29,992,787,2,0.1167261752992877
29,992,600,3,0.1257229096068017
29,992,929,4,0.14372282351804808
29,992,910,5,0.20808652046684792
29,992,820,6,0.20808652046684809
29,992,323,7,0.21005951537599984
29,992,989,8,0.23178653972998503
29,992,103,9,0.23283577903750108
29,992,186,10,0.23292971042784563
29,992,927,11,0.23858960580880312
29,992,814,12,0.24372115213907886
29,992,639,13,0.2527968552019586
29,992,706,14,0.2651532575700326
29,992,855,15,0.26542418879973984
29,992,660,16,0.2695018552811834
29,992,346,17,0.2711318867267368
29,992,403,18,0.2738840995749845
29,992,695,19,0.2762697956708261
29,992,735,20,0.27704918335920053
29,992,607,21,0.27731976128649777
29,992,829,22,0.27748873851023215
29,992,668,23,0.2855805490575294
29,992,429,24,0.2959940877787932
29,992,180,25,0.29633173977824245
29,992,160,26,0.2970690155502588
29,992,663,27,0.3036856927812044
29,992,290,28,0.3122699152976474
29,992,924,29,0.31349840509961135
29,992,438,30,0.3137375495537632
