test_number,test_batch,output,anchor_index,time,observed,true,predicted,posterior_std,error,abs_error
1,36,Cb,0,0.0,True,1.4450617316555576,1.4443949969551757,0.0038125891604193574,-0.0006667347003819213,0.0006667347003819213
1,36,Cb,1,10.0,True,1.4082513819661944,1.4072304737377825,0.003566878248129621,-0.001020908228411832,0.001020908228411832
1,36,Cb,2,20.0,True,1.3667515578001077,1.370058540810298,0.00345322172636348,0.0033069830101903896,0.0033069830101903896
1,36,Cb,3,30.0,True,1.3282754586893564,1.3243518555776512,0.0034234370073827902,-0.003923603111705143,0.003923603111705143
1,36,Cb,4,50.0,True,1.2591510922163172,1.2592533607045224,0.0034073388406850626,0.00010226848820527046,0.00010226848820527046
1,36,Cb,5,80.0,True,1.171537980435175,1.1737983226999649,0.003407577000816802,0.002260342264789772,0.002260342264789772
1,36,Cb,6,120.0,True,1.0780751087565934,1.0762568929402665,0.0034057434525984693,-0.0018182158163269069,0.0018182158163269069
1,36,Cb,7,180.0,True,0.9746164671783638,0.9761711650042053,0.0037030232275327038,0.0015546978258415,0.0015546978258415
1,36,Cb,8,260.0,False,0.8833967057075364,0.883010329223022,0.00502068124191961,-0.00038637648451433915,0.00038637648451433915
1,36,Cb,9,360.0,False,0.8157834101957159,0.8083390885680274,0.00678455644546753,-0.007444321627688488,0.007444321627688488
1,36,Cb,10,500.0,False,0.7680310296481485,0.7596175370648751,0.008117212151835926,-0.008413492583273396,0.008413492583273396
1,36,Cb,11,700.0,False,0.7419155003488204,0.7321108908497,0.009185094061779558,-0.00980460949912032,0.00980460949912032
1,36,Cb,12,830.0,False,0.7356688658488936,0.7143405335368433,0.014333719917716599,-0.021328332312050224,0.021328332312050224
1,36,T,0,0.0,True,695.9451449794409,695.923523969549,0.27409848966030576,-0.021621009891873655,0.021621009891873655
1,36,T,1,10.0,True,699.8321656793098,699.8546969248459,0.2654643831316922,0.022531245536129063,0.022531245536129063
1,36,T,2,20.0,True,693.7555098120117,693.7450241630187,0.26138471620206394,-0.010485648993039831,0.010485648993039831
1,36,T,3,30.0,True,690.0350044287951,690.0411231233998,0.2599042589207139,0.006118694604651864,0.006118694604651864
1,36,T,4,50.0,True,686.9049845886813,686.9389309324536,0.2589091652949299,0.03394634377229977,0.03394634377229977
1,36,T,5,80.0,True,687.1837207688768,687.1182529649218,0.25857959068180625,-0.06546780395501628,0.06546780395501628
1,36,T,6,120.0,True,690.007461573011,690.0614632139703,0.2629764395665186,0.05400164095931359,0.05400164095931359
1,36,T,7,180.0,True,693.9438278096007,693.9539972213951,0.2737175270414917,0.010169411794322514,0.010169411794322514
1,36,T,8,260.0,False,697.217226632034,695.6287576954168,0.7970016236452967,-1.5884689366172324,1.5884689366172324
1,36,T,9,360.0,False,699.3929059648025,696.2426066659372,1.4794233136399417,-3.1502992988653205,3.1502992988653205
1,36,T,10,500.0,False,700.8349548656188,698.3334605785294,1.8793220062658273,-2.501494287089372,2.501494287089372
1,36,T,11,700.0,False,701.6323389879722,700.1720407087969,2.0368023561775357,-1.4602982791752765,1.4602982791752765
1,36,T,12,830.0,False,701.838285420252,699.0422810471161,3.301023199719107,-2.7960043731358155,2.7960043731358155
2,65,Cb,0,0.0,True,0.928380477330194,0.9289155027761938,0.0028100883635400636,0.0005350254459998149,0.0005350254459998149
2,65,Cb,1,10.0,True,0.9177888463864876,0.9176317452797543,0.0025896934172520494,-0.0001571011067332817,0.0001571011067332817
2,65,Cb,2,20.0,True,0.911790366189227,0.9109179945711112,0.002529547931029238,-0.0008723716181158192,0.0008723716181158192
2,65,Cb,3,30.0,True,0.9123060710535918,0.9123341213611021,0.0025085544431820237,2.805030751029669e-05,2.805030751029669e-05
2,65,Cb,4,50.0,True,0.9263385613259252,0.9274846332005631,0.002502067533127258,0.0011460718746378884,0.0011460718746378884
2,65,Cb,5,80.0,True,0.9633013141565976,0.9626521133187449,0.0025018907158694025,-0.0006492008378526926,0.0006492008378526926
2,65,Cb,6,120.0,True,1.0206073736969858,1.021724582176039,0.0025081570240955272,0.0011172084790531667,0.0011172084790531667
2,65,Cb,7,180.0,True,1.1031896320082817,1.1025322537565727,0.0027467319478096173,-0.0006573782517089732,0.0006573782517089732
2,65,Cb,8,260.0,False,1.195389449725166,1.1954330807467182,0.0036020527622459032,4.3631021552137383e-05,4.3631021552137383e-05
2,65,Cb,9,360.0,False,1.2806120682948794,1.285739822645105,0.004850672137536426,0.0051277543502255,0.0051277543502255
2,65,Cb,10,500.0,False,1.35591091934599,1.358841555840093,0.006057302266225192,0.0029306364941030782,0.0029306364941030782
2,65,Cb,11,700.0,False,1.4089469618365298,1.4058660625618198,0.007172496262882033,-0.003080899274710003,0.003080899274710003
2,65,Cb,12,900.0,False,1.430494630808003,1.4272569650943492,0.008760804541416036,-0.0032376657136539144,0.0032376657136539144
2,65,Cb,13,978.0,False,1.434764070417489,1.4306881497509738,0.012544926246287303,-0.004075920666515298,0.004075920666515298
2,65,T,0,0.0,True,861.6495977187266,861.7720030460142,0.3210727609740001,0.12240532728765174,0.12240532728765174
2,65,T,1,10.0,True,789.9919856784201,789.9899239530824,0.3081593335313545,-0.0020617253376258304,0.0020617253376258304
2,65,T,2,20.0,True,736.3177583107399,736.293780340652,0.3033411100577681,-0.02397797008791258,0.02397797008791258
2,65,T,3,30.0,True,701.7213249792031,701.6416847609587,0.3021867216176086,-0.07964021824443535,0.07964021824443535
2,65,T,4,50.0,True,667.1848414997985,667.2003325231931,0.3016986918433915,0.01549102339458841,0.01549102339458841
2,65,T,5,80.0,True,654.5574845317541,654.6404649545603,0.30138742370892974,0.0829804228062585,0.0829804228062585
2,65,T,6,120.0,True,657.7005256766626,657.6801884526707,0.3055822545561498,-0.020337223991873543,0.020337223991873543
2,65,T,7,180.0,True,666.3040368933222,666.2017786408721,0.3226016040742849,-0.10225825245004216,0.10225825245004216
2,65,T,8,260.0,False,673.6326859199517,674.1829236571004,0.7272349875684049,0.550237737148791,0.550237737148791
2,65,T,9,360.0,False,678.2403228382759,678.828386415658,1.2381676048364647,0.5880635773820586,0.5880635773820586
2,65,T,10,500.0,False,680.9881425341378,680.5001603554776,1.5694835513636967,-0.4879821786601042,0.4879821786601042
2,65,T,11,700.0,False,682.2502605555268,680.4141140695593,1.8403678007056417,-1.836146485967447,1.836146485967447
2,65,T,12,900.0,False,682.5787657846274,679.9819116538237,2.42649431369607,-2.596854130803763,2.596854130803763
2,65,T,13,978.0,False,682.6264049885123,678.924823010823,4.007593892872607,-3.701581977689216,3.701581977689216
3,165,Cb,0,0.0,True,0.587065832239779,0.5870474859940844,0.00046399655477802186,-1.8346245694633723e-05,1.8346245694633723e-05
3,165,Cb,1,10.0,True,0.7398649589425129,0.7398751771318681,0.0004436173603554467,1.0218189355204466e-05,1.0218189355204466e-05
3,165,Cb,2,20.0,True,0.8804783511660397,0.8804821228829879,0.0004382375581407146,3.77171694820877e-06,3.77171694820877e-06
3,165,Cb,3,30.0,True,1.0009700115160032,1.0009669747997683,0.0004363727186647002,-3.0367162349165255e-06,3.0367162349165255e-06
3,165,Cb,4,50.0,True,1.1947418553892204,1.1947993304195546,0.000435556023407735,5.747503033415313e-05,5.747503033415313e-05
3,165,Cb,5,80.0,True,1.3935574906344734,1.3934450614947245,0.00043518022286901796,-0.00011242913974895963,0.00011242913974895963
3,165,Cb,6,120.0,True,1.523388751004563,1.5235705633114722,0.00043777988436533916,0.0001818123069092792,0.0001818123069092792
3,165,Cb,7,180.0,True,1.489731204434687,1.4897233033083306,0.00046096912363020697,-7.901126356513188e-06,7.901126356513188e-06
3,165,Cb,8,260.0,False,1.186658336886636,1.1870898087348352,0.0008569465783976485,0.00043147184819924966,0.00043147184819924966
3,165,Cb,9,360.0,False,0.7780767901665009,0.775955526908066,0.0012572210147427426,-0.002121263258434869,0.002121263258434869
3,165,Cb,10,500.0,False,0.4307556371037561,0.4296141890514924,0.0014278996689505758,-0.0011414480522636827,0.0011414480522636827
3,165,Cb,11,700.0,False,0.2128601208582565,0.21173699843513372,0.0014690111980844426,-0.001123122423122791,0.001123122423122791
3,165,Cb,12,900.0,False,0.1326890167879218,0.1310127912304787,0.0014807828211273934,-0.001676225557443095,0.001676225557443095
3,165,Cb,13,1070.0,False,0.1059734698916582,0.10462932092863075,0.0015356234066762108,-0.0013441489630274528,0.0013441489630274528
3,165,T,0,0.0,True,667.2642210793324,667.2203183506319,0.38583691407437853,-0.04390272870045919,0.04390272870045919
3,165,T,1,10.0,True,815.5998862879287,815.6025843013133,0.37233060619241237,0.0026980133845881937,0.0026980133845881937
3,165,T,2,20.0,True,925.060743031024,925.049758006502,0.36962846961805945,-0.010985024522028652,0.010985024522028652
3,165,T,3,30.0,True,995.3819752342628,995.3869808432255,0.3687222741217063,0.005005608962733277,0.005005608962733277
3,165,T,4,50.0,True,1063.7480400491506,1063.7849730034654,0.36834143155105203,0.03693295431480692,0.03693295431480692
3,165,T,5,80.0,True,1074.4745633846396,1074.5178046125743,0.3682025039455119,0.04324122793468632,0.04324122793468632
3,165,T,6,120.0,True,1023.114847480418,1023.1757148695314,0.3684227076531725,0.060867389113354875,0.060867389113354875
3,165,T,7,180.0,True,906.5316155435012,906.5318507364672,0.38097858415978636,0.0002351929659880625,0.0002351929659880625
3,165,T,8,260.0,False,769.5320817672955,769.6887685931875,0.535173584576907,0.15668682589205218,0.15668682589205218
3,165,T,9,360.0,False,708.8249909365693,707.4012928884989,0.6266403673380176,-1.4236980480703778,1.4236980480703778
3,165,T,10,500.0,False,701.9244345782752,701.962847327174,0.6449928202178484,0.03841274889884971,0.03841274889884971
3,165,T,11,700.0,False,701.7816719582567,701.703948495093,0.6477179163904828,-0.07772346316369294,0.07772346316369294
3,165,T,12,900.0,False,701.7812413657623,701.6824657130925,0.6557065421941634,-0.09877565266981492,0.09877565266981492
3,165,T,13,1070.0,False,701.7812400505123,701.6387446608378,0.6925752033918013,-0.14249538967453645,0.14249538967453645
4,174,Cb,0,0.0,True,0.7409423723773966,0.7408960169505358,0.00032454196200895,-4.635542686082239e-05,4.635542686082239e-05
4,174,Cb,1,10.0,True,0.7850093555597508,0.7850139507610828,0.0003084006273071891,4.595201332002752e-06,4.595201332002752e-06
4,174,Cb,2,20.0,True,0.8297975807926644,0.8297834425147945,0.00030517207914596554,-1.4138277869890636e-05,1.4138277869890636e-05
4,174,Cb,3,30.0,True,0.8716125018984595,0.8716191146642216,0.0003033304739352421,6.612765762081807e-06,6.612765762081807e-06
4,174,Cb,4,50.0,True,0.9472663221724836,0.9472168388742441,0.00030253169592860677,-4.948329823950548e-05,4.948329823950548e-05
4,174,Cb,5,80.0,True,1.0435364780883365,1.0435966063203796,0.0003024406852790009,6.0128232043155094e-05,6.0128232043155094e-05
4,174,Cb,6,120.0,True,1.1454952047873836,1.1454083793549605,0.0003035885096661806,-8.682543242310992e-05,8.682543242310992e-05
4,174,Cb,7,180.0,True,1.2548228052395358,1.2549076470615346,0.000322681389279152,8.484182199874901e-05,8.484182199874901e-05
4,174,Cb,8,260.0,False,1.343531953306723,1.344401129325826,0.0005717570412007056,0.0008691760191030795,0.0008691760191030795
4,174,Cb,9,360.0,False,1.398685746301579,1.4006922099679748,0.0008423165375854874,0.002006463666395897,0.002006463666395897
4,174,Cb,10,500.0,False,1.425117305248083,1.4268965819581676,0.0009973795345751947,0.0017792767100845985,0.0017792767100845985
4,174,Cb,11,700.0,False,1.4283390935401172,1.4292416591074961,0.0011464622090931623,0.0009025655673788879,0.0009025655673788879
4,174,Cb,12,888.0,False,1.4246166840160042,1.4234459016398575,0.0014120521084817301,-0.0011707823761466507,0.0011707823761466507
4,174,T,0,0.0,True,670.7999355617644,670.8092833725865,0.20333121404162222,0.009347810822077918,0.009347810822077918
4,174,T,1,10.0,True,677.2033836670296,677.183715823187,0.1948173244249593,-0.019667843842626098,0.019667843842626098
4,174,T,2,20.0,True,685.3636101424258,685.3476054881672,0.1929707091989713,-0.016004654258608753,0.016004654258608753
4,174,T,3,30.0,True,690.7698628191255,690.7626014045566,0.19226332228275184,-0.007261414568915825,0.007261414568915825
4,174,T,4,50.0,True,696.276319879895,696.2959449472796,0.19196974476379708,0.01962506738459524,0.01962506738459524
4,174,T,5,80.0,True,697.6299590744087,697.6438878853016,0.19190616880942757,0.013928810892934962,0.013928810892934962
4,174,T,6,120.0,True,694.7540700173233,694.6321389970049,0.1920539896439147,-0.12193102031847047,0.12193102031847047
4,174,T,7,180.0,True,688.5604116909175,688.6796397617585,0.20048224626540534,0.11922807084101805,0.11922807084101805
4,174,T,8,260.0,False,681.2878302091179,681.7786585367284,0.28844606452442867,0.4908283276104157,0.4908283276104157
4,174,T,9,360.0,False,674.865069698126,675.016904055573,0.3532637314861274,0.1518343574470009,0.1518343574470009
4,174,T,10,500.0,False,669.8140989424413,669.4757687757486,0.3727731732104054,-0.33833016669268545,0.33833016669268545
4,174,T,11,700.0,False,666.9501794340135,666.658815934657,0.5020146237149546,-0.29136349935652106,0.29136349935652106
4,174,T,12,888.0,False,666.1138117291543,665.9280524424445,0.8462674199019206,-0.1857592867098674,0.1857592867098674
5,204,Cb,0,0.0,True,0.5923346587348178,0.5923565480179778,0.000417837888888209,2.18892831599371e-05,2.18892831599371e-05
5,204,Cb,1,10.0,True,0.7455616408410388,0.7455664240337696,0.0004036769322059022,4.7831927307839806e-06,4.7831927307839806e-06
5,204,Cb,2,20.0,True,0.8851263931829537,0.8851519760772852,0.0003984869714977581,2.558289433152172e-05,2.558289433152172e-05
5,204,Cb,3,30.0,True,1.0034882764583968,1.0034612280257174,0.000396253992620733,-2.7048432679421808e-05,2.7048432679421808e-05
5,204,Cb,4,50.0,True,1.1916291134971944,1.1916635407546878,0.0003952732088345154,3.442725749347453e-05,3.442725749347453e-05
5,204,Cb,5,80.0,True,1.3814889352841304,1.381554172939185,0.00039482762254628237,6.52376550545064e-05,6.52376550545064e-05
5,204,Cb,6,120.0,True,1.501833585149268,1.5018306133069133,0.0003961295718198357,-2.971842354648757e-06,2.971842354648757e-06
5,204,Cb,7,180.0,True,1.4640692812322391,1.4639888678062394,0.00041243574401405827,-8.041342599973689e-05,8.041342599973689e-05
5,204,Cb,8,260.0,False,1.172622139978467,1.172561321092216,0.0007014830179485795,-6.0818886251201576e-05,6.0818886251201576e-05
5,204,Cb,9,360.0,False,0.7744678903366822,0.7743232303420229,0.0009239107856245704,-0.0001446599946592908,0.0001446599946592908
5,204,Cb,10,500.0,False,0.4287032461818953,0.42861967808807044,0.0009838386240050836,-8.356809382487063e-05,8.356809382487063e-05
5,204,Cb,11,700.0,False,0.21085474140926,0.21009391013666845,0.0009963638262338165,-0.00076083127259155,0.00076083127259155
5,204,Cb,12,900.0,False,0.1306839258405863,0.1296864342424464,0.001004421026351157,-0.000997491598139888,0.000997491598139888
5,204,Cb,13,1070.0,False,0.10396837810935,0.10290804543929655,0.0010564119064152163,-0.0010603326700534543,0.0010603326700534543
5,204,T,0,0.0,True,646.1741764431789,646.1652169964932,0.3019378512953652,-0.008959446685707917,0.008959446685707917
5,204,T,1,10.0,True,817.5685198967974,817.5762443415966,0.2942863422116784,0.007724444799237062,0.007724444799237062
5,204,T,2,20.0,True,942.9895625329368,942.9774578484455,0.2922875593508645,-0.012104684491305306,0.012104684491305306
5,204,T,3,30.0,True,1024.2077176371713,1024.2119898030653,0.29147686512089166,0.00427216589400814,0.00427216589400814
5,204,T,4,50.0,True,1105.39546696381,1105.331306343204,0.29116852645538804,-0.06416062060588956,0.06416062060588956
5,204,T,5,80.0,True,1124.48327486213,1124.4771434079294,0.2910483057998403,-0.006131454200613007,0.006131454200613007
5,204,T,6,120.0,True,1077.703815764364,1077.6188088507706,0.29119002375959036,-0.08500691359336088,0.08500691359336088
5,204,T,7,180.0,True,967.1505494813426,966.8722396117607,0.29814468748808576,-0.2783098695819035,0.2783098695819035
5,204,T,8,260.0,False,838.6239337433607,838.9155119622116,0.42086092295538846,0.2915782188508729,0.2915782188508729
5,204,T,9,360.0,False,777.4321428320293,778.1568979001293,0.4739031407529549,0.7247550680999666,0.7247550680999666
5,204,T,10,500.0,False,768.615059751006,768.4502608840393,0.4804309019026476,-0.1647988669667484,0.1647988669667484
5,204,T,11,700.0,False,768.3526860307608,767.9521927653911,0.4822016030347762,-0.4004932653696187,0.4004932653696187
5,204,T,12,900.0,False,768.3514372499976,768.1756710877969,0.48603266392049366,-0.17576616220071628,0.17576616220071628
5,204,T,13,1070.0,False,768.3514339632205,768.084786752113,0.5063722849656713,-0.2666472111075109,0.2666472111075109
6,207,Cb,0,0.0,True,0.5447164308934754,0.5447211193340562,0.0018451856332113643,4.688440580769004e-06,4.688440580769004e-06
6,207,Cb,1,10.0,True,0.5282706810755711,0.5271977175929949,0.0017642905428486458,-0.001072963482576128,0.001072963482576128
6,207,Cb,2,20.0,True,0.5083128525366998,0.5101702052603337,0.0017380194559649168,0.0018573527236339649,0.0018573527236339649
6,207,Cb,3,30.0,True,0.4913321613739444,0.48988353739438506,0.0017276818324966365,-0.0014486239795593603,0.0014486239795593603
6,207,Cb,4,50.0,True,0.4642965446349942,0.4646039707920395,0.0017231027010591183,0.0003074261570453207,0.0003074261570453207
6,207,Cb,5,80.0,True,0.4339768126735848,0.43480938367312727,0.0017230419817963096,0.0008325709995424813,0.0008325709995424813
6,207,Cb,6,120.0,True,0.4035939808653803,0.4024793402262904,0.0017310733542840646,-0.0011146406390898922,0.0011146406390898922
6,207,Cb,7,180.0,True,0.3703241217751688,0.3703011014303682,0.0017538223033873868,-2.302034480061721e-05,2.302034480061721e-05
6,207,Cb,8,260.0,False,0.3404210361130896,0.34114169400652744,0.0017895386827534677,0.0007206578934378371,0.0007206578934378371
6,207,Cb,9,360.0,False,0.3174613231490533,0.31754926461939587,0.0018280161841017458,8.794147034257849e-05,8.794147034257849e-05
6,207,Cb,10,500.0,False,0.300414387461712,0.3010236511366577,0.0018577054029074126,0.0006092636749456815,0.0006092636749456815
6,207,Cb,11,700.0,False,0.2903616211716456,0.29136629141488624,0.0018826261508874999,0.0010046702432406351,0.0010046702432406351
6,207,Cb,12,900.0,False,0.2869047335042723,0.28691083628931374,0.0019114727335315274,6.102785041428582e-06,6.102785041428582e-06
6,207,Cb,13,1052.0,False,0.2858995611071059,0.28613918226186685,0.0020243556410718326,0.00023962115476094947,0.00023962115476094947
6,207,T,0,0.0,True,843.1289140083619,843.1365709447281,0.020585908162427276,0.007656936366174705,0.007656936366174705
6,207,T,1,10.0,True,729.9893592272778,729.9770866117573,0.019818834733936162,-0.012272615520487307,0.012272615520487307
6,207,T,2,20.0,True,629.1817098926592,629.1896361069067,0.01945541628232241,0.007926214247504504,0.007926214247504504
6,207,T,3,30.0,True,555.9595986669691,555.9609263054615,0.019347119147586554,0.0013276384923983642,0.0013276384923983642
6,207,T,4,50.0,True,464.92744345477314,464.9197184134516,0.019312820947470524,-0.007725041321521076,0.007725041321521076
6,207,T,5,80.0,True,402.81127823419126,402.8179538553094,0.019300725963233168,0.006675621118120034,0.006675621118120034
6,207,T,6,120.0,True,375.0671349762397,375.06464788690005,0.019629508724475657,-0.00248708933963826,0.00248708933963826
6,207,T,7,180.0,True,366.1235582838028,366.1276150124204,0.020539840478129325,0.004056728617570116,0.004056728617570116
6,207,T,8,260.0,False,365.05419494005525,365.1043417470715,0.05526005726429649,0.0501468070162332,0.0501468070162332
6,207,T,9,360.0,False,365.27050466075343,365.39850074647063,0.10089918578188146,0.1279960857172,0.1279960857172
6,207,T,10,500.0,False,365.4932346795487,365.69135087170457,0.12778446463607698,0.19811619215585097,0.19811619215585097
6,207,T,11,700.0,False,365.6176084257922,365.8499465527053,0.13697311673902027,0.2323381269131346,0.2323381269131346
6,207,T,12,900.0,False,365.66020431852,365.9119953193933,0.13884585831511406,0.2517910008733111,0.2517910008733111
6,207,T,13,1052.0,False,365.6730598693024,365.9262472344809,0.14034289465367197,0.25318736517851903,0.25318736517851903
7,229,Cb,0,0.0,True,0.0873855655159547,0.0865803831464565,0.00215440026726455,-0.0008051823694981974,0.0008051823694981974
7,229,Cb,1,10.0,True,0.0968294865329394,0.09826415381868148,0.0019266604996544092,0.0014346672857420834,0.0014346672857420834
7,229,Cb,2,20.0,True,0.1179049645841175,0.11562849880162962,0.0018840873461814763,-0.0022764657824878853,0.0022764657824878853
7,229,Cb,3,30.0,True,0.1471271031907779,0.15050109711164927,0.0018641633715122544,0.003373993920871371,0.003373993920871371
7,229,Cb,4,50.0,True,0.2188479632476723,0.2186610915336359,0.0018591702753311579,-0.00018687171403641845,0.00018687171403641845
7,229,Cb,5,80.0,True,0.3360610009139762,0.3320164017044642,0.001859541647046047,-0.004044599209512001,0.004044599209512001
7,229,Cb,6,120.0,True,0.4872523625911555,0.4914313723924293,0.0018702483783686666,0.004179009801273781,0.004179009801273781
7,229,Cb,7,180.0,True,0.6856207437054086,0.6839477246236649,0.002084646213734717,-0.0016730190817436652,0.0016730190817436652
7,229,Cb,8,260.0,False,0.89216332844201,0.8858607177973787,0.0028217192295006727,-0.0063026106446312236,0.0063026106446312236
7,229,Cb,9,360.0,False,1.071360357123556,1.0700992448949158,0.004058681680452213,-0.0012611122286401155,0.0012611122286401155
7,229,Cb,10,500.0,False,1.2197874691413677,1.2144371018306936,0.005517676435271584,-0.005350367310674065,0.005350367310674065
7,229,Cb,11,700.0,False,1.3172177165002346,1.307196218775477,0.007000651286343563,-0.010021497724757467,0.010021497724757467
7,229,Cb,12,900.0,False,1.3542501012732755,1.3488396039439452,0.00860269972484745,-0.005410497329330299,0.005410497329330299
7,229,Cb,13,979.0,False,1.3613763671696242,1.349856501273667,0.011007831647064205,-0.011519865895957215,0.011519865895957215
7,229,T,0,0.0,True,657.1205319846969,657.1948226478304,0.548862181419762,0.0742906631335245,0.0742906631335245
7,229,T,1,10.0,True,642.6674354004745,642.6770224397322,0.5248816700560656,0.009587039257780816,0.009587039257780816
7,229,T,2,20.0,True,629.6785644113011,629.3936430358777,0.5143625915637275,-0.2849213754233233,0.2849213754233233
7,229,T,3,30.0,True,626.2225734636353,626.5171290219746,0.5101901717462861,0.2945555583393116,0.2945555583393116
7,229,T,4,50.0,True,634.5081728511668,634.5187770108447,0.5067393509949725,0.010604159677882308,0.010604159677882308
7,229,T,5,80.0,True,654.1936971214429,654.2945636725633,0.5066520221116682,0.10086655112036169,0.10086655112036169
7,229,T,6,120.0,True,674.3120732630551,674.5001636512192,0.5126428616840625,0.1880903881640279,0.1880903881640279
7,229,T,7,180.0,True,691.4928755593148,691.3668312432973,0.5463907925536011,-0.1260443160175555,0.1260443160175555
7,229,T,8,260.0,False,702.2533838756167,702.0198706115468,1.0423802165713596,-0.23351326406987027,0.23351326406987027
7,229,T,9,360.0,False,707.8753802407349,706.5265225100868,1.6469104911705306,-1.348857730648092,1.348857730648092
7,229,T,10,500.0,False,710.6068794503805,708.2255348474881,1.9854683680594054,-2.381344602892341,2.381344602892341
7,229,T,11,700.0,False,711.5488920484852,708.0964083289468,2.2355615313346577,-3.4524837195383498,3.4524837195383498
7,229,T,12,900.0,False,711.7176931237872,708.0318249980835,2.6908802146592743,-3.685868125703678,3.685868125703678
7,229,T,13,979.0,False,711.7359560696898,710.5202043350141,4.78185486531159,-1.2157517346756777,1.2157517346756777
8,232,Cb,0,0.0,True,1.4128576200232934,1.4124668890345697,0.0018784550651043332,-0.0003907309887236643,0.0003907309887236643
8,232,Cb,1,10.0,True,1.4310943364673063,1.4311532019843036,0.0017399862674863206,5.886551699729736e-05,5.886551699729736e-05
8,232,Cb,2,20.0,True,1.4468014280640766,1.4459781651134056,0.001692873241954992,-0.0008232629506710332,0.0008232629506710332
8,232,Cb,3,30.0,True,1.4567109252510606,1.4572087184327067,0.0016727876265314457,0.0004977931816461112,0.0004977931816461112
8,232,Cb,4,50.0,True,1.464154226086694,1.4638638481670283,0.001666219967930529,-0.00029037791966568527,0.00029037791966568527
8,232,Cb,5,80.0,True,1.4551577078352869,1.4559254833853845,0.0016705240531790144,0.0007677755500976602,0.0007677755500976602
8,232,Cb,6,120.0,True,1.4218441382534424,1.4204474767814506,0.0016727982408446796,-0.0013966614719918002,0.0013966614719918002
8,232,Cb,7,180.0,True,1.3528368362125829,1.3527894736726005,0.0018413064685577354,-4.7362539982387375e-05,4.7362539982387375e-05
8,232,Cb,8,260.0,False,1.2599812783659523,1.2629317179203148,0.00293987923270194,0.0029504395543624717,0.0029504395543624717
8,232,Cb,9,360.0,False,1.1691174889781768,1.1702950038982158,0.004580329363315091,0.0011775149200390356,0.0011775149200390356
8,232,Cb,10,500.0,False,1.0909311626907974,1.0929441939114672,0.005965709595359259,0.0020130312206698697,0.0020130312206698697
8,232,Cb,11,700.0,False,1.0399089926968617,1.04396662133946,0.007207327990939304,0.004057628642598399,0.004057628642598399
8,232,Cb,12,781.0,False,1.029895683304962,1.0294264424797097,0.009895214098594663,-0.0004692408252522373,0.0004692408252522373
8,232,T,0,0.0,True,715.1801214132807,715.1699674278843,0.3070838075186221,-0.0101539853964141,0.0101539853964141
8,232,T,1,10.0,True,738.6169429678661,738.5851534223794,0.2958379946034533,-0.0317895454866175,0.0317895454866175
8,232,T,2,20.0,True,757.1663425639605,757.1371207908401,0.29019963381447306,-0.029221773120411854,0.029221773120411854
8,232,T,3,30.0,True,766.753290570037,766.7155719239016,0.28815748219945925,-0.0377186461354313,0.0377186461354313
8,232,T,4,50.0,True,770.7957250486699,770.8210165377297,0.28718491923687317,0.025291489059895866,0.025291489059895866
8,232,T,5,80.0,True,761.0894948173504,761.1086790199696,0.28678821042318603,0.019184202619157986,0.019184202619157986
8,232,T,6,120.0,True,742.6649001402715,742.3274984988408,0.2899121945317631,-0.33740164143068796,0.33740164143068796
8,232,T,7,180.0,True,721.2318449251684,721.4567650646358,0.3047058086940281,0.22492013946737188,0.22492013946737188
8,232,T,8,260.0,False,706.4984955196313,707.6796597791167,0.6407986428352277,1.1811642594853993,1.1811642594853993
8,232,T,9,360.0,False,699.9840126039287,701.6639579195148,1.00660415059156,1.6799453155861102,1.6799453155861102
8,232,T,10,500.0,False,697.8955213125231,698.7890640604268,1.1791864919694435,0.8935427479036662,0.8935427479036662
8,232,T,11,700.0,False,697.5315556434857,697.7273327153023,1.4249900013931804,0.19577707181656478,0.19577707181656478
8,232,T,12,781.0,False,697.5133864154333,697.9786235459965,2.5168844749792396,0.46523713056319593,0.46523713056319593
9,234,Cb,0,0.0,True,1.2703137383252812,1.2702830838938957,0.0004921433488101715,-3.0654431385501724e-05,3.0654431385501724e-05
9,234,Cb,1,10.0,True,1.291907384723788,1.2919243632301232,0.0004695934057820335,1.6978506335085797e-05,1.6978506335085797e-05
9,234,Cb,2,20.0,True,1.3145554893132971,1.3145684496939731,0.0004623800778497354,1.296038067599703e-05,1.296038067599703e-05
9,234,Cb,3,30.0,True,1.3350795613417836,1.3350393183859044,0.0004595853363006391,-4.024295587923277e-05,4.024295587923277e-05
9,234,Cb,4,50.0,True,1.369173024833772,1.3692051917939054,0.0004582619020271646,3.216696013352838e-05,3.216696013352838e-05
9,234,Cb,5,80.0,True,1.4029745508908278,1.4030761408195707,0.00045744115808035523,0.00010158992874287343,0.00010158992874287343
9,234,Cb,6,120.0,True,1.420206692111029,1.4201235047659373,0.0004587043088048143,-8.318734509171755e-05,8.318734509171755e-05
9,234,Cb,7,180.0,True,1.405737306304886,1.4057645162211492,0.00048570413022748895,2.720991626325997e-05,2.720991626325997e-05
9,234,Cb,8,260.0,False,1.3530029838031803,1.3527515069557374,0.0008089281720269684,-0.00025147684744286636,0.00025147684744286636
9,234,Cb,9,360.0,False,1.2829354919039,1.2831961890785948,0.0011339510129824975,0.0002606971746947906,0.0002606971746947906
9,234,Cb,10,500.0,False,1.213155689522004,1.2139058464038892,0.0012918562558720187,0.0007501568818852888,0.0007501568818852888
9,234,Cb,11,700.0,False,1.1641291298627705,1.1662382385053052,0.0014020033461772225,0.002109108642534663,0.002109108642534663
9,234,Cb,12,756.0,False,1.1568967211722316,1.1543052285732394,0.001590615623709746,-0.0025914925989922732,0.0025914925989922732
9,234,T,0,0.0,True,899.9355381057543,899.9289335559038,0.19887233517035044,-0.006604549850521835,0.006604549850521835
9,234,T,1,10.0,True,867.1121646856869,867.0878200636375,0.19289783405631195,-0.024344622049397913,0.024344622049397913
9,234,T,2,20.0,True,845.9439931125075,845.9697739783621,0.1905992421470612,0.0257808658545855,0.0257808658545855
9,234,T,3,30.0,True,829.4460466392103,829.4690923249024,0.18980526407660656,0.02304568569206822,0.02304568569206822
9,234,T,4,50.0,True,805.1783380194902,805.2344349827953,0.18949013068359377,0.056096963305094505,0.056096963305094505
9,234,T,5,80.0,True,780.0244753121391,780.0135528743265,0.18938853728909333,-0.010922437812610042,0.010922437812610042
9,234,T,6,120.0,True,755.556420222579,755.5273461882897,0.18946874353542728,-0.029074034289351403,0.029074034289351403
9,234,T,7,180.0,True,729.2133511844133,729.2545020963553,0.19573800645964304,0.04115091194194065,0.04115091194194065
9,234,T,8,260.0,False,708.5804103278048,708.7744760819836,0.2768829275934047,0.19406575417883687,0.19406575417883687
9,234,T,9,360.0,False,697.5952912417172,697.6784108321222,0.32343648932499286,0.0831195904049764,0.0831195904049764
9,234,T,10,500.0,False,693.3136777976707,693.2170283235398,0.33611689380943915,-0.0966494741309134,0.0966494741309134
9,234,T,11,700.0,False,692.377834233704,692.3185418598565,0.34933375971672365,-0.05929237384748376,0.05929237384748376
9,234,T,12,756.0,False,692.3310654600474,692.302980142072,0.366766582196361,-0.028085317975410362,0.028085317975410362
10,250,Cb,0,0.0,True,0.5422810206261087,0.5423294504942129,0.001650797873541895,4.842986810416061e-05,4.842986810416061e-05
10,250,Cb,1,10.0,True,0.5269060502460126,0.5262225282099104,0.0016009138305801138,-0.0006835220361021133,0.0006835220361021133
10,250,Cb,2,20.0,True,0.5094489757978827,0.5108193365414407,0.001586270868105937,0.0013703607435580079,0.0013703607435580079
10,250,Cb,3,30.0,True,0.4954049276983275,0.49393567523109566,0.0015802037211390338,-0.0014692524672318408,0.0014692524672318408
10,250,Cb,4,50.0,True,0.4748081567205819,0.4751708498277393,0.0015774106588773843,0.0003626931071573636,0.0003626931071573636
10,250,Cb,5,80.0,True,0.455192514280214,0.4561968003844575,0.0015764907323445327,0.001004286104243468,0.001004286104243468
10,250,Cb,6,120.0,True,0.4399103097106821,0.43971085493283807,0.0015767015810039648,-0.00019945477784405474,0.00019945477784405474
10,250,Cb,7,180.0,True,0.4282546049224514,0.42803525830656536,0.001581258609263897,-0.000219346615886018,0.000219346615886018
10,250,Cb,8,260.0,False,0.4225081752852351,0.4221980485554822,0.0015881656295281977,-0.0003101267297528909,0.0003101267297528909
10,250,Cb,9,360.0,False,0.4218315169104508,0.42169275512984705,0.0015952557283593102,-0.00013876178060373556,0.00013876178060373556
10,250,Cb,10,500.0,False,0.4245136737405854,0.42469128521796246,0.0016000128516551774,0.00017761147737704874,0.00017761147737704874
10,250,Cb,11,700.0,False,0.4285884216736402,0.4285892619212924,0.0016073063447199548,8.402476521784941e-07,8.402476521784941e-07
10,250,Cb,12,900.0,False,0.4310869057976442,0.4310567473477669,0.0016182442497460114,-3.0158449877304427e-05,3.0158449877304427e-05
10,250,Cb,13,1062.0,False,0.4321815896248691,0.43167513291311316,0.0016831107856415575,-0.0005064567117559204,0.0005064567117559204
10,250,T,0,0.0,True,853.7906870915732,853.8020377965553,0.018340465477616384,0.011350704982078241,0.011350704982078241
10,250,T,1,10.0,True,797.9181833153616,797.9140014175478,0.017337332150749556,-0.00418189781385081,0.00418189781385081
10,250,T,2,20.0,True,741.6463224688401,741.6429955523821,0.0171743862962714,-0.0033269164580360666,0.0033269164580360666
10,250,T,3,30.0,True,701.9142768054787,701.915829033717,0.017113376671686206,0.00155222823832446,0.00155222823832446
10,250,T,4,50.0,True,654.7306169227276,654.7369583236706,0.01708478931498829,0.00634140094302893,0.00634140094302893
10,250,T,5,80.0,True,625.6101664563913,625.608729808181,0.017090259109095583,-0.0014366482103014278,0.0014366482103014278
10,250,T,6,120.0,True,615.4414003724108,615.4394166247921,0.01711283707394356,-0.0019837476187376524,0.0019837476187376524
10,250,T,7,180.0,True,614.7477581066869,614.7522158148655,0.01817991041118645,0.004457708178620123,0.004457708178620123
10,250,T,8,260.0,False,616.7035382261294,616.7315754203908,0.028894942130142966,0.028037194261401055,0.028037194261401055
10,250,T,9,360.0,False,618.2267862761333,618.2859654180975,0.03991773576528715,0.05917914196413676,0.05917914196413676
10,250,T,10,500.0,False,619.1994812474514,619.2962008638531,0.0454484390243566,0.09671961640162863,0.09671961640162863
10,250,T,11,700.0,False,619.72054103059,619.84350539119,0.04713944149486939,0.12296436060000815,0.12296436060000815
10,250,T,12,900.0,False,619.8968930387344,620.0246438864665,0.04756469163485305,0.12775084773204526,0.12775084773204526
10,250,T,13,1062.0,False,619.9518422359183,620.0724601088498,0.0486868021788497,0.12061787293146153,0.12061787293146153
11,257,Cb,0,0.0,True,1.0276361291594416,1.0275884994023539,0.0019122081468889896,-4.7629757087719327e-05,4.7629757087719327e-05
11,257,Cb,1,10.0,True,1.034141111428005,1.034080483430995,0.0017381869893402103,-6.062799701012089e-05,6.062799701012089e-05
11,257,Cb,2,20.0,True,1.036046495250243,1.036330173184723,0.0016929127140223215,0.00028367793447992007,0.00028367793447992007
11,257,Cb,3,30.0,True,1.0331656678177648,1.0323660503722343,0.0016750879825520705,-0.0007996174455304761,0.0007996174455304761
11,257,Cb,4,50.0,True,1.017954191296823,1.0177155984345776,0.0016705406876864292,-0.00023859286224547915,0.00023859286224547915
11,257,Cb,5,80.0,True,0.9818442137453932,0.9835295115855491,0.0016795649769001109,0.0016852978401559193,0.0016852978401559193
11,257,Cb,6,120.0,True,0.9240399411661192,0.9226309178543277,0.0016778748454312038,-0.0014090233117914908,0.0014090233117914908
11,257,Cb,7,180.0,True,0.8379608345331073,0.8386105967228417,0.0018757490618409357,0.0006497621897343375,0.0006497621897343375
11,257,Cb,8,260.0,False,0.7434118722244638,0.7469566609988704,0.002844413916288678,0.00354478877440656,0.00354478877440656
11,257,Cb,9,360.0,False,0.6615952091275901,0.6653352322954266,0.004446062416818042,0.0037400231678365037,0.0037400231678365037
11,257,Cb,10,500.0,False,0.5959390557203006,0.6036807956554269,0.0061533013618437615,0.0077417399351262794,0.0077417399351262794
11,257,Cb,11,700.0,False,0.5545361915602762,0.5657219139903047,0.0076363080308076104,0.011185722430028466,0.011185722430028466
11,257,Cb,12,738.0,False,0.5503580284290268,0.5590526018024355,0.009187167753495259,0.008694573373408732,0.008694573373408732
11,257,T,0,0.0,True,874.4566042345202,874.5151038096667,0.5860089856216264,0.058499575146470306,0.058499575146470306
11,257,T,1,10.0,True,905.8209646156596,905.8086472394084,0.5496278690657601,-0.012317376251189671,0.012317376251189671
11,257,T,2,20.0,True,927.5361202811168,927.2870836853876,0.5346371929462906,-0.24903659572919423,0.24903659572919423
11,257,T,3,30.0,True,939.722953389704,940.2951564464483,0.5285452274886657,0.5722030567443426,0.5722030567443426
11,257,T,4,50.0,True,947.9446231647912,947.4443682573692,0.5281309676141792,-0.5002549074220042,0.5002549074220042
11,257,T,5,80.0,True,943.2767971908604,943.6187286036526,0.5284211373220525,0.341931412792178,0.341931412792178
11,257,T,6,120.0,True,930.9448113112046,930.71888324348,0.5321656426837752,-0.22592806772456697,0.22592806772456697
11,257,T,7,180.0,True,917.706605290685,917.9225633047284,0.5787578320564987,0.21595801404339454,0.21595801404339454
11,257,T,8,260.0,False,910.2858740269508,910.7572707618693,1.0268110417840128,0.471396734918585,0.471396734918585
11,257,T,9,360.0,False,907.7587683495068,908.5262603361494,1.687278036688788,0.7674919866426535,0.7674919866426535
11,257,T,10,500.0,False,907.160256638636,908.4920304317019,2.2642867642733298,1.3317737930658495,1.3317737930658495
11,257,T,11,700.0,False,907.0896315134132,909.5369846124178,2.831507042695299,2.4473530990045447,2.4473530990045447
11,257,T,12,738.0,False,907.0882251373188,909.6877083965894,3.4592435783764994,2.5994832592706416,2.5994832592706416
12,314,Cb,0,0.0,True,1.3257031950773384,1.3253476440206415,0.0026330678475524004,-0.0003555510566968234,0.0003555510566968234
12,314,Cb,1,10.0,True,1.2817860788149718,1.2800933253318827,0.0023736083070198533,-0.00169275348308906,0.00169275348308906
12,314,Cb,2,20.0,True,1.2276676731667924,1.2332639069229543,0.002325935238144684,0.005596233756161917,0.005596233756161917
12,314,Cb,3,30.0,True,1.177051293129565,1.1716822238259026,0.0023126332464137095,-0.005369069303662322,0.005369069303662322
12,314,Cb,4,50.0,True,1.0851858639153498,1.0848839025630228,0.0023026092798983135,-0.00030196135232696264,0.00030196135232696264
12,314,Cb,5,80.0,True,0.9664138526028156,0.9699381652938976,0.0022961446617637262,0.003524312691081999,0.003524312691081999
12,314,Cb,6,120.0,True,0.835943951948053,0.8330685597073157,0.002329221103359469,-0.0028753922407372956,0.0028753922407372956
12,314,Cb,7,180.0,True,0.6856527340668642,0.6878121299221596,0.002492158826568648,0.002159395855295343,0.002159395855295343
12,314,Cb,8,260.0,False,0.546116095135387,0.5507606343669011,0.0028379611774665588,0.0046445392315142,0.0046445392315142
12,314,Cb,9,360.0,False,0.4360688625044011,0.43661850965870513,0.003312048178933622,0.000549647154304056,0.000549647154304056
12,314,Cb,10,500.0,False,0.3519840230578576,0.35433339370788236,0.0038193692543704344,0.0023493706500247735,0.0023493706500247735
12,314,Cb,11,700.0,False,0.3005475504151233,0.30555584922964596,0.004334546192430715,0.005008298814522638,0.005008298814522638
12,314,Cb,12,900.0,False,0.2820427309365728,0.2858369989590134,0.0049247491845923605,0.0037942680224405945,0.0037942680224405945
12,314,Cb,13,907.0,False,0.2816771685330009,0.28796198558664454,0.005934933223250384,0.006284817053643643,0.006284817053643643
12,314,T,0,0.0,True,695.1785734289593,695.17743318089,0.012570749046032486,-0.0011402480693050165,0.0011402480693050165
12,314,T,1,10.0,True,667.229150694683,667.2308473780076,0.012514461128206509,0.0016966833246669921,0.0016966833246669921
12,314,T,2,20.0,True,627.3362707175853,627.3358908646888,0.012435029684782108,-0.0003798528964580328,0.0003798528964580328
12,314,T,3,30.0,True,598.3720277987134,598.3714489476993,0.012372673901007951,-0.0005788510140973813,0.0005788510140973813
12,314,T,4,50.0,True,562.5539729376703,562.5548515108061,0.012350844138931264,0.0008785731357647819,0.0008785731357647819
12,314,T,5,80.0,True,538.5602943867892,538.5608054866955,0.012394930930424073,0.0005110999062480914,0.0005110999062480914
12,314,T,6,120.0,True,528.5172387570756,528.516433218809,0.012493435434995035,-0.0008055382666043442,0.0008055382666043442
12,314,T,7,180.0,True,526.0624816930028,526.0632866807583,0.012567986594846932,0.0008049877554867635,0.0008049877554867635
12,314,T,8,260.0,False,526.4478307671732,526.6076534664826,0.12964112571799696,0.15982269930941584,0.15982269930941584
12,314,T,9,360.0,False,527.0249109894708,527.577988850509,0.32330690114528293,0.5530778610382185,0.5530778610382185
12,314,T,10,500.0,False,527.421013531593,528.3734070018517,0.45562939787761975,0.9523934702586985,0.9523934702586985
12,314,T,11,700.0,False,527.6369598081841,528.8453497802539,0.5039075020306154,1.2083899720697673,1.2083899720697673
12,314,T,12,900.0,False,527.7108345621532,529.1291534616569,0.5194478963218477,1.4183188995036744,1.4183188995036744
12,314,T,13,907.0,False,527.7122818941991,529.3010204356501,0.5815106339929339,1.5887385414509936,1.5887385414509936
13,332,Cb,0,0.0,True,1.22389474520749,1.2236888628081397,0.002287641748256238,-0.00020588239935026564,0.00020588239935026564
13,332,Cb,1,10.0,True,1.1807410816097152,1.1789576294983626,0.0020984288316595492,-0.001783452111352668,0.001783452111352668
13,332,Cb,2,20.0,True,1.1261361790301745,1.1318734785259916,0.0020551537245692445,0.005737299495817139,0.005737299495817139
13,332,Cb,3,30.0,True,1.0744085361246731,1.0689029312266027,0.002038088970390387,-0.005505604898070393,0.005505604898070393
13,332,Cb,4,50.0,True,0.9793355090912677,0.9788838024367574,0.002028988369136603,-0.00045170665451021996,0.00045170665451021996
13,332,Cb,5,80.0,True,0.8546077966293835,0.8581176300576623,0.002026918817262282,0.003509833428278819,0.003509833428278819
13,332,Cb,6,120.0,True,0.7157767613726708,0.712370154237782,0.0020468307823247145,-0.0034066071348887172,0.0034066071348887172
13,332,Cb,7,180.0,True,0.5539182680658828,0.555407610423598,0.002124730583463089,0.00148934235771514,0.00148934235771514
13,332,Cb,8,260.0,False,0.4018684158135549,0.4049429735967878,0.0022686779079347454,0.0030745577832329007,0.0030745577832329007
13,332,Cb,9,360.0,False,0.2805571578268357,0.27755373071273093,0.0024380746631420275,-0.003003427114104784,0.003003427114104784
13,332,Cb,10,500.0,False,0.1866868598635617,0.18425246190381817,0.0025889706311384626,-0.0024343979597435395,0.0024343979597435395
13,332,Cb,11,700.0,False,0.1283566546813198,0.1280881766180032,0.002728003988795733,-0.00026847806331659063,0.00026847806331659063
13,332,Cb,12,900.0,False,0.1069830091034004,0.10451983303631118,0.002913959338365515,-0.0024631760670892205,0.0024631760670892205
13,332,Cb,13,930.0,False,0.1052547282624952,0.10438955855800203,0.0033134148236070274,-0.0008651697044931711,0.0008651697044931711
13,332,T,0,0.0,True,714.8876614150436,714.886400412441,0.013666644887211648,-0.0012610026025186016,0.0012610026025186016
13,332,T,1,10.0,True,654.0611188877631,654.0632060305727,0.013532187608288695,0.0020871428096143063,0.0020871428096143063
13,332,T,2,20.0,True,587.1694220732695,587.168487966794,0.013401923969182676,-0.0009341064754835315,0.0009341064754835315
13,332,T,3,30.0,True,537.6338022896919,537.6327825822246,0.013330230708422151,-0.0010197074672078088,0.0010197074672078088
13,332,T,4,50.0,True,474.44864294424485,474.4519598026774,0.013294010749804358,0.0033168584325267148,0.0033168584325267148
13,332,T,5,80.0,True,429.6102616451535,429.60653327940565,0.013320640908733283,-0.003728365747861062,0.003728365747861062
13,332,T,6,120.0,True,408.6321043673099,408.63502542152685,0.013476002291775459,0.0029210542169266773,0.0029210542169266773
13,332,T,7,180.0,True,401.3898569105517,401.3883723812876,0.01365709224210553,-0.0014845292641325614,0.0014845292641325614
13,332,T,8,260.0,False,400.2671768530863,400.2320160315244,0.08287103778779017,-0.03516082156193079,0.03516082156193079
13,332,T,9,360.0,False,400.2716828303045,400.1234670004792,0.18378080507088587,-0.1482158298252898,0.1482158298252898
13,332,T,10,500.0,False,400.3461884525538,400.02746364153694,0.24896213066525266,-0.3187248110168639,0.3187248110168639
13,332,T,11,700.0,False,400.38985720547913,399.93707790817905,0.27297979365023867,-0.4527792973000828,0.4527792973000828
13,332,T,12,900.0,False,400.4048609047819,399.89564725312187,0.27783662250784696,-0.5092136516600476,0.5092136516600476
13,332,T,13,930.0,False,400.4060529399193,399.8934025306552,0.2831549429860878,-0.5126504092640971,0.5126504092640971
14,401,Cb,0,0.0,True,0.2466984426773942,0.2467037089417654,0.0014715545458907691,5.266264371223128e-06,5.266264371223128e-06
14,401,Cb,1,10.0,True,0.2418832492069874,0.24100143733935198,0.0014124408546964087,-0.0008818118676354181,0.0008818118676354181
14,401,Cb,2,20.0,True,0.2322182017992256,0.23330843389779649,0.001392256578049514,0.001090232098570898,0.001090232098570898
14,401,Cb,3,30.0,True,0.2232815041633803,0.22257292692604463,0.0013872997794678803,-0.0007085772373356669,0.0007085772373356669
14,401,Cb,4,50.0,True,0.2080549176778482,0.208009322822291,0.0013837556514242999,-4.559485555719056e-05,4.559485555719056e-05
14,401,Cb,5,80.0,True,0.1896590017495923,0.18992470708691073,0.001382089549386146,0.00026570533731842816,0.00026570533731842816
14,401,Cb,6,120.0,True,0.1703853417567643,0.1696265795246788,0.0013843837366758495,-0.0007587622320855136,0.0007587622320855136
14,401,Cb,7,180.0,True,0.1488679242796222,0.1489323857341181,0.0013920919873374876,6.446145449590102e-05,6.446145449590102e-05
14,401,Cb,8,260.0,False,0.1293547277863396,0.12976770324166798,0.0014041600110398175,0.0004129754553283682,0.0004129754553283682
14,401,Cb,9,360.0,False,0.1142721958502569,0.11388797801380762,0.0014168581040892828,-0.0003842178364492771,0.0003842178364492771
14,401,Cb,10,500.0,False,0.1029861010711773,0.10250024494651716,0.0014254800349452496,-0.00048585612466013617,0.00048585612466013617
14,401,Cb,11,700.0,False,0.0962579500592861,0.09580835337506854,0.001433846233623822,-0.00044959668421755417,0.00044959668421755417
14,401,Cb,12,900.0,False,0.0939113677276237,0.09295072930573212,0.001447722893309656,-0.0009606384218915909,0.0009606384218915909
14,401,Cb,13,1083.0,False,0.0931344753653062,0.09284182519263151,0.0015339701730498105,-0.0002926501726746855,0.0002926501726746855
14,401,T,0,0.0,True,791.0626485482504,791.0625285005917,0.014647344225293608,-0.00012004765869733092,0.00012004765869733092
14,401,T,1,10.0,True,731.7946998825179,731.7968627009349,0.01399244166636777,0.0021628184169912856,0.0021628184169912856
14,401,T,2,20.0,True,664.2820599103869,664.2819492527584,0.013870982914283434,-0.000110657628511035,0.000110657628511035
14,401,T,3,30.0,True,613.9850342924602,613.986395104167,0.013809756376929966,0.0013608117067178682,0.0013608117067178682
14,401,T,4,50.0,True,550.1091521630448,550.1064566077542,0.013770208792946275,-0.002695555290529228,0.002695555290529228
14,401,T,5,80.0,True,505.1338585570824,505.1362727344195,0.013750155288913709,0.0024141773370729425,0.0024141773370729425
14,401,T,6,120.0,True,484.3393006889501,484.3390068226754,0.013783633317156898,-0.0002938662747169474,0.0002938662747169474
14,401,T,7,180.0,True,477.3418681410861,477.34245657919644,0.014550725186780574,0.0005884381103555825,0.0005884381103555825
14,401,T,8,260.0,False,476.3771249128575,476.37275848825635,0.02582377956781808,-0.004366424601130348,0.004366424601130348
14,401,T,9,360.0,False,476.463101038711,476.4613929257502,0.037235196964667656,-0.0017081129607845469,0.0017081129607845469
14,401,T,10,500.0,False,476.5831650240525,476.57901048174966,0.04294683761463912,-0.004154542302842401,0.004154542302842401
14,401,T,11,700.0,False,476.6499644474882,476.6465712438543,0.044839518949485326,-0.003393203633891062,0.003393203633891062
14,401,T,12,900.0,False,476.6726695557397,476.66952743997655,0.04523899164721595,-0.00314211576312573,0.00314211576312573
14,401,T,13,1083.0,False,476.6803658745706,476.67266521558713,0.045814754013705765,-0.007700658983480935,0.007700658983480935
15,424,Cb,0,0.0,True,1.0553928951442788,1.0554551608272156,0.000602094764100712,6.226568293676848e-05,6.226568293676848e-05
15,424,Cb,1,10.0,True,1.0628806143508585,1.0628494338227628,0.0005805870407496849,-3.1180528095697824e-05,3.1180528095697824e-05
15,424,Cb,2,20.0,True,1.0686909405553446,1.0687409339128604,0.0005692162118255706,4.999335751576517e-05,4.999335751576517e-05
15,424,Cb,3,30.0,True,1.070820658118456,1.0707732758700792,0.0005624295639164985,-4.738224837685934e-05,4.738224837685934e-05
15,424,Cb,4,50.0,True,1.0655908526449884,1.065668114918739,0.0005590937923757338,7.726227375060013e-05,7.726227375060013e-05
15,424,Cb,5,80.0,True,1.0400555074128193,1.0400502896378176,0.0005581157899302458,-5.2177750016202395e-06,5.2177750016202395e-06
15,424,Cb,6,120.0,True,0.98784018946228,0.9876326416908952,0.0005655432315565771,-0.000207547771384875,0.000207547771384875
15,424,Cb,7,180.0,True,0.901404992456533,0.9016096855551076,0.0005973079467028947,0.00020469309857451545,0.00020469309857451545
15,424,Cb,8,260.0,False,0.8039860301627969,0.803453287807639,0.0013343017429175575,-0.000532742355157878,0.000532742355157878
15,424,Cb,9,360.0,False,0.7204267978160251,0.7222795578197247,0.0023745016580958987,0.001852760003699605,0.001852760003699605
15,424,Cb,10,500.0,False,0.6541981238784855,0.661493468485022,0.003267005322893871,0.007295344606536469,0.007295344606536469
15,424,Cb,11,700.0,False,0.6127110976840409,0.6281874962882756,0.004115100485145622,0.015476398604234776,0.015476398604234776
15,424,Cb,12,738.0,False,0.6085310300807159,0.6213855082024364,0.005257710590051528,0.01285447812172058,0.01285447812172058
15,424,T,0,0.0,True,823.6707153290266,823.6865220170515,0.27594906039939887,0.015806688024895266,0.015806688024895266
15,424,T,1,10.0,True,803.1988468727544,803.1563551395606,0.2682713815419243,-0.04249173319385591,0.04249173319385591
15,424,T,2,20.0,True,789.102149090471,789.2002133314966,0.2629453599040742,0.09806424102555411,0.09806424102555411
15,424,T,3,30.0,True,775.9141003886339,775.847447680318,0.26036081690715857,-0.06665270831581438,0.06665270831581438
15,424,T,4,50.0,True,752.0013225767945,752.0616163125538,0.25952643227785444,0.060293735759387346,0.060293735759387346
15,424,T,5,80.0,True,722.3810619691195,722.238874807408,0.25945507772913046,-0.14218716171149026,0.14218716171149026
15,424,T,6,120.0,True,694.5724576494789,694.7719229054203,0.26233081310073325,0.19946525594139075,0.19946525594139075
15,424,T,7,180.0,True,673.0479318308502,673.0126781923099,0.27355053570383875,-0.03525363854032548,0.03525363854032548
15,424,T,8,260.0,False,663.897083475418,663.7451765544038,0.5953064216184956,-0.1519069210141879,0.1519069210141879
15,424,T,9,360.0,False,661.6722870998393,662.1475798098982,0.9455774251782729,0.4752927100588522,0.4752927100588522
15,424,T,10,500.0,False,661.3245988873337,662.151796032402,1.1847153746529557,0.8271971450683395,0.8271971450683395
15,424,T,11,700.0,False,661.3010384982387,662.4424184460529,1.6501792661498131,1.1413799478142437,1.1413799478142437
15,424,T,12,738.0,False,661.3007877339887,663.2019535188861,2.895337430821237,1.90116578489733,1.90116578489733
16,496,Cb,0,0.0,True,0.564823414910877,0.564832545820236,0.00010260813422053435,9.13090935905636e-06,9.13090935905636e-06
16,496,Cb,1,10.0,True,0.5638664601036198,0.5638616678174477,9.973173844710667e-05,-4.792286172117244e-06,4.792286172117244e-06
16,496,Cb,2,20.0,True,0.5669808360382362,0.5669793869716959,9.752414205257651e-05,-1.4490665403155134e-06,1.4490665403155134e-06
16,496,Cb,3,30.0,True,0.5743632077594711,0.5743714523900239,9.634261810916606e-05,8.24463055271174e-06,8.24463055271174e-06
16,496,Cb,4,50.0,True,0.5971944015116335,0.5971898852582233,9.556635524334835e-05,-4.516253410247195e-06,4.516253410247195e-06
16,496,Cb,5,80.0,True,0.6413231892794176,0.641328623633408,9.559666391240274e-05,5.4343539904744276e-06,5.4343539904744276e-06
16,496,Cb,6,120.0,True,0.7052728368518704,0.7052704181652852,9.840161543045441e-05,-2.4186865851261174e-06,2.4186865851261174e-06
16,496,Cb,7,180.0,True,0.7964736409480064,0.7964741234983441,0.00010245834088280735,4.825503376881812e-07,4.825503376881812e-07
16,496,Cb,8,260.0,False,0.8970219078431564,0.8969198530155746,0.0003787557795148274,-0.00010205482758174345,0.00010205482758174345
16,496,Cb,9,360.0,False,0.9871460183697376,0.9869961128302454,0.0008556941898802693,-0.0001499055394922344,0.0001499055394922344
16,496,Cb,10,500.0,False,1.0628719352724028,1.0627398103394194,0.0012540552859455546,-0.00013212493298331296,0.00013212493298331296
16,496,Cb,11,700.0,False,1.1126326086908824,1.1140410343697988,0.0014785418281345734,0.001408425678916414,0.001408425678916414
16,496,Cb,12,770.0,False,1.121381676659767,1.1260384629635207,0.0016673530367859878,0.004656786303753657,0.004656786303753657
16,496,T,0,0.0,True,757.7520418526678,757.7522451730047,0.0076710649479677295,0.0002033203368227987,0.0002033203368227987
16,496,T,1,10.0,True,759.2829995030562,759.2821427303138,0.007633619112835899,-0.000856772742395151,0.000856772742395151
16,496,T,2,20.0,True,759.3590674541363,759.360393366284,0.007567920473118723,0.0013259121477631197,0.0013259121477631197
16,496,T,3,30.0,True,762.8211979845572,762.8204071841384,0.007516206469121815,-0.0007908004188266204,0.0007908004188266204
16,496,T,4,50.0,True,773.9170569963417,773.9166208812564,0.0075126353277578375,-0.0004361150852218998,0.0004361150852218998
16,496,T,5,80.0,True,790.6803590816684,790.6813522126129,0.007562918049759894,0.0009931309444937142,0.0009931309444937142
16,496,T,6,120.0,True,806.8077259568055,806.8073297002792,0.0076325206706339774,-0.000396256526300931,0.000396256526300931
16,496,T,7,180.0,True,820.3643256732038,820.3644140596849,0.007671236024568081,8.838648113851377e-05,8.838648113851377e-05
16,496,T,8,260.0,False,828.5251756848668,828.5238721061077,0.09714337170763988,-0.0013035787591206827,0.0013035787591206827
16,496,T,9,360.0,False,832.4511584670428,832.4277786977366,0.26666715684586273,-0.02337976930618879,0.02337976930618879
16,496,T,10,500.0,False,834.1199888284473,834.0918476887848,0.39922248023359397,-0.02814113966246623,0.02814113966246623
16,496,T,11,700.0,False,834.5887363891138,834.5656548394116,0.4546282586434365,-0.023081549702169468,0.023081549702169468
16,496,T,12,770.0,False,834.6257886111744,834.6035568713608,0.5363844420650425,-0.0222317398136056,0.0222317398136056
17,569,Cb,0,0.0,True,0.9045531119407368,0.904551307317748,0.00010074642923419189,-1.804622988821336e-06,1.804622988821336e-06
17,569,Cb,1,10.0,True,1.0223055210896794,1.0223024636240692,9.780270305459368e-05,-3.0574656102455577e-06,3.0574656102455577e-06
17,569,Cb,2,20.0,True,1.1296188608260265,1.129623513292822,9.630203164376133e-05,4.652466795596055e-06,4.652466795596055e-06
17,569,Cb,3,30.0,True,1.2187564326372784,1.2187551503879934,9.58956112985876e-05,-1.2822492849728917e-06,1.2822492849728917e-06
17,569,Cb,4,50.0,True,1.356225642509559,1.3562162626144105,9.575653363397118e-05,-9.379895148375894e-06,9.379895148375894e-06
17,569,Cb,5,80.0,True,1.487085288888095,1.4871045523215476,9.579335471721778e-05,1.9263433452598733e-05,1.9263433452598733e-05
17,569,Cb,6,120.0,True,1.5576476294143118,1.5576225777080475,9.70009812590498e-05,-2.505170626432296e-05,2.505170626432296e-05
17,569,Cb,7,180.0,True,1.5032886771588445,1.5033096392822922,0.00010039875108007107,2.0962123447709757e-05,2.0962123447709757e-05
17,569,Cb,8,260.0,False,1.270688661645809,1.2707818627631662,0.00025751401750754384,9.320111735711123e-05,9.320111735711123e-05
17,569,Cb,9,360.0,False,0.9649541340089824,0.9649819695307855,0.0004167235640673579,2.78355218030768e-05,2.78355218030768e-05
17,569,Cb,10,500.0,False,0.6905541521677041,0.6907771360018518,0.00047188271758093485,0.00022298383414764977,0.00022298383414764977
17,569,Cb,11,700.0,False,0.5146464411695113,0.5150863647534666,0.00048098025593931986,0.00043992358395528175,0.00043992358395528175
17,569,Cb,12,900.0,False,0.449754561593701,0.45025354265304607,0.0004823575209114645,0.0004989810593450938,0.0004989810593450938
17,569,Cb,13,1028.0,False,0.4319002946447959,0.4322483530178919,0.0004909342337174505,0.000348058373095983,0.000348058373095983
17,569,T,0,0.0,True,632.0121692187332,631.9970670988203,0.16326942303229586,-0.015102119912967282,0.015102119912967282
17,569,T,1,10.0,True,772.6227648918881,772.6283940219489,0.15888059798989826,0.005629130060810894,0.005629130060810894
17,569,T,2,20.0,True,876.5037338423809,876.5145078412434,0.15773939806129303,0.010773998862418921,0.010773998862418921
17,569,T,3,30.0,True,942.9033965757768,942.9134173808859,0.15746017711637272,0.01002080510909309,0.01002080510909309
17,569,T,4,50.0,True,1007.5836893797868,1007.6078729080723,0.15736107813928615,0.02418352828544812,0.02418352828544812
17,569,T,5,80.0,True,1020.1233491792397,1020.1846532680269,0.1573223971874582,0.061304088787210276,0.061304088787210276
17,569,T,6,120.0,True,980.1614453211891,980.2372153926667,0.1574363800701575,0.07577007147756376,0.07577007147756376
17,569,T,7,180.0,True,894.4239103929684,894.5192268549443,0.16039665152295965,0.09531646197592636,0.09531646197592636
17,569,T,8,260.0,False,802.830891726197,802.4954620201273,0.20190399046877852,-0.33542970606970357,0.33542970606970357
17,569,T,9,360.0,False,757.5571489829722,757.1614455936666,0.21653117159412832,-0.395703389305595,0.395703389305595
17,569,T,10,500.0,False,748.2431585078405,748.2662644384147,0.2171104171642256,0.02310593057427468,0.02310593057427468
17,569,T,11,700.0,False,747.6304412685071,747.6117323329037,0.217426909676201,-0.018708935603399368,0.018708935603399368
17,569,T,12,900.0,False,747.6199206146994,747.5673187056948,0.21903798842195146,-0.052601909004579284,0.052601909004579284
17,569,T,13,1028.0,False,747.6197524937436,747.5870074905761,0.2306216895103057,-0.032745003167519826,0.032745003167519826
18,653,Cb,0,0.0,True,0.7880041425428694,0.7881818959663249,0.0014787126024305797,0.0001777534234554956,0.0001777534234554956
18,653,Cb,1,10.0,True,0.7925183294120547,0.7919852623168772,0.0013590179176014943,-0.0005330670951775307,0.0005330670951775307
18,653,Cb,2,20.0,True,0.7915211443034075,0.7921453291418148,0.001321200069967374,0.0006241848384073156,0.0006241848384073156
18,653,Cb,3,30.0,True,0.78480706732753,0.7843238919818966,0.001308399400356163,-0.00048317534563346864,0.00048317534563346864
18,653,Cb,4,50.0,True,0.7589262738137175,0.7586165277380994,0.001303261857633292,-0.000309746075618067,0.000309746075618067
18,653,Cb,5,80.0,True,0.7012479498639344,0.702526181763898,0.0013024568049127077,0.0012782318999636777,0.0012782318999636777
18,653,Cb,6,120.0,True,0.6114839021665284,0.6091055512433078,0.0013067662018314229,-0.0023783509232205846,0.0023783509232205846
18,653,Cb,7,180.0,True,0.4843527481603252,0.4862361036403787,0.0014118046145329918,0.001883355480053528,0.001883355480053528
18,653,Cb,8,260.0,False,0.3540401207210286,0.3566351489097242,0.0017629585323800613,0.002595028188695614,0.002595028188695614
18,653,Cb,9,360.0,False,0.2473234352656537,0.24484132327183195,0.0022509263253987382,-0.002482111993821756,0.002482111993821756
18,653,Cb,10,500.0,False,0.1641529815756322,0.16335921531800568,0.0027002350245731986,-0.0007937662576265325,0.0007937662576265325
18,653,Cb,11,700.0,False,0.1122666568888562,0.11442487626803699,0.0030856481251414617,0.002158219379180787,0.002158219379180787
18,653,Cb,12,783.0,False,0.1020098119974765,0.10644687717863821,0.0036343202796785693,0.0044370651811617146,0.0044370651811617146
18,653,T,0,0.0,True,919.616827503562,919.659826750545,0.5662096763482393,0.04299924698295854,0.04299924698295854
18,653,T,1,10.0,True,926.0674932418808,925.959352042722,0.5312680424230192,-0.10814119915880838,0.10814119915880838
18,653,T,2,20.0,True,929.091570661522,929.1392578865311,0.515677643989889,0.047687225009099166,0.047687225009099166
18,653,T,3,30.0,True,926.6195869622276,926.6271775095743,0.5107655879357873,0.0075905473466946205,0.0075905473466946205
18,653,T,4,50.0,True,913.3371167947996,912.9633953703506,0.5086808309653796,-0.37372142444905876,0.37372142444905876
18,653,T,5,80.0,True,888.3211178590326,888.738817489979,0.5088971571576462,0.41769963094645846,0.41769963094645846
18,653,T,6,120.0,True,862.0105366989352,861.9806411058755,0.5095191313161929,-0.029895593059677594,0.029895593059677594
18,653,T,7,180.0,True,842.6999708215392,842.7524958687948,0.5483288959021005,0.05252504725558538,0.05252504725558538
18,653,T,8,260.0,False,835.8878765736729,834.9090538730843,0.7713146527114203,-0.9788227005885801,0.9788227005885801
18,653,T,9,360.0,False,834.7000310149579,833.8298591936395,1.0583425676339595,-0.8701718213183085,0.8701718213183085
18,653,T,10,500.0,False,834.5881146078056,833.8933579898161,1.282153659251864,-0.6947566179894693,0.6947566179894693
18,653,T,11,700.0,False,834.5845654995411,833.9434276338889,1.5218752378263347,-0.6411378656522402,0.6411378656522402
18,653,T,12,783.0,False,834.5845425274745,833.9194632135764,1.817434498707555,-0.6650793138981044,0.6650793138981044
19,748,Cb,0,0.0,True,0.083368450133718,0.08336715953422297,3.8520674424292736e-05,-1.2905994950379585e-06,1.2905994950379585e-06
19,748,Cb,1,10.0,True,0.0879681516548558,0.0879685013437389,3.741392145826952e-05,3.496888831000522e-07,3.496888831000522e-07
19,748,Cb,2,20.0,True,0.1002424479595831,0.10024442704159942,3.661530997298769e-05,1.9790820163095857e-06,1.9790820163095857e-06
19,748,Cb,3,30.0,True,0.1181412020509008,0.11813669944669836,3.624414131896298e-05,-4.502604202441529e-06,4.502604202441529e-06
19,748,Cb,4,50.0,True,0.1636713695260176,0.1636776698639652,3.607624078056298e-05,6.300337947601209e-06,6.300337947601209e-06
19,748,Cb,5,80.0,True,0.2412975906050912,0.24129068818946858,3.601674672241093e-05,-6.902415622622726e-06,6.902415622622726e-06
19,748,Cb,6,120.0,True,0.3443710348265152,0.3443758712107535,3.683552957189349e-05,4.836384238315894e-06,4.836384238315894e-06
19,748,Cb,7,180.0,True,0.4810877579256229,0.4810856482836649,3.8429754937828134e-05,-2.109641958014663e-06,2.109641958014663e-06
19,748,Cb,8,260.0,False,0.6226027854217088,0.6225850209469351,0.0001269877749157398,-1.7764474773640515e-05,1.7764474773640515e-05
19,748,Cb,9,360.0,False,0.7430518909053119,0.7430771952896532,0.0002656536378686298,2.5304384341340302e-05,2.5304384341340302e-05
19,748,Cb,10,500.0,False,0.840065321333102,0.8405448015234294,0.00037261999764536436,0.0004794801903273971,0.0004794801903273971
19,748,Cb,11,700.0,False,0.9017481203597022,0.9028593006404385,0.0004324333880857108,0.0011111802807363125,0.0011111802807363125
19,748,Cb,12,819.0,False,0.9179547359180512,0.9190853370004419,0.0005070283945067696,0.0011306010823907142,0.0011306010823907142
19,748,T,0,0.0,True,790.459567692444,790.471979730343,0.10067949632751123,0.012412037899025563,0.012412037899025563
19,748,T,1,10.0,True,779.662234348219,779.6288488060485,0.09711376288021817,-0.03338554217054934,0.03338554217054934
19,748,T,2,20.0,True,772.7004228700594,772.6783102998354,0.09602170577914007,-0.0221125702239533,0.0221125702239533
19,748,T,3,30.0,True,772.4990845799604,772.5472374125136,0.09558197915400765,0.04815283255322811,0.04815283255322811
19,748,T,4,50.0,True,781.3995276660818,781.3836673656499,0.09548708860962754,-0.015860300431882024,0.015860300431882024
19,748,T,5,80.0,True,798.8014695763918,798.799233202621,0.09539182609055158,-0.0022363737707564724,0.0022363737707564724
19,748,T,6,120.0,True,816.0044225158995,816.0118019316604,0.09538721644994637,0.007379415760965458,0.007379415760965458
19,748,T,7,180.0,True,829.6376414476306,829.5907596343151,0.09883855795001242,-0.046881813315508225,0.046881813315508225
19,748,T,8,260.0,False,836.9123974344011,836.929115867046,0.11898076977270966,0.016718432644893255,0.016718432644893255
19,748,T,9,360.0,False,839.8644716402566,839.8623666378286,0.1328680769692263,-0.0021050024280384605,0.0021050024280384605
19,748,T,10,500.0,False,840.8632637510538,840.8867368871163,0.13789985474255823,0.02347313606253465,0.02347313606253465
19,748,T,11,700.0,False,841.0665090968023,841.1093821844391,0.1466260438686386,0.04287308763684905,0.04287308763684905
19,748,T,12,819.0,False,841.0816142802837,841.1027304858881,0.1768568739332194,0.021116205604357674,0.021116205604357674
20,788,Cb,0,0.0,True,1.0724947483659817,1.0725799963969664,0.00019355923417643396,8.524803098475253e-05,8.524803098475253e-05
20,788,Cb,1,10.0,True,1.1667987181919743,1.1667776107614525,0.00018407841068883527,-2.1107430521860593e-05,2.1107430521860593e-05
20,788,Cb,2,20.0,True,1.2506299269888872,1.2506635084193753,0.0001820196786881441,3.358143048814988e-05,3.358143048814988e-05
20,788,Cb,3,30.0,True,1.3172878487260125,1.3172864746147162,0.0001814686045232608,-1.374111296303937e-06,1.374111296303937e-06
20,788,Cb,4,50.0,True,1.4147501505789035,1.41480876641698,0.00018121299077290763,5.8615838076425675e-05,5.8615838076425675e-05
20,788,Cb,5,80.0,True,1.50013510885536,1.5001160170639156,0.00018112726132868604,-1.9091791444436623e-05,1.9091791444436623e-05
20,788,Cb,6,120.0,True,1.5382536501638704,1.5382740013531857,0.00018188531538733854,2.035118931531521e-05,2.035118931531521e-05
20,788,Cb,7,180.0,True,1.4908501859410506,1.4908965201753515,0.0001921531930917428,4.633423430089323e-05,4.633423430089323e-05
20,788,Cb,8,260.0,False,1.3309855843935137,1.3308355735589616,0.00032754958990250695,-0.0001500108345520168,0.0001500108345520168
20,788,Cb,9,360.0,False,1.1157970684951957,1.1158314566786278,0.0004620920223819106,3.438818343215466e-05,3.438818343215466e-05
20,788,Cb,10,500.0,False,0.9060485899137978,0.9065668578545928,0.0005180646175647221,0.0005182679407950141,0.0005182679407950141
20,788,Cb,11,700.0,False,0.7640182303371591,0.7647632428670306,0.0005307495315695997,0.0007450125298714694,0.0007450125298714694
20,788,Cb,12,900.0,False,0.7107430293042735,0.7115114689480164,0.0005335811995949236,0.0007684396437429575,0.0007684396437429575
20,788,Cb,13,989.0,False,0.6995778343783704,0.700625728075227,0.0005454199639149637,0.00104789369685665,0.00104789369685665
20,788,T,0,0.0,True,582.893621840328,582.9384911302523,0.16219659264904288,0.044869289924236,0.044869289924236
20,788,T,1,10.0,True,743.0031445657763,743.0447016197903,0.15733747515070767,0.041557054013992456,0.041557054013992456
20,788,T,2,20.0,True,860.2927034436882,860.3037178556199,0.15632193411605627,0.011014411931682844,0.011014411931682844
20,788,T,3,30.0,True,936.4441361302436,936.4365362194101,0.1559893883444784,-0.007599910833505419,0.007599910833505419
20,788,T,4,50.0,True,1014.9655391143768,1014.9653560965667,0.15580501641165997,-0.00018301781017271423,0.00018301781017271423
20,788,T,5,80.0,True,1042.6644755612515,1042.6316086076047,0.15573079820929192,-0.03286695364681691,0.03286695364681691
20,788,T,6,120.0,True,1021.5486382252844,1021.538047923558,0.15570698870314523,-0.010590301726438156,0.010590301726438156
20,788,T,7,180.0,True,966.8104564460632,966.644799579754,0.15936785103927686,-0.16565686630917753,0.16565686630917753
20,788,T,8,260.0,False,908.9002029342436,908.8296702452326,0.19043283446414744,-0.07053268901097454,0.07053268901097454
20,788,T,9,360.0,False,874.9003708204077,875.0465243604879,0.2047421244366087,0.14615354008014947,0.14615354008014947
20,788,T,10,500.0,False,863.2657609010566,863.3713274651453,0.20673781682747389,0.10556656408869003,0.10556656408869003
20,788,T,11,700.0,False,861.5045530335308,861.5166073132747,0.20731896127773483,0.012054279743892948,0.012054279743892948
20,788,T,12,900.0,False,861.410197095563,861.389112779417,0.2085138413841815,-0.021084316146016135,0.021084316146016135
20,788,T,13,989.0,False,861.4063466472007,861.4054841525423,0.21672999505246748,-0.0008624946584632198,0.0008624946584632198
21,803,Cb,0,0.0,True,1.221395433281104,1.2215131271425639,0.0008896843879476662,0.00011769386145998872,0.00011769386145998872
21,803,Cb,1,10.0,True,1.2351969147832622,1.235211261246257,0.0008517928072001674,1.4346462994696552e-05,1.4346462994696552e-05
21,803,Cb,2,20.0,True,1.2497475841802643,1.2499967233563138,0.0008433432688428963,0.00024913917604951763,0.00024913917604951763
21,803,Cb,3,30.0,True,1.2625173228681383,1.262437291893236,0.0008387720013831862,-8.003097490227873e-05,8.003097490227873e-05
21,803,Cb,4,50.0,True,1.2820593188460716,1.282306171696663,0.0008373685701254711,0.00024685285059145023,0.00024685285059145023
21,803,Cb,5,80.0,True,1.2964911590498645,1.2963224486271592,0.0008368266500679051,-0.00016871042270527603,0.00016871042270527603
21,803,Cb,6,120.0,True,1.2930282279939551,1.2928851980522298,0.0008371915040022995,-0.00014302994172532557,0.00014302994172532557
21,803,Cb,7,180.0,True,1.259019596682014,1.2594635269327814,0.0008596111247385799,0.00044393025076749915,0.00044393025076749915
21,803,Cb,8,260.0,False,1.1973275953068323,1.1973405868301326,0.0009611899892153471,1.2991523300254215e-05,1.2991523300254215e-05
21,803,Cb,9,360.0,False,1.1298482012187212,1.1307055488919608,0.00103191987707753,0.000857347673239639,0.000857347673239639
21,803,Cb,10,500.0,False,1.0689661013528702,1.0704278450226326,0.0010645595017602428,0.001461743669762372,0.001461743669762372
21,803,Cb,11,700.0,False,1.028450138942667,1.0322313076060277,0.0012127374726592238,0.0037811686633606456,0.0037811686633606456
21,803,Cb,12,737.0,False,1.0243996095255574,1.0271293283937637,0.001951502200318668,0.0027297188682062767,0.0027297188682062767
21,803,T,0,0.0,True,908.0142747853682,908.0253709243767,0.2419067578943249,0.011096139008486716,0.011096139008486716
21,803,T,1,10.0,True,873.9747573885109,873.9798267695496,0.2334899324076677,0.005069381038765641,0.005069381038765641
21,803,T,2,20.0,True,851.2788594758607,851.2771235981795,0.23173219199968198,-0.0017358776811988719,0.0017358776811988719
21,803,T,3,30.0,True,833.6177960549262,833.5601925250572,0.2311337532616895,-0.05760352986897033,0.05760352986897033
21,803,T,4,50.0,True,807.7571387838145,807.7926237555691,0.23084999341120022,0.03548497175461307,0.03548497175461307
21,803,T,5,80.0,True,781.4521775502727,781.3554052646598,0.2307752325441246,-0.0967722856129285,0.0967722856129285
21,803,T,6,120.0,True,757.1720316262829,757.2686974194979,0.23079695694216673,0.09666579321503832,0.09666579321503832
21,803,T,7,180.0,True,733.568579426103,733.5433537635066,0.23433747234871927,-0.025225662596426446,0.025225662596426446
21,803,T,8,260.0,False,717.657672998666,717.3382224407117,0.2605280808961259,-0.31945055795438293,0.31945055795438293
21,803,T,9,360.0,False,710.5185720520195,710.1745178879343,0.2729158726448222,-0.34405416408526435,0.34405416408526435
21,803,T,10,500.0,False,708.1931360581012,708.2835198421254,0.2792464229973776,0.09038378402419767,0.09038378402419767
21,803,T,11,700.0,False,707.7811271619282,707.8869753627991,0.31488255666839415,0.10584820087092339,0.10584820087092339
21,803,T,12,737.0,False,707.768815700592,707.68289680875,0.4691285325857664,-0.08591889184197044,0.08591889184197044
22,815,Cb,0,0.0,True,0.7729045262108508,0.7728762818172,8.88376751432703e-05,-2.8244393650789235e-05,2.8244393650789235e-05
22,815,Cb,1,10.0,True,0.8973909723073946,0.8973577666298249,8.693005806545461e-05,-3.320567756970316e-05,3.320567756970316e-05
22,815,Cb,2,20.0,True,1.013377028369833,1.0133631061620512,8.644697184163198e-05,-1.3922207781735807e-05,1.3922207781735807e-05
22,815,Cb,3,30.0,True,1.1119183357152462,1.111899877634244,8.630026243167357e-05,-1.845808100231494e-05,1.845808100231494e-05
22,815,Cb,4,50.0,True,1.2694386114254566,1.2694287314580497,8.62613421842796e-05,-9.879967406867252e-06,9.879967406867252e-06
22,815,Cb,5,80.0,True,1.432268815410821,1.432261413656921,8.624462739941558e-05,-7.4017539000159616e-06,7.4017539000159616e-06
22,815,Cb,6,120.0,True,1.5475006470997243,1.5475253013552404,8.626418153978312e-05,2.4654255516010082e-05,2.4654255516010082e-05
22,815,Cb,7,180.0,True,1.5589670742011963,1.5589906286828445,8.79222176485717e-05,2.355448164825802e-05,2.355448164825802e-05
22,815,Cb,8,260.0,False,1.391938215600177,1.3919070525652277,9.994706809221975e-05,-3.116303494921091e-05,3.116303494921091e-05
22,815,Cb,9,360.0,False,1.1192387493382605,1.119301691654472,0.00010508204936571586,6.29423162115117e-05,6.29423162115117e-05
22,815,Cb,10,500.0,False,0.8529936866250226,0.8530502575384764,0.0001061574578064616,5.657091345379062e-05,5.657091345379062e-05
22,815,Cb,11,700.0,False,0.677886397799538,0.6779259403125886,0.00010652007689865567,3.954251305060552e-05,3.954251305060552e-05
22,815,Cb,12,900.0,False,0.613017953019282,0.6130762696421503,0.0001070278152303492,5.831662286837069e-05,5.831662286837069e-05
22,815,Cb,13,1028.0,False,0.5951642558504644,0.5952106841981523,0.00010857274203750757,4.6428347687865745e-05,4.6428347687865745e-05
22,815,T,0,0.0,True,577.1187211217361,577.0846229290179,0.05384730352068937,-0.03409819271826109,0.03409819271826109
22,815,T,1,10.0,True,717.5265330745168,717.5004387083375,0.05325899867870684,-0.026094366179336248,0.026094366179336248
22,815,T,2,20.0,True,823.0011527323632,822.982594355769,0.05313028972340004,-0.018558376594114634,0.018558376594114634
22,815,T,3,30.0,True,891.5035641205161,891.4908277661477,0.053098031280796536,-0.012736354368371394,0.012736354368371394
22,815,T,4,50.0,True,960.8264328942907,960.8145369515038,0.053089599752598256,-0.011895942786964042,0.011895942786964042
22,815,T,5,80.0,True,980.3376776156116,980.3388062835495,0.05308709587413307,0.0011286679379054476,0.0011286679379054476
22,815,T,6,120.0,True,949.0621938654876,949.0662155318005,0.053088324213911416,0.004021666312837624,0.004021666312837624
22,815,T,7,180.0,True,873.1803666339367,873.1269040227469,0.05348946206295588,-0.0534626111898433,0.0534626111898433
22,815,T,8,260.0,False,783.2964226416055,783.2663241816756,0.058578204831168004,-0.03009845992994542,0.03009845992994542
22,815,T,9,360.0,False,730.040919018747,730.0116152311916,0.059612554268294426,-0.02930378755536367,0.02930378755536367
22,815,T,10,500.0,False,716.1952298800044,716.1357348522739,0.059692933462568806,-0.059495027730463335,0.059495027730463335
22,815,T,11,700.0,False,714.9932817876266,714.9294253755658,0.059742866323272775,-0.06385641206088621,0.06385641206088621
22,815,T,12,900.0,False,714.9636203007344,714.9081334763124,0.05990572860704425,-0.0554868244220188,0.0554868244220188
22,815,T,13,1028.0,False,714.9629447978774,714.9030729058148,0.06049837604266209,-0.05987189206257426,0.05987189206257426
23,830,Cb,0,0.0,True,0.2843227607722364,0.28432287486987495,0.00018347384534058125,1.1409763855940724e-07,1.1409763855940724e-07
23,830,Cb,1,10.0,True,0.4404393044684896,0.4404639220336951,0.0001777414006117532,2.461756520549807e-05,2.461756520549807e-05
23,830,Cb,2,20.0,True,0.5885548460020289,0.5885594603908686,0.00017613113069827726,4.614388839696559e-06,4.614388839696559e-06
23,830,Cb,3,30.0,True,0.7159620754633723,0.7159724212975842,0.00017555647193047484,1.0345834211888949e-05,1.0345834211888949e-05
23,830,Cb,4,50.0,True,0.9252817285081374,0.9252967479146204,0.00017535384549761753,1.5019406482963404e-05,1.5019406482963404e-05
23,830,Cb,5,80.0,True,1.157881550793667,1.1579396729911933,0.0001752525270340013,5.8122197526211394e-05,5.8122197526211394e-05
23,830,Cb,6,120.0,True,1.3592036078403509,1.359211513710564,0.00017531254045354631,7.905870213154031e-06,7.905870213154031e-06
23,830,Cb,7,180.0,True,1.4904650714577234,1.4905061453887205,0.00018173690669550353,4.1073930997059804e-05,4.1073930997059804e-05
23,830,Cb,8,260.0,False,1.4510835729783604,1.4513341670952977,0.00026957483475676324,0.00025059411693728606,0.00025059411693728606
23,830,Cb,9,360.0,False,1.253120226830431,1.2527398813385329,0.0003260193360652035,-0.00038034549189802647,0.00038034549189802647
23,830,Cb,10,500.0,False,0.9961770642168318,0.9960595912622994,0.0003416381240468286,-0.00011747295453246043,0.00011747295453246043
23,830,Cb,11,700.0,False,0.8069028839563898,0.8067357661775246,0.00034540374166344684,-0.00016711777886513346,0.00016711777886513346
23,830,Cb,12,900.0,False,0.7347493416483084,0.7346278354464125,0.0003477791285615522,-0.00012150620189588235,0.00012150620189588235
23,830,Cb,13,1050.0,False,0.7124931601951737,0.7123456070333557,0.0003538383434504918,-0.0001475531618180259,0.0001475531618180259
23,830,T,0,0.0,True,376.50644756935895,376.54149958170825,0.14368422408737372,0.035052012349297,0.035052012349297
23,830,T,1,10.0,True,597.3867224683823,597.4157409828802,0.14097168394062357,0.02901851449780679,0.02901851449780679
23,830,T,2,20.0,True,764.2893037844668,764.2981665583949,0.14013532617412439,0.008862773928058232,0.008862773928058232
23,830,T,3,30.0,True,876.7979304884984,876.812063547629,0.13989452727427162,0.014133059130585934,0.014133059130585934
23,830,T,4,50.0,True,1001.5441897592516,1001.5365475835791,0.13981369959216114,-0.007642175672458507,0.007642175672458507
23,830,T,5,80.0,True,1062.0572648409352,1062.0574344051824,0.13978850780351215,0.000169564247244125,0.000169564247244125
23,830,T,6,120.0,True,1055.578144963814,1055.4744862642392,0.13982661786889108,-0.10365869957490759,0.10365869957490759
23,830,T,7,180.0,True,998.8910761330114,998.895168289222,0.1414790697086719,0.004092156210617759,0.004092156210617759
23,830,T,8,260.0,False,917.6819255728144,917.8273094121031,0.1771932633154081,0.1453838392886837,0.1453838392886837
23,830,T,9,360.0,False,852.1551522725982,852.0197974066087,0.1853368163233067,-0.1353548659894841,0.1353548659894841
23,830,T,10,500.0,False,823.9736847002138,824.0365561636627,0.1856041523268615,0.06287146344891426,0.06287146344891426
23,830,T,11,700.0,False,819.4953557842964,819.4587874281091,0.18599838650798325,-0.03656835618733112,0.03656835618733112
23,830,T,12,900.0,False,819.2720279029685,819.2597435294407,0.18749132019959094,-0.012284373527791104,0.012284373527791104
23,830,T,13,1050.0,False,819.2618405671261,819.2280736546564,0.19538557818904137,-0.033766912469673116,0.033766912469673116
24,857,Cb,0,0.0,True,1.0951976653708486,1.0952196821886868,0.00014865830742655226,2.2016817838199643e-05,2.2016817838199643e-05
24,857,Cb,1,10.0,True,1.1840390235837852,1.184023622981974,0.00014370227305472285,-1.5400601811155212e-05,1.5400601811155212e-05
24,857,Cb,2,20.0,True,1.2631134608140375,1.2631111928271193,0.0001413882093300249,-2.267986918269571e-06,2.267986918269571e-06
24,857,Cb,3,30.0,True,1.3254778979900868,1.3255027313885814,0.00014062304500290333,2.483339849468358e-05,2.483339849468358e-05
24,857,Cb,4,50.0,True,1.416133737944353,1.416112933183253,0.0001402164984754181,-2.0804761100112756e-05,2.0804761100112756e-05
24,857,Cb,5,80.0,True,1.4960267365410902,1.4960186459908984,0.00014008209471475314,-8.090550191797163e-06,8.090550191797163e-06
24,857,Cb,6,120.0,True,1.5351019061777105,1.5351295133898597,0.00014201373251476824,2.7607212149227678e-05,2.7607212149227678e-05
24,857,Cb,7,180.0,True,1.5030353759475403,1.5030199499393269,0.00014812784624597346,-1.542600821347051e-05,1.542600821347051e-05
24,857,Cb,8,260.0,False,1.375415313689156,1.3756911977214712,0.00037862523489628455,0.00027588403231515457,0.00027588403231515457
24,857,Cb,9,360.0,False,1.194854906114701,1.1951391379441012,0.0006506848503875539,0.00028423182940029434,0.00028423182940029434
24,857,Cb,10,500.0,False,1.0105484214539815,1.0110160349143906,0.0007862901037214254,0.0004676134604091331,0.0004676134604091331
24,857,Cb,11,700.0,False,0.8813607615302491,0.8819127125608209,0.0008253311504904638,0.0005519510305718178,0.0005519510305718178
24,857,Cb,12,900.0,False,0.8321475252811624,0.8319413805384068,0.0008325097515439959,-0.00020614474275559846,0.00020614474275559846
24,857,Cb,13,974.0,False,0.8232351643327784,0.8226429230536076,0.0008667887578570561,-0.000592241279170791,0.000592241279170791
24,857,T,0,0.0,True,542.511090470406,542.5140682510363,0.1221050743204446,0.002977780630317284,0.002977780630317284
24,857,T,1,10.0,True,709.1512764030062,709.1284662433181,0.11763071199471527,-0.02281015968810607,0.02281015968810607
24,857,T,2,20.0,True,831.5787750661149,831.5574718793991,0.11662933580896007,-0.02130318671572695,0.02130318671572695
24,857,T,3,30.0,True,911.68585095473,911.6804687937869,0.11625088473761094,-0.005382160943099734,0.005382160943099734
24,857,T,4,50.0,True,996.1553357908244,996.1138156328591,0.11607141650743576,-0.041520157965351245,0.041520157965351245
24,857,T,5,80.0,True,1030.522933853645,1030.5561517611202,0.1159791437181792,0.033217907475091124,0.033217907475091124
24,857,T,6,120.0,True,1016.9498769098656,1016.8905947903158,0.1161720822510025,-0.059282119549720846,0.059282119549720846
24,857,T,7,180.0,True,972.3314340642644,972.2986066615186,0.1211585395254476,-0.032827402745738254,0.032827402745738254
24,857,T,8,260.0,False,923.548197923324,923.8352003146647,0.1924565893391,0.2870023913407067,0.2870023913407067
24,857,T,9,360.0,False,892.77339428389,892.9254726301033,0.246681088118352,0.1520783462133295,0.1520783462133295
24,857,T,10,500.0,False,880.4879054088256,880.3995106788029,0.2629857728369476,-0.08839473002262821,0.08839473002262821
24,857,T,11,700.0,False,878.1203782093347,877.953978057693,0.2664062105231936,-0.16640015164171018,0.16640015164171018
24,857,T,12,900.0,False,877.9454655952039,877.7675847456819,0.26786450362387243,-0.17788084952201189,0.17788084952201189
24,857,T,13,974.0,False,877.9369423469849,877.7592310164521,0.3013888307095301,-0.17771133053281574,0.17771133053281574
25,881,Cb,0,0.0,True,0.0867077352149221,0.08636590952943451,0.0016943366008001547,-0.0003418256854875873,0.0003418256854875873
25,881,Cb,1,10.0,True,0.0912010599652476,0.09157585341348068,0.0016223787541568139,0.0003747934482330739,0.0003747934482330739
25,881,Cb,2,20.0,True,0.1021520107664636,0.10049864597370267,0.0015984605182184448,-0.0016533647927609307,0.0016533647927609307
25,881,Cb,3,30.0,True,0.1172281212833307,0.11849074445880048,0.0015907767708431039,0.001262623175469782,0.001262623175469782
25,881,Cb,4,50.0,True,0.1538587052181148,0.15350664644033185,0.001588457933634592,-0.0003520587777829376,0.0003520587777829376
25,881,Cb,5,80.0,True,0.2139810981616474,0.21198645898972834,0.0015882740230821239,-0.001994639171919055,0.001994639171919055
25,881,Cb,6,120.0,True,0.2917122653669681,0.2941463623236025,0.0015952494528779246,0.0024340969566343795,0.0024340969566343795
25,881,Cb,7,180.0,True,0.3922946435674685,0.39200508937074496,0.0016158206361075419,-0.00028955419672355154,0.00028955419672355154
25,881,Cb,8,260.0,False,0.4935721929030166,0.4918543155875075,0.001651720240539051,-0.0017178773155091531,0.0017178773155091531
25,881,Cb,9,360.0,False,0.577498311164901,0.5795139306002823,0.0016999915937411284,0.0020156194353813106,0.0020156194353813106
25,881,Cb,10,500.0,False,0.6436388716538488,0.6445609607863083,0.0017545288221341836,0.0009220891324595026,0.0009220891324595026
25,881,Cb,11,700.0,False,0.6850981519489576,0.6808967092321626,0.001846080429979827,-0.004201442716795012,0.004201442716795012
25,881,Cb,12,738.0,False,0.6892774538326443,0.6845547651254521,0.0025186452451415446,-0.004722688707192169,0.004722688707192169
25,881,T,0,0.0,True,679.4852871543352,679.3926312562369,0.4709997354105232,-0.09265589809831454,0.09265589809831454
25,881,T,1,10.0,True,687.4654515880443,687.7072527908921,0.45220400468040645,0.24180120284779605,0.24180120284779605
25,881,T,2,20.0,True,694.3748505797593,694.045870296697,0.44606813918121263,-0.3289802830622648,0.3289802830622648
25,881,T,3,30.0,True,702.6241421814199,703.2124842087924,0.44424579641946893,0.5883420273725051,0.5883420273725051
25,881,T,4,50.0,True,719.1094011673058,719.208453224547,0.44342134720486626,0.09905205724123789,0.09905205724123789
25,881,T,5,80.0,True,737.7082880098814,737.7975902404777,0.4433405430720578,0.08930223059633136,0.08930223059633136
25,881,T,6,120.0,True,751.8769499191552,752.5949086659667,0.444701424513763,0.7179587468115187,0.7179587468115187
25,881,T,7,180.0,True,761.1133133139332,761.413766305485,0.4525843778377584,0.3004529915517651,0.3004529915517651
25,881,T,8,260.0,False,765.0611642677887,765.4317937190445,0.46964004500873663,0.3706294512558088,0.3706294512558088
25,881,T,9,360.0,False,766.2596947257506,766.6750958989599,0.4850498847463262,0.4154011732092613,0.4154011732092613
25,881,T,10,500.0,False,766.5343999919507,766.9690437362098,0.5002552566400327,0.43464374425900587,0.43464374425900587
25,881,T,11,700.0,False,766.5667621505713,767.126423560766,0.5281576043638505,0.5596614101947353,0.5596614101947353
25,881,T,12,738.0,False,766.5674139646418,767.6664106139192,0.9584249389044504,1.0989966492774101,1.0989966492774101
26,883,Cb,0,0.0,True,1.2555024772436196,1.25486576318385,0.0022560003445266934,-0.0006367140597696164,0.0006367140597696164
26,883,Cb,1,10.0,True,1.2076332650625932,1.2054400269972012,0.0021531186815820615,-0.002193238065391956,0.002193238065391956
26,883,Cb,2,20.0,True,1.1516075844473284,1.156693321245683,0.0021210366410972584,0.0050857367983545565,0.0050857367983545565
26,883,Cb,3,30.0,True,1.0987200518881806,1.0931615976288196,0.0021116743753943133,-0.005558454259360968,0.005558454259360968
26,883,Cb,4,50.0,True,1.0014985843527142,1.0017205512805898,0.0021062269113616716,0.00022196692787557204,0.00022196692787557204
26,883,Cb,5,80.0,True,0.873930929254784,0.877903100038032,0.002104758376938162,0.003972170783247964,0.003972170783247964
26,883,Cb,6,120.0,True,0.7318954507564787,0.7280645904729897,0.0021134565502798496,-0.0038308602834890015,0.0038308602834890015
26,883,Cb,7,180.0,True,0.5662175189735532,0.5671233076995476,0.0021362406370164216,0.0009057887259943387,0.0009057887259943387
26,883,Cb,8,260.0,False,0.4104855067445817,0.41353640248150353,0.0021718501034704153,0.003050895736921855,0.003050895736921855
26,883,Cb,9,360.0,False,0.2861618525353631,0.28387235721970255,0.0022106021327194894,-0.002289495315660528,0.002289495315660528
26,883,Cb,10,500.0,False,0.1899007884368312,0.18882286529934966,0.002242309307128742,-0.0010779231374815346,0.0010779231374815346
26,883,Cb,11,700.0,False,0.1300411687871738,0.13144134328164125,0.0022708540756053637,0.0014001744944674432,0.0014001744944674432
26,883,Cb,12,900.0,False,0.108089032299117,0.10751895936589384,0.002320882628708864,-0.0005700729332231563,0.0005700729332231563
26,883,Cb,13,906.0,False,0.10771214215784,0.10759098193704963,0.0025579469369146524,-0.00012116022079036726,0.00012116022079036726
26,883,T,0,0.0,True,783.6144246242063,783.6118751551516,0.017196815969932586,-0.0025494690547702703,0.0025494690547702703
26,883,T,1,10.0,True,690.566820363765,690.5761092441307,0.01652666474192305,0.009288880365716068,0.009288880365716068
26,883,T,2,20.0,True,605.4839646091538,605.4727905555276,0.016295037371152583,-0.011174053626177738,0.011174053626177738
26,883,T,3,30.0,True,542.7473665150935,542.7536790791171,0.01620342085049658,0.006312564023573941,0.006312564023573941
26,883,T,4,50.0,True,462.54986728642206,462.5521762599146,0.016145810069474027,0.0023089734925179073,0.0023089734925179073
26,883,T,5,80.0,True,405.4459243017455,405.4380133392718,0.016114504411636917,-0.0079109624737157,0.0079109624737157
26,883,T,6,120.0,True,378.58930827690193,378.59359658305345,0.0162786450690513,0.004288306151522647,0.004288306151522647
26,883,T,7,180.0,True,369.201523384391,369.1969740011481,0.017103674607393066,-0.004549383242931526,0.004549383242931526
26,883,T,8,260.0,False,367.6593492405991,367.6382794696048,0.03744949031447747,-0.021069770994301962,0.021069770994301962
26,883,T,9,360.0,False,367.60136760749975,367.54263626706745,0.06056658968034206,-0.05873134043230266,0.05873134043230266
26,883,T,10,500.0,False,367.65790708714735,367.57446201156455,0.07200926908187709,-0.08344507558280156,0.08344507558280156
26,883,T,11,700.0,False,367.6931817824053,367.59290999392147,0.07542679222248588,-0.10027178848383755,0.10027178848383755
26,883,T,12,900.0,False,367.705382350657,367.59456625760504,0.07617105572966291,-0.11081609305193751,0.11081609305193751
26,883,T,13,906.0,False,367.7055885424543,367.5622577786534,0.0831639038665704,-0.1433307638008614,0.1433307638008614
27,907,Cb,0,0.0,True,1.090537362660153,1.0905858203852277,0.0003006497678354295,4.84577250745577e-05,4.84577250745577e-05
27,907,Cb,1,10.0,True,1.1766478615670977,1.1766676273746688,0.0002902385997575985,1.9765807571126004e-05,1.9765807571126004e-05
27,907,Cb,2,20.0,True,1.2569070750393982,1.2569162581231184,0.000287127656972124,9.183083720110119e-06,9.183083720110119e-06
27,907,Cb,3,30.0,True,1.32463901242374,1.3246203208202048,0.00028623343751774013,-1.86916035351814e-05,1.86916035351814e-05
27,907,Cb,4,50.0,True,1.4298335463196286,1.4299320404465115,0.00028562320180138196,9.84941268828976e-05,9.84941268828976e-05
27,907,Cb,5,80.0,True,1.5278336148747973,1.5277656884404065,0.00028528734157647555,-6.792643439079704e-05,6.792643439079704e-05
27,907,Cb,6,120.0,True,1.5720881195600442,1.5721289692470997,0.0002852673560174119,4.0849687055422024e-05,4.0849687055422024e-05
27,907,Cb,7,180.0,True,1.5058442559269607,1.5056805198957306,0.00029614370184073333,-0.0001637360312300995,0.0001637360312300995
27,907,Cb,8,260.0,False,1.2969510050863229,1.297514839551948,0.00041231082321677165,0.0005638344656251348,0.0005638344656251348
27,907,Cb,9,360.0,False,1.0410838406791472,1.041538537696126,0.000488485710599496,0.00045469701697875564,0.00045469701697875564
27,907,Cb,10,500.0,False,0.8152030071362162,0.815236322964324,0.0005088714607772476,3.3315828107838286e-05,3.3315828107838286e-05
27,907,Cb,11,700.0,False,0.6704143669592648,0.6701411952892646,0.0005142804334548647,-0.00027317167000018294,0.00027317167000018294
27,907,Cb,12,900.0,False,0.616977260463298,0.6165853289514103,0.0005197964100094657,-0.0003919315118877664,0.0003919315118877664
27,907,Cb,13,989.0,False,0.6058052276021031,0.6052938332914405,0.0005414501622823356,-0.0005113943106626051,0.0005113943106626051
27,907,T,0,0.0,True,763.0279308029968,763.0239400520223,0.16353136816288702,-0.003990750974480761,0.003990750974480761
27,907,T,1,10.0,True,825.6621844806486,825.6492889057228,0.15987880134557791,-0.012895574925892106,0.012895574925892106
27,907,T,2,20.0,True,873.7577006289972,873.7460103698235,0.15870632689075326,-0.011690259173747108,0.011690259173747108
27,907,T,3,30.0,True,902.3863701075892,902.3663796497399,0.1584417551359056,-0.01999045784930331,0.01999045784930331
27,907,T,4,50.0,True,923.8947619507586,923.8919084071803,0.1583445327432969,-0.002853543578339668,0.002853543578339668
27,907,T,5,80.0,True,911.6482020924173,911.5968533245195,0.15829014790460616,-0.05134876789770715,0.05134876789770715
27,907,T,6,120.0,True,865.8658421705442,865.7918265739947,0.15831293169553712,-0.07401559654942957,0.07401559654942957
27,907,T,7,180.0,True,787.7453725416242,787.7053761732228,0.1610351766848823,-0.03999636840137555,0.03999636840137555
27,907,T,8,260.0,False,712.8438716085494,713.2254870954444,0.2048824413085841,0.38161548689492975,0.38161548689492975
27,907,T,9,360.0,False,679.3245462652802,679.3594314525277,0.21903092295466398,0.03488518724748246,0.03488518724748246
27,907,T,10,500.0,False,672.5584914789126,672.5242755939141,0.22002426830348606,-0.03421588499850259,0.03421588499850259
27,907,T,11,700.0,False,672.0639144852075,671.9767991745181,0.2205676842587694,-0.08711531068945533,0.08711531068945533
27,907,T,12,900.0,False,672.0535793857971,671.9864210425413,0.22292261923023762,-0.06715834325575543,0.06715834325575543
27,907,T,13,989.0,False,672.0533992238495,671.9677302654937,0.23153835970880332,-0.08566895835576815,0.08566895835576815
28,974,Cb,0,0.0,True,0.7409423723773966,0.7409702887098123,0.0003245744749167909,2.7916332415722778e-05,2.7916332415722778e-05
28,974,Cb,1,10.0,True,0.869212387472938,0.8691907589585062,0.0003155731110355036,-2.162851443188174e-05,2.162851443188174e-05
28,974,Cb,2,20.0,True,0.9894344339482388,0.9894475525970714,0.00031114969110384775,1.3118648832577406e-05,1.3118648832577406e-05
28,974,Cb,3,30.0,True,1.0933439440121475,1.0933309208629107,0.00030953779408865185,-1.3023149236790488e-05,1.3023149236790488e-05
28,974,Cb,4,50.0,True,1.262215933775229,1.2622842671075556,0.00030895721833014845,6.833333232658667e-05,6.833333232658667e-05
28,974,Cb,5,80.0,True,1.439017553878594,1.4388952873242844,0.00030886806102840895,-0.00012226655430969124,0.00012226655430969124
28,974,Cb,6,120.0,True,1.5621992056292098,1.5623570716758328,0.0003120541371154169,0.00015786604662304526,0.00015786604662304526
28,974,Cb,7,180.0,True,1.5591218569810872,1.559023840489368,0.0003230599306893584,-9.801649171925497e-05,9.801649171925497e-05
28,974,Cb,8,260.0,False,1.340222488985107,1.3399657883843425,0.000798676774798854,-0.0002567006007645478,0.0002567006007645478
28,974,Cb,9,360.0,False,1.01608181412869,1.0164326859878505,0.0012639591971141868,0.00035087185916049535,0.00035087185916049535
28,974,Cb,10,500.0,False,0.7235736018447401,0.7238010827307719,0.0014307738181364071,0.00022748088603186112,0.00022748088603186112
28,974,Cb,11,700.0,False,0.5370842891121225,0.5372428025402604,0.0014623803985808186,0.00015851342813788527,0.00015851342813788527
28,974,Cb,12,900.0,False,0.4683694277640801,0.468623072151802,0.0014696336027896083,0.00025364438772190745,0.00025364438772190745
28,974,Cb,13,1039.0,False,0.4483362798205362,0.4489496365004534,0.0015076219974943048,0.0006133566799171875,0.0006133566799171875
28,974,T,0,0.0,True,670.7999355617644,670.8250521301513,0.21318942396229676,0.025116568386920335,0.025116568386920335
28,974,T,1,10.0,True,777.9631103669343,777.9492361856186,0.2094540891188443,-0.01387418131571394,0.01387418131571394
28,974,T,2,20.0,True,859.1308171663062,859.1293872553363,0.20819503064114797,-0.0014299109699322798,0.0014299109699322798
28,974,T,3,30.0,True,910.7642614515252,910.751815512796,0.2076739649802039,-0.012445938729115369,0.012445938729115369
28,974,T,4,50.0,True,959.37519679062,959.3800735464093,0.20751241524973874,0.004876755789382514,0.004876755789382514
28,974,T,5,80.0,True,963.0731486611132,963.0405020785207,0.2075109574968209,-0.032646582592519735,0.032646582592519735
28,974,T,6,120.0,True,919.194504880804,919.2345111506038,0.20797923096367252,0.04000626979984645,0.04000626979984645
28,974,T,7,180.0,True,825.4313230356478,825.3704471030892,0.21190577806411318,-0.06087593255858792,0.06087593255858792
28,974,T,8,260.0,False,715.479159342229,715.7377417059037,0.3934793832803412,0.2585823636746909,0.2585823636746909
28,974,T,9,360.0,False,659.7707483760199,660.149612378877,0.4705845977143821,0.3788640028570853,0.3788640028570853
28,974,T,10,500.0,False,650.2257144341787,650.350001172871,0.4773390365060298,0.12428673869226259,0.12428673869226259
28,974,T,11,700.0,False,649.7788334889053,649.841372547646,0.4785792851893569,0.06253905874064003,0.06253905874064003
28,974,T,12,900.0,False,649.7739491513827,649.8576713742902,0.4816376606766243,0.08372222290756781,0.08372222290756781
28,974,T,13,1039.0,False,649.773898591167,649.8173661272881,0.4962574680207916,0.04346753612105658,0.04346753612105658
29,992,Cb,0,0.0,True,0.2487426269281394,0.24868218102320766,0.0019130435680030165,-6.044590493173296e-05,6.044590493173296e-05
29,992,Cb,1,10.0,True,0.2504779205784927,0.25190378510754263,0.001788274726925428,0.001425864529049914,0.001425864529049914
29,992,Cb,2,20.0,True,0.258754137211184,0.2575688545007305,0.0017519600187232652,-0.0011852827104534835,0.0011852827104534835
29,992,Cb,3,30.0,True,0.2749448881813003,0.2766874446620637,0.0017394858702994803,0.0017425564807633798,0.0017425564807633798
29,992,Cb,4,50.0,True,0.3221658323785932,0.3223998047724403,0.0017322839526125856,0.00023397239384709279,0.00023397239384709279
29,992,Cb,5,80.0,True,0.4066274077980884,0.4039968473543843,0.0017315829255918577,-0.002630560443704133,0.002630560443704133
29,992,Cb,6,120.0,True,0.5187211165226498,0.5218626503827144,0.0017443145035385469,0.0031415338600645493,0.0031415338600645493
29,992,Cb,7,180.0,True,0.6663360081198356,0.6659131721993189,0.001784317037832796,-0.0004228359205167287,0.0004228359205167287
29,992,Cb,8,260.0,False,0.8201636052602455,0.8182547346650745,0.0018528210433902015,-0.001908870595170975,0.001908870595170975
29,992,Cb,9,360.0,False,0.9548423099558836,0.9586875437138763,0.001931682161557117,0.0038452337579927276,0.0038452337579927276
29,992,Cb,10,500.0,False,1.0690132940456218,1.0706106520998218,0.001998275823637373,0.0015973580541999155,0.0015973580541999155
29,992,Cb,11,700.0,False,1.1473299855666343,1.145253110193677,0.0020538097983962096,-0.0020768753729574208,0.0020768753729574208
29,992,Cb,12,900.0,False,1.1789794337524269,1.183341109218806,0.002115218061147418,0.004361675466379111,0.004361675466379111
29,992,Cb,13,1100.0,False,1.1915557280117164,1.1943332365403694,0.002193370135817468,0.0027775085286529944,0.0027775085286529944
29,992,Cb,14,1112.0,False,1.1919999372692462,1.193722361966459,0.002564579146796149,0.0017224246972127322,0.0017224246972127322
29,992,T,0,0.0,True,769.1933027602452,769.2003110366234,0.01685607171751585,0.007008276378201117,0.007008276378201117
29,992,T,1,10.0,True,702.5227861736196,702.5187938168111,0.016406761721757406,-0.0039923568084532235,0.0039923568084532235
29,992,T,2,20.0,True,644.0653867279331,644.067677858451,0.01614514486745658,0.0022911305179604824,0.0022911305179604824
29,992,T,3,30.0,True,607.1548441286538,607.1537311675204,0.01603784366370474,-0.0011129611334581568,0.0011129611334581568
29,992,T,4,50.0,True,572.624219801574,572.6293574324965,0.016003272892849016,0.005137630922490644,0.005137630922490644
29,992,T,5,80.0,True,561.9144337442932,561.9137256680712,0.015978793716661277,-0.0007080762220539327,0.0007080762220539327
29,992,T,6,120.0,True,566.5119111979056,566.5101120861152,0.0161011286856093,-0.0017991117904330167,0.0017991117904330167
29,992,T,7,180.0,True,575.8802488540794,575.8824756114627,0.016735117783044224,0.0022267573833687493,0.0022267573833687493
29,992,T,8,260.0,False,583.4178023511065,583.4506601585692,0.038360374898432914,0.032857807462733035,0.032857807462733035
29,992,T,9,360.0,False,588.0989902726774,588.1742936234563,0.059634009943256426,0.0753033507788814,0.0753033507788814
29,992,T,10,500.0,False,591.0262677639113,591.1414595520913,0.06834644919332082,0.11519178818002729,0.11519178818002729
29,992,T,11,700.0,False,592.5580820717191,592.7029134336273,0.07080582065570995,0.14483136190813184,0.14483136190813184
29,992,T,12,900.0,False,593.0491903097508,593.2038043612998,0.07166141028137789,0.1546140515490606,0.1546140515490606
29,992,T,13,1100.0,False,593.2118429141811,593.3738714626606,0.0730396976875451,0.16202854847949766,0.16202854847949766
29,992,T,14,1112.0,False,593.2170398642014,593.6733987839857,0.2715557572804022,0.456358919784293,0.456358919784293
