test_batch,output,time_representation,features,learned_kernel
28,Cb,anchor_index,"anchor_index,u1_frac_A,u1_Tc_scaled,delta_frac_A,delta_Tc_scaled,Cb_0","1.09**2 * RBF(length_scale=[0.872, 1.38, 20, 1.34, 20, 2.56]) + WhiteKernel(noise_level=0.000113)"
28,T,anchor_index,"anchor_index,u1_frac_A,u1_Tc_scaled,delta_frac_A,delta_Tc_scaled,T_0","1.86**2 * RBF(length_scale=[0.485, 1.74, 4.56, 2.93, 20, 5.88]) + WhiteKernel(noise_level=6.86e-07)"
28,Cb,actual_time,"time,u1_frac_A,u1_Tc_scaled,delta_frac_A,delta_Tc_scaled,Cb_0","3.27**2 * RBF(length_scale=[0.686, 2.4, 20, 1.81, 20, 7.01]) + WhiteKernel(noise_level=5.78e-06)"
28,T,actual_time,"time,u1_frac_A,u1_Tc_scaled,delta_frac_A,delta_Tc_scaled,T_0","1.51**2 * RBF(length_scale=[0.2, 0.717, 19.5, 0.338, 0.517, 19.2]) + WhiteKernel(noise_level=0.00116)"
36,Cb,anchor_index,"anchor_index,u1_frac_A,u1_Tc_scaled,delta_frac_A,delta_Tc_scaled,Cb_0","1.09**2 * RBF(length_scale=[1.02, 1.31, 20, 20, 20, 2.32]) + WhiteKernel(noise_level=6.12e-05)"
36,T,anchor_index,"anchor_index,u1_frac_A,u1_Tc_scaled,delta_frac_A,delta_Tc_scaled,T_0","0.958**2 * RBF(length_scale=[0.769, 20, 0.656, 0.445, 0.826, 14.9]) + WhiteKernel(noise_level=0.000361)"
36,Cb,actual_time,"time,u1_frac_A,u1_Tc_scaled,delta_frac_A,delta_Tc_scaled,Cb_0","2.45**2 * RBF(length_scale=[0.865, 20, 20, 0.993, 20, 6.16]) + WhiteKernel(noise_level=1.7e-05)"
36,T,actual_time,"time,u1_frac_A,u1_Tc_scaled,delta_frac_A,delta_Tc_scaled,T_0","1.81**2 * RBF(length_scale=[0.282, 20, 5.79, 0.768, 2.24, 4.12]) + WhiteKernel(noise_level=0.00079)"
65,Cb,anchor_index,"anchor_index,u1_frac_A,u1_Tc_scaled,delta_frac_A,delta_Tc_scaled,Cb_0","0.937**2 * RBF(length_scale=[0.872, 1.7, 20, 1.85, 20, 1.97]) + WhiteKernel(noise_level=5.3e-05)"
65,T,anchor_index,"anchor_index,u1_frac_A,u1_Tc_scaled,delta_frac_A,delta_Tc_scaled,T_0","1.8**2 * RBF(length_scale=[0.757, 3.23, 6.37, 9.1, 20, 3.85]) + WhiteKernel(noise_level=0.000191)"
65,Cb,actual_time,"time,u1_frac_A,u1_Tc_scaled,delta_frac_A,delta_Tc_scaled,Cb_0","2.55**2 * RBF(length_scale=[0.627, 20, 20, 1.21, 20, 3.94]) + WhiteKernel(noise_level=1.58e-05)"
65,T,actual_time,"time,u1_frac_A,u1_Tc_scaled,delta_frac_A,delta_Tc_scaled,T_0","2.4**2 * RBF(length_scale=[0.2, 3.25, 6.69, 6.2, 20, 4.03]) + WhiteKernel(noise_level=0.000102)"
165,Cb,anchor_index,"anchor_index,u1_frac_A,u1_Tc_scaled,delta_frac_A,delta_Tc_scaled,Cb_0","1.3**2 * RBF(length_scale=[0.933, 1.03, 20, 1.56, 20, 3.37]) + WhiteKernel(noise_level=0.000135)"
165,T,anchor_index,"anchor_index,u1_frac_A,u1_Tc_scaled,delta_frac_A,delta_Tc_scaled,T_0","2.22**2 * RBF(length_scale=[0.866, 20, 3.96, 2.3, 20, 5.52]) + WhiteKernel(noise_level=0.0003)"
165,Cb,actual_time,"time,u1_frac_A,u1_Tc_scaled,delta_frac_A,delta_Tc_scaled,Cb_0","4.14**2 * RBF(length_scale=[0.673, 20, 20, 0.996, 20, 5.34]) + WhiteKernel(noise_level=2.03e-05)"
165,T,actual_time,"time,u1_frac_A,u1_Tc_scaled,delta_frac_A,delta_Tc_scaled,T_0","2.64**2 * RBF(length_scale=[0.212, 20, 3.97, 2.01, 20, 5.48]) + WhiteKernel(noise_level=7.12e-05)"
174,Cb,anchor_index,"anchor_index,u1_frac_A,u1_Tc_scaled,delta_frac_A,delta_Tc_scaled,Cb_0","1.09**2 * RBF(length_scale=[0.83, 1.23, 20, 2.08, 20, 3.06]) + WhiteKernel(noise_level=8.86e-05)"
174,T,anchor_index,"anchor_index,u1_frac_A,u1_Tc_scaled,delta_frac_A,delta_Tc_scaled,T_0","1.04**2 * RBF(length_scale=[0.446, 20, 16.2, 0.876, 3.97, 5.93]) + WhiteKernel(noise_level=1.16e-06)"
174,Cb,actual_time,"time,u1_frac_A,u1_Tc_scaled,delta_frac_A,delta_Tc_scaled,Cb_0","8.8**2 * RBF(length_scale=[1.2, 20, 13.2, 1.53, 20, 16]) + WhiteKernel(noise_level=2.99e-05)"
174,T,actual_time,"time,u1_frac_A,u1_Tc_scaled,delta_frac_A,delta_Tc_scaled,T_0","2.43**2 * RBF(length_scale=[0.2, 6.77, 20, 1.61, 5.92, 11.3]) + WhiteKernel(noise_level=0.0013)"
204,Cb,anchor_index,"anchor_index,u1_frac_A,u1_Tc_scaled,delta_frac_A,delta_Tc_scaled,Cb_0","1.2**2 * RBF(length_scale=[0.879, 1.1, 20, 20, 20, 2.61]) + WhiteKernel(noise_level=6.59e-05)"
204,T,anchor_index,"anchor_index,u1_frac_A,u1_Tc_scaled,delta_frac_A,delta_Tc_scaled,T_0","1.32**2 * RBF(length_scale=[0.715, 2.87, 7.04, 3.01, 2.71, 3.92]) + WhiteKernel(noise_level=0.000254)"
204,Cb,actual_time,"time,u1_frac_A,u1_Tc_scaled,delta_frac_A,delta_Tc_scaled,Cb_0","3.33**2 * RBF(length_scale=[0.591, 2.38, 20, 2.12, 20, 8.2]) + WhiteKernel(noise_level=6.12e-05)"
204,T,actual_time,"time,u1_frac_A,u1_Tc_scaled,delta_frac_A,delta_Tc_scaled,T_0","2.32**2 * RBF(length_scale=[0.2, 2.82, 5.61, 3.77, 5.26, 4.98]) + WhiteKernel(noise_level=0.000332)"
207,Cb,anchor_index,"anchor_index,u1_frac_A,u1_Tc_scaled,delta_frac_A,delta_Tc_scaled,Cb_0","1.07**2 * RBF(length_scale=[0.867, 20, 11.7, 1.17, 20, 2.12]) + WhiteKernel(noise_level=8.76e-05)"
207,T,anchor_index,"anchor_index,u1_frac_A,u1_Tc_scaled,delta_frac_A,delta_Tc_scaled,T_0","1.8**2 * RBF(length_scale=[0.751, 6.02, 20, 2.22, 4.11, 5.28]) + WhiteKernel(noise_level=0.000428)"
207,Cb,actual_time,"time,u1_frac_A,u1_Tc_scaled,delta_frac_A,delta_Tc_scaled,Cb_0","2.31**2 * RBF(length_scale=[0.617, 20, 20, 1.2, 20, 2.95]) + WhiteKernel(noise_level=1.5e-05)"
207,T,actual_time,"time,u1_frac_A,u1_Tc_scaled,delta_frac_A,delta_Tc_scaled,T_0","2.16**2 * RBF(length_scale=[0.2, 6.02, 20, 2.16, 3.99, 5.69]) + WhiteKernel(noise_level=0.00036)"
229,Cb,anchor_index,"anchor_index,u1_frac_A,u1_Tc_scaled,delta_frac_A,delta_Tc_scaled,Cb_0","1.09**2 * RBF(length_scale=[0.796, 1.25, 20, 1.11, 20, 2.94]) + WhiteKernel(noise_level=0.000226)"
229,T,anchor_index,"anchor_index,u1_frac_A,u1_Tc_scaled,delta_frac_A,delta_Tc_scaled,T_0","1.37**2 * RBF(length_scale=[0.74, 2.06, 6.49, 2.7, 20, 2.58]) + WhiteKernel(noise_level=0.000466)"
229,Cb,actual_time,"time,u1_frac_A,u1_Tc_scaled,delta_frac_A,delta_Tc_scaled,Cb_0","1.8**2 * RBF(length_scale=[0.408, 3.67, 20, 0.87, 20, 5.68]) + WhiteKernel(noise_level=1.08e-05)"
229,T,actual_time,"time,u1_frac_A,u1_Tc_scaled,delta_frac_A,delta_Tc_scaled,T_0","2.11**2 * RBF(length_scale=[0.2, 2.34, 6.6, 2.27, 20, 2.6]) + WhiteKernel(noise_level=7.01e-05)"
232,Cb,anchor_index,"anchor_index,u1_frac_A,u1_Tc_scaled,delta_frac_A,delta_Tc_scaled,Cb_0","1.33**2 * RBF(length_scale=[0.853, 20, 4.71, 1.5, 20, 3.67]) + WhiteKernel(noise_level=0.000147)"
232,T,anchor_index,"anchor_index,u1_frac_A,u1_Tc_scaled,delta_frac_A,delta_Tc_scaled,T_0","2.19**2 * RBF(length_scale=[0.792, 7.28, 20, 1.6, 12.7, 5.64]) + WhiteKernel(noise_level=0.000641)"
232,Cb,actual_time,"time,u1_frac_A,u1_Tc_scaled,delta_frac_A,delta_Tc_scaled,Cb_0","3.46**2 * RBF(length_scale=[0.62, 20, 12.7, 1.44, 20, 9.37]) + WhiteKernel(noise_level=1.67e-05)"
232,T,actual_time,"time,u1_frac_A,u1_Tc_scaled,delta_frac_A,delta_Tc_scaled,T_0","1.8**2 * RBF(length_scale=[0.2, 0.475, 20, 1.18, 14.3, 20]) + WhiteKernel(noise_level=0.000136)"
234,Cb,anchor_index,"anchor_index,u1_frac_A,u1_Tc_scaled,delta_frac_A,delta_Tc_scaled,Cb_0","1.31**2 * RBF(length_scale=[0.839, 1.94, 20, 1.89, 20, 3.6]) + WhiteKernel(noise_level=0.000123)"
234,T,anchor_index,"anchor_index,u1_frac_A,u1_Tc_scaled,delta_frac_A,delta_Tc_scaled,T_0","2.29**2 * RBF(length_scale=[0.74, 20, 7.72, 2.01, 20, 3.86]) + WhiteKernel(noise_level=0.000644)"
234,Cb,actual_time,"time,u1_frac_A,u1_Tc_scaled,delta_frac_A,delta_Tc_scaled,Cb_0","4.35**2 * RBF(length_scale=[0.857, 4.37, 20, 1.69, 20, 9.09]) + WhiteKernel(noise_level=7.38e-05)"
234,T,actual_time,"time,u1_frac_A,u1_Tc_scaled,delta_frac_A,delta_Tc_scaled,T_0","3.36**2 * RBF(length_scale=[0.2, 20, 6.99, 2.41, 20, 4.14]) + WhiteKernel(noise_level=0.000171)"
250,Cb,anchor_index,"anchor_index,u1_frac_A,u1_Tc_scaled,delta_frac_A,delta_Tc_scaled,Cb_0","1.01**2 * RBF(length_scale=[0.87, 0.77, 20, 1.07, 20, 2.52]) + WhiteKernel(noise_level=9.75e-05)"
250,T,anchor_index,"anchor_index,u1_frac_A,u1_Tc_scaled,delta_frac_A,delta_Tc_scaled,T_0","1.78**2 * RBF(length_scale=[0.823, 2.39, 5.91, 1.99, 20, 3.76]) + WhiteKernel(noise_level=0.000345)"
250,Cb,actual_time,"time,u1_frac_A,u1_Tc_scaled,delta_frac_A,delta_Tc_scaled,Cb_0","3.99**2 * RBF(length_scale=[0.685, 2.28, 20, 1.54, 20, 10.2]) + WhiteKernel(noise_level=1.52e-05)"
250,T,actual_time,"time,u1_frac_A,u1_Tc_scaled,delta_frac_A,delta_Tc_scaled,T_0","2.27**2 * RBF(length_scale=[0.2, 2.38, 5.47, 1.94, 20, 4.55]) + WhiteKernel(noise_level=0.000251)"
257,Cb,anchor_index,"anchor_index,u1_frac_A,u1_Tc_scaled,delta_frac_A,delta_Tc_scaled,Cb_0","1.14**2 * RBF(length_scale=[0.776, 1.01, 20, 20, 20, 3.16]) + WhiteKernel(noise_level=0.000126)"
257,T,anchor_index,"anchor_index,u1_frac_A,u1_Tc_scaled,delta_frac_A,delta_Tc_scaled,T_0","1.42**2 * RBF(length_scale=[0.805, 2.23, 11.8, 20, 20, 3.06]) + WhiteKernel(noise_level=0.000239)"
257,Cb,actual_time,"time,u1_frac_A,u1_Tc_scaled,delta_frac_A,delta_Tc_scaled,Cb_0","3.26**2 * RBF(length_scale=[0.622, 1.64, 20, 16.6, 20, 3.3]) + WhiteKernel(noise_level=1.72e-05)"
257,T,actual_time,"time,u1_frac_A,u1_Tc_scaled,delta_frac_A,delta_Tc_scaled,T_0","1.73**2 * RBF(length_scale=[0.2, 2.25, 9.94, 20, 20, 3.06]) + WhiteKernel(noise_level=0.000114)"
314,Cb,anchor_index,"anchor_index,u1_frac_A,u1_Tc_scaled,delta_frac_A,delta_Tc_scaled,Cb_0","1.84**2 * RBF(length_scale=[0.919, 2.42, 20, 2.04, 20, 4.85]) + WhiteKernel(noise_level=0.000141)"
314,T,anchor_index,"anchor_index,u1_frac_A,u1_Tc_scaled,delta_frac_A,delta_Tc_scaled,T_0","2.85**2 * RBF(length_scale=[0.831, 4.9, 8.71, 3.78, 20, 4.49]) + WhiteKernel(noise_level=0.000483)"
314,Cb,actual_time,"time,u1_frac_A,u1_Tc_scaled,delta_frac_A,delta_Tc_scaled,Cb_0","4.65**2 * RBF(length_scale=[0.659, 4.12, 20, 1.89, 20, 12.6]) + WhiteKernel(noise_level=3.81e-05)"
314,T,actual_time,"time,u1_frac_A,u1_Tc_scaled,delta_frac_A,delta_Tc_scaled,T_0","3.85**2 * RBF(length_scale=[0.217, 5.84, 7.67, 3.82, 20, 4.88]) + WhiteKernel(noise_level=0.00018)"
332,Cb,anchor_index,"anchor_index,u1_frac_A,u1_Tc_scaled,delta_frac_A,delta_Tc_scaled,Cb_0","1.26**2 * RBF(length_scale=[0.894, 1.06, 20, 20, 20, 3.7]) + WhiteKernel(noise_level=0.000137)"
332,T,anchor_index,"anchor_index,u1_frac_A,u1_Tc_scaled,delta_frac_A,delta_Tc_scaled,T_0","1.57**2 * RBF(length_scale=[0.458, 2.32, 8.33, 20, 20, 6.41]) + WhiteKernel(noise_level=2.01e-06)"
332,Cb,actual_time,"time,u1_frac_A,u1_Tc_scaled,delta_frac_A,delta_Tc_scaled,Cb_0","4.25**2 * RBF(length_scale=[0.817, 2.43, 20, 2.28, 20, 8.15]) + WhiteKernel(noise_level=8.76e-05)"
332,T,actual_time,"time,u1_frac_A,u1_Tc_scaled,delta_frac_A,delta_Tc_scaled,T_0","2.39**2 * RBF(length_scale=[0.2, 2.21, 6.61, 20, 20, 6.27]) + WhiteKernel(noise_level=0.000494)"
401,Cb,anchor_index,"anchor_index,u1_frac_A,u1_Tc_scaled,delta_frac_A,delta_Tc_scaled,Cb_0","1.31**2 * RBF(length_scale=[0.891, 1.53, 18.2, 3.12, 20, 3.69]) + WhiteKernel(noise_level=7.5e-05)"
401,T,anchor_index,"anchor_index,u1_frac_A,u1_Tc_scaled,delta_frac_A,delta_Tc_scaled,T_0","1.81**2 * RBF(length_scale=[0.768, 2.68, 7.38, 4.57, 20, 3.75]) + WhiteKernel(noise_level=0.000368)"
401,Cb,actual_time,"time,u1_frac_A,u1_Tc_scaled,delta_frac_A,delta_Tc_scaled,Cb_0","3.28**2 * RBF(length_scale=[0.745, 2.68, 20, 1.58, 20, 8.3]) + WhiteKernel(noise_level=2.14e-05)"
401,T,actual_time,"time,u1_frac_A,u1_Tc_scaled,delta_frac_A,delta_Tc_scaled,T_0","2.83**2 * RBF(length_scale=[0.244, 3.18, 8.72, 4.48, 20, 4.71]) + WhiteKernel(noise_level=0.00093)"
424,Cb,anchor_index,"anchor_index,u1_frac_A,u1_Tc_scaled,delta_frac_A,delta_Tc_scaled,Cb_0","1.11**2 * RBF(length_scale=[0.796, 1.07, 20, 2, 20, 2.67]) + WhiteKernel(noise_level=0.000168)"
424,T,anchor_index,"anchor_index,u1_frac_A,u1_Tc_scaled,delta_frac_A,delta_Tc_scaled,T_0","1.6**2 * RBF(length_scale=[0.723, 2.3, 5.67, 2.58, 7.71, 3.71]) + WhiteKernel(noise_level=0.000478)"
424,Cb,actual_time,"time,u1_frac_A,u1_Tc_scaled,delta_frac_A,delta_Tc_scaled,Cb_0","3.17**2 * RBF(length_scale=[0.638, 2.94, 20, 1.07, 20, 7.19]) + WhiteKernel(noise_level=1.99e-05)"
424,T,actual_time,"time,u1_frac_A,u1_Tc_scaled,delta_frac_A,delta_Tc_scaled,T_0","2.47**2 * RBF(length_scale=[0.2, 2.85, 9.28, 2.15, 5.94, 5.33]) + WhiteKernel(noise_level=0.000234)"
496,Cb,anchor_index,"anchor_index,u1_frac_A,u1_Tc_scaled,delta_frac_A,delta_Tc_scaled,Cb_0","1.32**2 * RBF(length_scale=[1.1, 1.56, 20, 2.58, 15.5, 3.23]) + WhiteKernel(noise_level=6.8e-05)"
496,T,anchor_index,"anchor_index,u1_frac_A,u1_Tc_scaled,delta_frac_A,delta_Tc_scaled,T_0","1.83**2 * RBF(length_scale=[1.3, 2.59, 6.54, 2.91, 8.02, 3.33]) + WhiteKernel(noise_level=0.00102)"
496,Cb,actual_time,"time,u1_frac_A,u1_Tc_scaled,delta_frac_A,delta_Tc_scaled,Cb_0","2.87**2 * RBF(length_scale=[0.678, 2.22, 20, 2.24, 20, 7.93]) + WhiteKernel(noise_level=2.31e-05)"
496,T,actual_time,"time,u1_frac_A,u1_Tc_scaled,delta_frac_A,delta_Tc_scaled,T_0","2.42**2 * RBF(length_scale=[0.238, 20, 20, 1.35, 4.25, 7.02]) + WhiteKernel(noise_level=8.4e-05)"
569,Cb,anchor_index,"anchor_index,u1_frac_A,u1_Tc_scaled,delta_frac_A,delta_Tc_scaled,Cb_0","1.81**2 * RBF(length_scale=[1.16, 2.11, 20, 20, 20, 5.58]) + WhiteKernel(noise_level=5.77e-05)"
569,T,anchor_index,"anchor_index,u1_frac_A,u1_Tc_scaled,delta_frac_A,delta_Tc_scaled,T_0","2.09**2 * RBF(length_scale=[0.805, 3.75, 20, 8.92, 20, 6.97]) + WhiteKernel(noise_level=0.000173)"
569,Cb,actual_time,"time,u1_frac_A,u1_Tc_scaled,delta_frac_A,delta_Tc_scaled,Cb_0","6.19**2 * RBF(length_scale=[1.05, 4.31, 20, 2.88, 20, 15.1]) + WhiteKernel(noise_level=1.78e-05)"
569,T,actual_time,"time,u1_frac_A,u1_Tc_scaled,delta_frac_A,delta_Tc_scaled,T_0","3.07**2 * RBF(length_scale=[0.253, 3.96, 20, 9.2, 20, 7.65]) + WhiteKernel(noise_level=2.04e-05)"
653,Cb,anchor_index,"anchor_index,u1_frac_A,u1_Tc_scaled,delta_frac_A,delta_Tc_scaled,Cb_0","1.74**2 * RBF(length_scale=[1.13, 1.78, 20, 2.37, 20, 5.86]) + WhiteKernel(noise_level=5.68e-05)"
653,T,anchor_index,"anchor_index,u1_frac_A,u1_Tc_scaled,delta_frac_A,delta_Tc_scaled,T_0","2.12**2 * RBF(length_scale=[0.917, 6.1, 18.7, 3.64, 11.9, 4.84]) + WhiteKernel(noise_level=0.0001)"
653,Cb,actual_time,"time,u1_frac_A,u1_Tc_scaled,delta_frac_A,delta_Tc_scaled,Cb_0","4**2 * RBF(length_scale=[0.83, 3.03, 20, 2.28, 20, 11.4]) + WhiteKernel(noise_level=7.32e-06)"
653,T,actual_time,"time,u1_frac_A,u1_Tc_scaled,delta_frac_A,delta_Tc_scaled,T_0","2.72**2 * RBF(length_scale=[0.297, 20, 20, 3.12, 7.16, 5.65]) + WhiteKernel(noise_level=1.11e-05)"
748,Cb,anchor_index,"anchor_index,u1_frac_A,u1_Tc_scaled,delta_frac_A,delta_Tc_scaled,Cb_0","1.1**2 * RBF(length_scale=[0.838, 1.14, 20, 1.61, 20, 2.48]) + WhiteKernel(noise_level=0.000137)"
748,T,anchor_index,"anchor_index,u1_frac_A,u1_Tc_scaled,delta_frac_A,delta_Tc_scaled,T_0","1.33**2 * RBF(length_scale=[0.75, 2.84, 5.13, 1.85, 7.16, 4.04]) + WhiteKernel(noise_level=0.000314)"
748,Cb,actual_time,"time,u1_frac_A,u1_Tc_scaled,delta_frac_A,delta_Tc_scaled,Cb_0","5.02**2 * RBF(length_scale=[0.676, 20, 20, 1.26, 12, 11.2]) + WhiteKernel(noise_level=2.09e-05)"
748,T,actual_time,"time,u1_frac_A,u1_Tc_scaled,delta_frac_A,delta_Tc_scaled,T_0","1.79**2 * RBF(length_scale=[0.2, 3.86, 3.69, 1.59, 20, 5.52]) + WhiteKernel(noise_level=8.77e-05)"
788,Cb,anchor_index,"anchor_index,u1_frac_A,u1_Tc_scaled,delta_frac_A,delta_Tc_scaled,Cb_0","1.31**2 * RBF(length_scale=[0.906, 1.2, 20, 1.99, 20, 3.59]) + WhiteKernel(noise_level=7.83e-05)"
788,T,anchor_index,"anchor_index,u1_frac_A,u1_Tc_scaled,delta_frac_A,delta_Tc_scaled,T_0","1.36**2 * RBF(length_scale=[0.74, 20, 20, 1.04, 5.04, 5.14]) + WhiteKernel(noise_level=0.000333)"
788,Cb,actual_time,"time,u1_frac_A,u1_Tc_scaled,delta_frac_A,delta_Tc_scaled,Cb_0","2.27**2 * RBF(length_scale=[0.491, 2.15, 20, 1.47, 20, 6.49]) + WhiteKernel(noise_level=6.11e-06)"
788,T,actual_time,"time,u1_frac_A,u1_Tc_scaled,delta_frac_A,delta_Tc_scaled,T_0","1.86**2 * RBF(length_scale=[0.2, 20, 20, 1.07, 4.14, 6.44]) + WhiteKernel(noise_level=0.000378)"
803,Cb,anchor_index,"anchor_index,u1_frac_A,u1_Tc_scaled,delta_frac_A,delta_Tc_scaled,Cb_0","1.24**2 * RBF(length_scale=[1.25, 2.29, 20, 2.28, 20, 2.55]) + WhiteKernel(noise_level=3.25e-05)"
803,T,anchor_index,"anchor_index,u1_frac_A,u1_Tc_scaled,delta_frac_A,delta_Tc_scaled,T_0","2.76**2 * RBF(length_scale=[0.793, 4.76, 8.32, 12.9, 20, 5.5]) + WhiteKernel(noise_level=0.000215)"
803,Cb,actual_time,"time,u1_frac_A,u1_Tc_scaled,delta_frac_A,delta_Tc_scaled,Cb_0","2.51**2 * RBF(length_scale=[0.709, 4.66, 20, 1.66, 6.13, 7.08]) + WhiteKernel(noise_level=8.14e-06)"
803,T,actual_time,"time,u1_frac_A,u1_Tc_scaled,delta_frac_A,delta_Tc_scaled,T_0","4.32**2 * RBF(length_scale=[0.284, 20, 20, 4.39, 3.23, 3.76]) + WhiteKernel(noise_level=4.25e-05)"
815,Cb,anchor_index,"anchor_index,u1_frac_A,u1_Tc_scaled,delta_frac_A,delta_Tc_scaled,Cb_0","1.21**2 * RBF(length_scale=[0.856, 1.12, 19.7, 1.72, 20, 2.81]) + WhiteKernel(noise_level=0.000184)"
815,T,anchor_index,"anchor_index,u1_frac_A,u1_Tc_scaled,delta_frac_A,delta_Tc_scaled,T_0","1.46**2 * RBF(length_scale=[0.72, 1.61, 6.03, 3.97, 20, 3.95]) + WhiteKernel(noise_level=0.000437)"
815,Cb,actual_time,"time,u1_frac_A,u1_Tc_scaled,delta_frac_A,delta_Tc_scaled,Cb_0","4.45**2 * RBF(length_scale=[0.609, 20, 20, 1.4, 20, 9.28]) + WhiteKernel(noise_level=2.33e-05)"
815,T,actual_time,"time,u1_frac_A,u1_Tc_scaled,delta_frac_A,delta_Tc_scaled,T_0","3**2 * RBF(length_scale=[0.2, 2.85, 9.46, 2.62, 20, 6.84]) + WhiteKernel(noise_level=0.00035)"
830,Cb,anchor_index,"anchor_index,u1_frac_A,u1_Tc_scaled,delta_frac_A,delta_Tc_scaled,Cb_0","1.51**2 * RBF(length_scale=[0.842, 1.48, 20, 1.79, 20, 4.93]) + WhiteKernel(noise_level=0.000196)"
830,T,anchor_index,"anchor_index,u1_frac_A,u1_Tc_scaled,delta_frac_A,delta_Tc_scaled,T_0","1.99**2 * RBF(length_scale=[0.768, 7.98, 11.6, 1.57, 20, 3.97]) + WhiteKernel(noise_level=0.000588)"
830,Cb,actual_time,"time,u1_frac_A,u1_Tc_scaled,delta_frac_A,delta_Tc_scaled,Cb_0","3.31**2 * RBF(length_scale=[0.583, 2.81, 20, 1.46, 20, 10.7]) + WhiteKernel(noise_level=2.15e-05)"
830,T,actual_time,"time,u1_frac_A,u1_Tc_scaled,delta_frac_A,delta_Tc_scaled,T_0","3.3**2 * RBF(length_scale=[0.2, 15.3, 14.9, 1.74, 20, 7.87]) + WhiteKernel(noise_level=0.000158)"
857,Cb,anchor_index,"anchor_index,u1_frac_A,u1_Tc_scaled,delta_frac_A,delta_Tc_scaled,Cb_0","1.33**2 * RBF(length_scale=[0.839, 1.38, 20, 2.92, 20, 3.91]) + WhiteKernel(noise_level=0.000134)"
857,T,anchor_index,"anchor_index,u1_frac_A,u1_Tc_scaled,delta_frac_A,delta_Tc_scaled,T_0","1.74**2 * RBF(length_scale=[0.749, 2.51, 5.92, 3.69, 20, 3.37]) + WhiteKernel(noise_level=0.000443)"
857,Cb,actual_time,"time,u1_frac_A,u1_Tc_scaled,delta_frac_A,delta_Tc_scaled,Cb_0","7.86**2 * RBF(length_scale=[1.13, 20, 20, 1.46, 20, 15.6]) + WhiteKernel(noise_level=0.000108)"
857,T,actual_time,"time,u1_frac_A,u1_Tc_scaled,delta_frac_A,delta_Tc_scaled,T_0","2.49**2 * RBF(length_scale=[0.2, 2.84, 6.26, 3.4, 20, 3.99]) + WhiteKernel(noise_level=0.000101)"
881,Cb,anchor_index,"anchor_index,u1_frac_A,u1_Tc_scaled,delta_frac_A,delta_Tc_scaled,Cb_0","0.88**2 * RBF(length_scale=[0.813, 0.968, 20, 1.16, 17.4, 2.25]) + WhiteKernel(noise_level=0.000117)"
881,T,anchor_index,"anchor_index,u1_frac_A,u1_Tc_scaled,delta_frac_A,delta_Tc_scaled,T_0","1.02**2 * RBF(length_scale=[0.666, 20, 3.45, 0.706, 2.67, 2.87]) + WhiteKernel(noise_level=0.000583)"
881,Cb,actual_time,"time,u1_frac_A,u1_Tc_scaled,delta_frac_A,delta_Tc_scaled,Cb_0","2.35**2 * RBF(length_scale=[0.608, 4.7, 20, 0.851, 17.4, 3.82]) + WhiteKernel(noise_level=1.28e-05)"
881,T,actual_time,"time,u1_frac_A,u1_Tc_scaled,delta_frac_A,delta_Tc_scaled,T_0","1.73**2 * RBF(length_scale=[0.2, 20, 4.13, 0.71, 8.1, 4.87]) + WhiteKernel(noise_level=0.00107)"
883,Cb,anchor_index,"anchor_index,u1_frac_A,u1_Tc_scaled,delta_frac_A,delta_Tc_scaled,Cb_0","1.43**2 * RBF(length_scale=[0.839, 1.61, 20, 2.01, 20, 3.23]) + WhiteKernel(noise_level=0.000123)"
883,T,anchor_index,"anchor_index,u1_frac_A,u1_Tc_scaled,delta_frac_A,delta_Tc_scaled,T_0","1.51**2 * RBF(length_scale=[0.688, 2.11, 3.29, 1.39, 7.53, 6.48]) + WhiteKernel(noise_level=0.00049)"
883,Cb,actual_time,"time,u1_frac_A,u1_Tc_scaled,delta_frac_A,delta_Tc_scaled,Cb_0","2.86**2 * RBF(length_scale=[0.608, 2.32, 20, 1.44, 20, 8.17]) + WhiteKernel(noise_level=1.67e-05)"
883,T,actual_time,"time,u1_frac_A,u1_Tc_scaled,delta_frac_A,delta_Tc_scaled,T_0","2.33**2 * RBF(length_scale=[0.2, 2.76, 3.39, 1.58, 20, 11.2]) + WhiteKernel(noise_level=0.00109)"
907,Cb,anchor_index,"anchor_index,u1_frac_A,u1_Tc_scaled,delta_frac_A,delta_Tc_scaled,Cb_0","1.59**2 * RBF(length_scale=[0.989, 1.7, 20, 20, 20, 4.32]) + WhiteKernel(noise_level=0.00011)"
907,T,anchor_index,"anchor_index,u1_frac_A,u1_Tc_scaled,delta_frac_A,delta_Tc_scaled,T_0","2.6**2 * RBF(length_scale=[0.886, 2.95, 7.85, 20, 20, 7.2]) + WhiteKernel(noise_level=0.000297)"
907,Cb,actual_time,"time,u1_frac_A,u1_Tc_scaled,delta_frac_A,delta_Tc_scaled,Cb_0","8.62**2 * RBF(length_scale=[1.05, 4.88, 20, 2.27, 20, 18]) + WhiteKernel(noise_level=1.34e-05)"
907,T,actual_time,"time,u1_frac_A,u1_Tc_scaled,delta_frac_A,delta_Tc_scaled,T_0","2.61**2 * RBF(length_scale=[0.204, 2.79, 6.46, 20, 20, 6.74]) + WhiteKernel(noise_level=0.000175)"
974,Cb,anchor_index,"anchor_index,u1_frac_A,u1_Tc_scaled,delta_frac_A,delta_Tc_scaled,Cb_0","1.49**2 * RBF(length_scale=[0.944, 1.84, 8.9, 3.02, 20, 3.62]) + WhiteKernel(noise_level=8.54e-05)"
974,T,anchor_index,"anchor_index,u1_frac_A,u1_Tc_scaled,delta_frac_A,delta_Tc_scaled,T_0","1.77**2 * RBF(length_scale=[0.725, 2.72, 4.5, 5.62, 20, 3.86]) + WhiteKernel(noise_level=0.000271)"
974,Cb,actual_time,"time,u1_frac_A,u1_Tc_scaled,delta_frac_A,delta_Tc_scaled,Cb_0","3.33**2 * RBF(length_scale=[0.593, 2.82, 16.1, 2.38, 20, 9.54]) + WhiteKernel(noise_level=2.14e-05)"
974,T,actual_time,"time,u1_frac_A,u1_Tc_scaled,delta_frac_A,delta_Tc_scaled,T_0","3.05**2 * RBF(length_scale=[0.2, 3.77, 7.51, 3.74, 8.17, 7.07]) + WhiteKernel(noise_level=0.000131)"
992,Cb,anchor_index,"anchor_index,u1_frac_A,u1_Tc_scaled,delta_frac_A,delta_Tc_scaled,Cb_0","0.926**2 * RBF(length_scale=[0.811, 0.658, 20, 0.856, 20, 2.97]) + WhiteKernel(noise_level=0.000183)"
992,T,anchor_index,"anchor_index,u1_frac_A,u1_Tc_scaled,delta_frac_A,delta_Tc_scaled,T_0","1.34**2 * RBF(length_scale=[0.744, 1.58, 4.82, 1.52, 20, 3.85]) + WhiteKernel(noise_level=0.000602)"
992,Cb,actual_time,"time,u1_frac_A,u1_Tc_scaled,delta_frac_A,delta_Tc_scaled,Cb_0","3.75**2 * RBF(length_scale=[0.607, 3.69, 20, 1.28, 20, 11.4]) + WhiteKernel(noise_level=4.41e-05)"
992,T,actual_time,"time,u1_frac_A,u1_Tc_scaled,delta_frac_A,delta_Tc_scaled,T_0","2.24**2 * RBF(length_scale=[0.2, 2.58, 5.81, 1.48, 19.3, 5.38]) + WhiteKernel(noise_level=0.000852)"
