test_batch,output,observed_anchor_count,learned_kernel
28,Cb,3,"1.11**2 * RBF(length_scale=[0.855, 1.3, 20, 1.37, 20, 2.61]) + WhiteKernel(noise_level=0.000119)"
28,T,3,"1.49**2 * RBF(length_scale=[0.473, 1.5, 4.01, 2.09, 6.76, 3.99]) + WhiteKernel(noise_level=1e-08)"
28,Cb,4,"1.11**2 * RBF(length_scale=[0.857, 1.32, 20, 1.37, 20, 2.6]) + WhiteKernel(noise_level=0.000118)"
28,T,4,"1.31**2 * RBF(length_scale=[0.476, 1.39, 19.8, 1.81, 3.87, 2.83]) + WhiteKernel(noise_level=1.07e-06)"
28,Cb,5,"1.11**2 * RBF(length_scale=[0.86, 1.33, 20, 1.38, 20, 2.62]) + WhiteKernel(noise_level=0.000117)"
28,T,5,"1.67**2 * RBF(length_scale=[0.477, 1.6, 4.2, 2.42, 10.6, 4.94]) + WhiteKernel(noise_level=1e-08)"
28,Cb,6,"1.1**2 * RBF(length_scale=[0.864, 1.35, 20, 1.37, 20, 2.6]) + WhiteKernel(noise_level=0.000116)"
28,T,6,"1.71**2 * RBF(length_scale=[0.479, 1.65, 4.36, 2.53, 11.5, 5.17]) + WhiteKernel(noise_level=1e-08)"
28,Cb,7,"1.09**2 * RBF(length_scale=[0.868, 1.37, 20, 1.32, 20, 2.55]) + WhiteKernel(noise_level=0.000115)"
28,T,7,"1.81**2 * RBF(length_scale=[0.481, 1.71, 4.5, 2.77, 15.9, 5.73]) + WhiteKernel(noise_level=1e-08)"
28,Cb,8,"1.09**2 * RBF(length_scale=[0.872, 1.38, 20, 1.34, 20, 2.56]) + WhiteKernel(noise_level=0.000113)"
28,T,8,"1.86**2 * RBF(length_scale=[0.485, 1.74, 4.56, 2.93, 20, 5.88]) + WhiteKernel(noise_level=6.86e-07)"
28,Cb,9,"1.09**2 * RBF(length_scale=[0.874, 1.4, 20, 1.34, 20, 2.56]) + WhiteKernel(noise_level=0.000111)"
28,T,9,"1.9**2 * RBF(length_scale=[0.484, 1.79, 4.79, 3.03, 20, 6.2]) + WhiteKernel(noise_level=1e-08)"
28,Cb,10,"1.08**2 * RBF(length_scale=[0.876, 1.42, 20, 1.33, 20, 2.55]) + WhiteKernel(noise_level=0.00011)"
28,T,10,"1.92**2 * RBF(length_scale=[0.485, 1.83, 4.96, 3.09, 20, 6.34]) + WhiteKernel(noise_level=1e-08)"
28,Cb,11,"1.07**2 * RBF(length_scale=[0.874, 1.44, 20, 1.3, 20, 2.51]) + WhiteKernel(noise_level=0.000108)"
28,T,11,"1.82**2 * RBF(length_scale=[0.483, 1.76, 4.55, 3.08, 20, 6.03]) + WhiteKernel(noise_level=1e-08)"
28,Cb,12,"1.07**2 * RBF(length_scale=[0.87, 1.46, 20, 1.29, 20, 2.5]) + WhiteKernel(noise_level=0.000106)"
28,T,12,"1.81**2 * RBF(length_scale=[0.481, 1.77, 4.58, 3.09, 20, 6.08]) + WhiteKernel(noise_level=1e-08)"
36,Cb,3,"1.02**2 * RBF(length_scale=[0.99, 1.26, 20, 20, 20, 2.12]) + WhiteKernel(noise_level=5.69e-05)"
36,T,3,"1.19**2 * RBF(length_scale=[0.788, 20, 6.03, 0.628, 3.21, 2.86]) + WhiteKernel(noise_level=0.000351)"
36,Cb,4,"0.997**2 * RBF(length_scale=[0.992, 1.23, 20, 20, 20, 2.01]) + WhiteKernel(noise_level=5.73e-05)"
36,T,4,"1.19**2 * RBF(length_scale=[0.79, 20, 6.05, 0.629, 3.23, 2.88]) + WhiteKernel(noise_level=0.00035)"
36,Cb,5,"1.05**2 * RBF(length_scale=[0.996, 1.3, 20, 20, 20, 2.21]) + WhiteKernel(noise_level=5.88e-05)"
36,T,5,"1.18**2 * RBF(length_scale=[0.797, 20, 5.86, 0.633, 2.99, 2.86]) + WhiteKernel(noise_level=0.000363)"
36,Cb,6,"1.07**2 * RBF(length_scale=[1, 1.31, 20, 20, 20, 2.26]) + WhiteKernel(noise_level=5.81e-05)"
36,T,6,"0.985**2 * RBF(length_scale=[0.776, 20, 5.32, 0.2, 0.2, 6.12]) + WhiteKernel(noise_level=0.000391)"
36,Cb,7,"1.07**2 * RBF(length_scale=[1.01, 1.32, 20, 20, 20, 2.25]) + WhiteKernel(noise_level=5.84e-05)"
36,T,7,"1.18**2 * RBF(length_scale=[0.803, 20, 5.77, 0.632, 2.89, 2.86]) + WhiteKernel(noise_level=0.000354)"
36,Cb,8,"1.09**2 * RBF(length_scale=[1.02, 1.31, 20, 20, 20, 2.32]) + WhiteKernel(noise_level=6.12e-05)"
36,T,8,"0.958**2 * RBF(length_scale=[0.769, 20, 0.656, 0.445, 0.826, 14.9]) + WhiteKernel(noise_level=0.000361)"
36,Cb,9,"1.1**2 * RBF(length_scale=[1.02, 1.33, 20, 7.17, 20, 2.43]) + WhiteKernel(noise_level=6.06e-05)"
36,T,9,"1.19**2 * RBF(length_scale=[0.811, 20, 5.69, 0.64, 2.78, 2.87]) + WhiteKernel(noise_level=0.000358)"
36,Cb,10,"1.11**2 * RBF(length_scale=[1.02, 1.34, 20, 7.44, 20, 2.45]) + WhiteKernel(noise_level=6.04e-05)"
36,T,10,"1.19**2 * RBF(length_scale=[0.811, 20, 5.65, 0.637, 2.69, 2.87]) + WhiteKernel(noise_level=0.000353)"
36,Cb,11,"1.12**2 * RBF(length_scale=[1.02, 1.35, 20, 6.65, 20, 2.53]) + WhiteKernel(noise_level=6.03e-05)"
36,T,11,"1.19**2 * RBF(length_scale=[0.809, 20, 5.63, 0.638, 2.68, 2.87]) + WhiteKernel(noise_level=0.00035)"
36,Cb,12,"1.13**2 * RBF(length_scale=[1.02, 1.34, 20, 6.83, 20, 2.55]) + WhiteKernel(noise_level=6.03e-05)"
36,T,12,"1.19**2 * RBF(length_scale=[0.806, 20, 5.61, 0.64, 2.68, 2.88]) + WhiteKernel(noise_level=0.000349)"
65,Cb,3,"0.913**2 * RBF(length_scale=[0.857, 1.7, 20, 1.79, 20, 1.93]) + WhiteKernel(noise_level=5.41e-05)"
65,T,3,"1.69**2 * RBF(length_scale=[0.751, 3.16, 5.8, 7.78, 20, 3.61]) + WhiteKernel(noise_level=0.000192)"
65,Cb,4,"0.918**2 * RBF(length_scale=[0.859, 1.71, 20, 1.8, 20, 1.95]) + WhiteKernel(noise_level=5.38e-05)"
65,T,4,"1.68**2 * RBF(length_scale=[0.748, 3.12, 5.83, 8.14, 20, 3.59]) + WhiteKernel(noise_level=0.000193)"
65,Cb,5,"0.922**2 * RBF(length_scale=[0.861, 1.72, 20, 1.81, 20, 1.97]) + WhiteKernel(noise_level=5.36e-05)"
65,T,5,"1.69**2 * RBF(length_scale=[0.748, 3.19, 5.72, 7.93, 20, 3.67]) + WhiteKernel(noise_level=0.000194)"
65,Cb,6,"0.928**2 * RBF(length_scale=[0.865, 1.73, 20, 1.8, 20, 1.97]) + WhiteKernel(noise_level=5.36e-05)"
65,T,6,"1.74**2 * RBF(length_scale=[0.754, 3.2, 6.02, 8.52, 20, 3.72]) + WhiteKernel(noise_level=0.000196)"
65,Cb,7,"0.932**2 * RBF(length_scale=[0.868, 1.72, 20, 1.82, 20, 1.98]) + WhiteKernel(noise_level=5.3e-05)"
65,T,7,"1.77**2 * RBF(length_scale=[0.754, 3.2, 6.23, 8.88, 20, 3.78]) + WhiteKernel(noise_level=0.000193)"
65,Cb,8,"0.937**2 * RBF(length_scale=[0.872, 1.7, 20, 1.85, 20, 1.97]) + WhiteKernel(noise_level=5.3e-05)"
65,T,8,"1.8**2 * RBF(length_scale=[0.757, 3.23, 6.37, 9.1, 20, 3.85]) + WhiteKernel(noise_level=0.000191)"
65,Cb,9,"0.941**2 * RBF(length_scale=[0.874, 1.69, 20, 1.87, 20, 1.98]) + WhiteKernel(noise_level=5.25e-05)"
65,T,9,"1.82**2 * RBF(length_scale=[0.76, 3.22, 6.53, 9.18, 20, 3.89]) + WhiteKernel(noise_level=0.000192)"
65,Cb,10,"0.943**2 * RBF(length_scale=[0.875, 1.7, 20, 1.89, 20, 2.01]) + WhiteKernel(noise_level=5.22e-05)"
65,T,10,"1.86**2 * RBF(length_scale=[0.765, 3.19, 6.85, 9.25, 20, 3.94]) + WhiteKernel(noise_level=0.000196)"
65,Cb,11,"0.944**2 * RBF(length_scale=[0.876, 1.68, 20, 1.9, 20, 2.02]) + WhiteKernel(noise_level=5.22e-05)"
65,T,11,"1.87**2 * RBF(length_scale=[0.763, 3.17, 6.95, 9.32, 20, 3.97]) + WhiteKernel(noise_level=0.000193)"
65,Cb,12,"0.944**2 * RBF(length_scale=[0.873, 1.68, 20, 1.9, 20, 2.01]) + WhiteKernel(noise_level=5.19e-05)"
65,T,12,"1.88**2 * RBF(length_scale=[0.761, 3.2, 7.03, 9.48, 20, 4.01]) + WhiteKernel(noise_level=0.000191)"
165,Cb,3,"1.16**2 * RBF(length_scale=[0.945, 1.09, 20, 1.19, 20, 2.7]) + WhiteKernel(noise_level=0.000119)"
165,T,3,"2.5**2 * RBF(length_scale=[0.891, 2.92, 20, 2.31, 11.1, 6.62]) + WhiteKernel(noise_level=0.000364)"
165,Cb,4,"1.12**2 * RBF(length_scale=[0.942, 1.01, 20, 1.15, 20, 2.62]) + WhiteKernel(noise_level=0.00012)"
165,T,4,"2.19**2 * RBF(length_scale=[0.851, 20, 5.41, 2.46, 6.68, 4.19]) + WhiteKernel(noise_level=0.000309)"
165,Cb,5,"1.29**2 * RBF(length_scale=[0.964, 1.24, 20, 1.24, 20, 3.01]) + WhiteKernel(noise_level=0.000144)"
165,T,5,"2.55**2 * RBF(length_scale=[0.897, 3, 19.9, 2.28, 11.7, 7.35]) + WhiteKernel(noise_level=0.00036)"
165,Cb,6,"1.25**2 * RBF(length_scale=[0.971, 1.23, 20, 1.22, 20, 2.96]) + WhiteKernel(noise_level=0.000149)"
165,T,6,"2.21**2 * RBF(length_scale=[0.871, 20, 4.24, 2.4, 16.4, 4.66]) + WhiteKernel(noise_level=0.000326)"
165,Cb,7,"1.26**2 * RBF(length_scale=[0.963, 1.14, 20, 1.35, 20, 3.13]) + WhiteKernel(noise_level=0.000159)"
165,T,7,"2.34**2 * RBF(length_scale=[0.877, 20, 20, 2.31, 4.69, 4.63]) + WhiteKernel(noise_level=0.000308)"
165,Cb,8,"1.3**2 * RBF(length_scale=[0.933, 1.03, 20, 1.56, 20, 3.37]) + WhiteKernel(noise_level=0.000135)"
165,T,8,"2.22**2 * RBF(length_scale=[0.866, 20, 3.96, 2.3, 20, 5.52]) + WhiteKernel(noise_level=0.0003)"
165,Cb,9,"2.12**2 * RBF(length_scale=[1.01, 13, 20, 1.54, 2.51, 3.51]) + WhiteKernel(noise_level=0.00014)"
165,T,9,"2.28**2 * RBF(length_scale=[0.876, 20, 3.95, 2.28, 20, 5.73]) + WhiteKernel(noise_level=0.0003)"
165,Cb,10,"1.63**2 * RBF(length_scale=[0.967, 5.97, 20, 1.44, 2.23, 3.13]) + WhiteKernel(noise_level=0.000199)"
165,T,10,"2.07**2 * RBF(length_scale=[0.837, 20, 20, 2.12, 4.43, 3.64]) + WhiteKernel(noise_level=0.000365)"
165,Cb,11,"1.35**2 * RBF(length_scale=[0.878, 20, 3.46, 1.52, 1.88, 2.68]) + WhiteKernel(noise_level=0.000167)"
165,T,11,"1.99**2 * RBF(length_scale=[0.828, 20, 5.37, 2.14, 6.16, 3.74]) + WhiteKernel(noise_level=0.000359)"
165,Cb,12,"1.11**2 * RBF(length_scale=[0.86, 0.79, 20, 1.49, 20, 2.93]) + WhiteKernel(noise_level=0.000213)"
165,T,12,"1.94**2 * RBF(length_scale=[0.8, 20, 3.65, 2.21, 20, 4.71]) + WhiteKernel(noise_level=0.000419)"
174,Cb,3,"1.03**2 * RBF(length_scale=[0.813, 1.14, 20, 2.01, 20, 2.71]) + WhiteKernel(noise_level=8.65e-05)"
174,T,3,"1.1**2 * RBF(length_scale=[0.433, 20, 16.8, 1.11, 6.56, 4.97]) + WhiteKernel(noise_level=2.53e-06)"
174,Cb,4,"1.04**2 * RBF(length_scale=[0.814, 1.18, 20, 2.1, 20, 2.67]) + WhiteKernel(noise_level=8.73e-05)"
174,T,4,"1.1**2 * RBF(length_scale=[0.434, 20, 17, 1.1, 6.33, 5.12]) + WhiteKernel(noise_level=2.1e-06)"
174,Cb,5,"1.06**2 * RBF(length_scale=[0.818, 1.18, 20, 2.01, 20, 2.86]) + WhiteKernel(noise_level=8.98e-05)"
174,T,5,"1.05**2 * RBF(length_scale=[0.437, 20, 15.8, 1.01, 4.78, 5.33]) + WhiteKernel(noise_level=2.58e-06)"
174,Cb,6,"1.06**2 * RBF(length_scale=[0.823, 1.17, 20, 1.96, 20, 2.91]) + WhiteKernel(noise_level=8.83e-05)"
174,T,6,"1.06**2 * RBF(length_scale=[0.441, 20, 15.6, 0.993, 4.64, 5.46]) + WhiteKernel(noise_level=1.96e-06)"
174,Cb,7,"1.07**2 * RBF(length_scale=[0.825, 1.22, 20, 2.02, 20, 2.97]) + WhiteKernel(noise_level=8.9e-05)"
174,T,7,"1.05**2 * RBF(length_scale=[0.443, 20, 15.6, 0.941, 4.03, 5.72]) + WhiteKernel(noise_level=3.09e-06)"
174,Cb,8,"1.09**2 * RBF(length_scale=[0.83, 1.23, 20, 2.08, 20, 3.06]) + WhiteKernel(noise_level=8.86e-05)"
174,T,8,"1.04**2 * RBF(length_scale=[0.446, 20, 16.2, 0.876, 3.97, 5.93]) + WhiteKernel(noise_level=1.16e-06)"
174,Cb,9,"1.1**2 * RBF(length_scale=[0.833, 1.24, 20, 2.14, 20, 3.15]) + WhiteKernel(noise_level=8.72e-05)"
174,T,9,"1.04**2 * RBF(length_scale=[0.449, 20, 17.5, 0.847, 3.77, 6.2]) + WhiteKernel(noise_level=1.69e-06)"
174,Cb,10,"1.11**2 * RBF(length_scale=[0.835, 1.25, 20, 2.21, 20, 3.24]) + WhiteKernel(noise_level=8.57e-05)"
174,T,10,"1.05**2 * RBF(length_scale=[0.449, 20, 17, 0.853, 3.83, 6.23]) + WhiteKernel(noise_level=1.36e-06)"
174,Cb,11,"1.11**2 * RBF(length_scale=[0.837, 1.22, 20, 2.27, 20, 3.31]) + WhiteKernel(noise_level=8.51e-05)"
174,T,11,"1.04**2 * RBF(length_scale=[0.451, 20, 18.7, 0.797, 3.81, 6.56]) + WhiteKernel(noise_level=4.2e-06)"
174,Cb,12,"1.12**2 * RBF(length_scale=[0.834, 1.23, 20, 2.29, 20, 3.35]) + WhiteKernel(noise_level=8.33e-05)"
174,T,12,"1.04**2 * RBF(length_scale=[0.448, 20, 19, 0.787, 3.82, 6.68]) + WhiteKernel(noise_level=2.73e-06)"
204,Cb,3,"0.964**2 * RBF(length_scale=[0.882, 0.947, 20, 20, 16, 1.93]) + WhiteKernel(noise_level=4.43e-05)"
204,T,3,"1.72**2 * RBF(length_scale=[0.721, 5.35, 20, 2.98, 2.86, 4.57]) + WhiteKernel(noise_level=0.00021)"
204,Cb,4,"0.939**2 * RBF(length_scale=[0.883, 0.919, 20, 20, 14.6, 1.86]) + WhiteKernel(noise_level=4.47e-05)"
204,T,4,"1.78**2 * RBF(length_scale=[0.74, 4.96, 20, 3.06, 2.97, 4.86]) + WhiteKernel(noise_level=0.000214)"
204,Cb,5,"1.13**2 * RBF(length_scale=[0.856, 1.06, 20, 20, 20, 2.33]) + WhiteKernel(noise_level=5.44e-05)"
204,T,5,"1.34**2 * RBF(length_scale=[0.696, 2.59, 5.9, 3.01, 2.34, 3.41]) + WhiteKernel(noise_level=0.000215)"
204,Cb,6,"1.11**2 * RBF(length_scale=[0.897, 1.02, 20, 20, 20, 2.27]) + WhiteKernel(noise_level=7.59e-05)"
204,T,6,"1.37**2 * RBF(length_scale=[0.709, 2.81, 6.33, 3.23, 2.8, 3.89]) + WhiteKernel(noise_level=0.000282)"
204,Cb,7,"1.18**2 * RBF(length_scale=[0.881, 1.09, 20, 20, 20, 2.53]) + WhiteKernel(noise_level=6.94e-05)"
204,T,7,"1.34**2 * RBF(length_scale=[0.713, 2.78, 6.28, 3.24, 2.84, 3.94]) + WhiteKernel(noise_level=0.000264)"
204,Cb,8,"1.2**2 * RBF(length_scale=[0.879, 1.1, 20, 20, 20, 2.61]) + WhiteKernel(noise_level=6.59e-05)"
204,T,8,"1.32**2 * RBF(length_scale=[0.715, 2.87, 7.04, 3.01, 2.71, 3.92]) + WhiteKernel(noise_level=0.000254)"
204,Cb,9,"1.42**2 * RBF(length_scale=[0.896, 1.15, 20, 20, 20, 2.71]) + WhiteKernel(noise_level=9.01e-05)"
204,T,9,"1.36**2 * RBF(length_scale=[0.728, 3.05, 8.61, 2.74, 2.64, 3.9]) + WhiteKernel(noise_level=0.00026)"
204,Cb,10,"1.34**2 * RBF(length_scale=[0.877, 1.16, 20, 20, 20, 2.75]) + WhiteKernel(noise_level=0.000101)"
204,T,10,"1.23**2 * RBF(length_scale=[0.708, 2.54, 6.09, 2.9, 2.42, 3.64]) + WhiteKernel(noise_level=0.000319)"
204,Cb,11,"1.27**2 * RBF(length_scale=[0.854, 1.14, 20, 20, 20, 2.64]) + WhiteKernel(noise_level=9.89e-05)"
204,T,11,"1.23**2 * RBF(length_scale=[0.707, 2.52, 6.06, 2.9, 2.45, 3.68]) + WhiteKernel(noise_level=0.000319)"
204,Cb,12,"1.29**2 * RBF(length_scale=[0.853, 1.16, 20, 20, 20, 2.85]) + WhiteKernel(noise_level=0.000112)"
204,T,12,"1.21**2 * RBF(length_scale=[0.693, 2.6, 6.71, 2.7, 2.32, 3.67]) + WhiteKernel(noise_level=0.000332)"
207,Cb,3,"1.04**2 * RBF(length_scale=[0.838, 20, 16.1, 1.37, 20, 2.04]) + WhiteKernel(noise_level=9.06e-05)"
207,T,3,"1.78**2 * RBF(length_scale=[0.741, 5.86, 20, 1.86, 3.77, 4.23]) + WhiteKernel(noise_level=0.00041)"
207,Cb,4,"1.04**2 * RBF(length_scale=[0.841, 20, 15.9, 1.35, 20, 2.04]) + WhiteKernel(noise_level=8.96e-05)"
207,T,4,"1.79**2 * RBF(length_scale=[0.745, 5.86, 20, 1.88, 3.85, 4.32]) + WhiteKernel(noise_level=0.000398)"
207,Cb,5,"1.04**2 * RBF(length_scale=[0.846, 20, 14.8, 1.29, 20, 2.06]) + WhiteKernel(noise_level=9.19e-05)"
207,T,5,"1.87**2 * RBF(length_scale=[0.736, 5.83, 20, 2.14, 3.57, 4.74]) + WhiteKernel(noise_level=0.000448)"
207,Cb,6,"1.04**2 * RBF(length_scale=[0.851, 20, 13.5, 1.23, 20, 2.08]) + WhiteKernel(noise_level=8.95e-05)"
207,T,6,"1.78**2 * RBF(length_scale=[0.738, 5.86, 20, 2.17, 3.63, 4.78]) + WhiteKernel(noise_level=0.000463)"
207,Cb,7,"1.05**2 * RBF(length_scale=[0.859, 20, 12.7, 1.2, 20, 2.1]) + WhiteKernel(noise_level=8.75e-05)"
207,T,7,"1.74**2 * RBF(length_scale=[0.745, 5.87, 20, 2.15, 3.75, 4.83]) + WhiteKernel(noise_level=0.000429)"
207,Cb,8,"1.07**2 * RBF(length_scale=[0.867, 20, 11.7, 1.17, 20, 2.12]) + WhiteKernel(noise_level=8.76e-05)"
207,T,8,"1.8**2 * RBF(length_scale=[0.751, 6.02, 20, 2.22, 4.11, 5.28]) + WhiteKernel(noise_level=0.000428)"
207,Cb,9,"1.08**2 * RBF(length_scale=[0.873, 20, 11, 1.16, 17.8, 2.13]) + WhiteKernel(noise_level=8.59e-05)"
207,T,9,"1.76**2 * RBF(length_scale=[0.751, 6.03, 20, 2.23, 4.11, 5.33]) + WhiteKernel(noise_level=0.000387)"
207,Cb,10,"1.08**2 * RBF(length_scale=[0.875, 20, 11.1, 1.15, 13.5, 2.13]) + WhiteKernel(noise_level=8.42e-05)"
207,T,10,"1.7**2 * RBF(length_scale=[0.75, 6.03, 20, 2.22, 4.15, 5.32]) + WhiteKernel(noise_level=0.00036)"
207,Cb,11,"1.09**2 * RBF(length_scale=[0.877, 20, 10.7, 1.14, 12.8, 2.16]) + WhiteKernel(noise_level=8.28e-05)"
207,T,11,"1.72**2 * RBF(length_scale=[0.757, 6.06, 20, 2.23, 4.34, 5.49]) + WhiteKernel(noise_level=0.000352)"
207,Cb,12,"1.1**2 * RBF(length_scale=[0.874, 20, 10.6, 1.13, 12.3, 2.19]) + WhiteKernel(noise_level=8.11e-05)"
207,T,12,"1.71**2 * RBF(length_scale=[0.752, 6.08, 20, 2.25, 4.43, 5.56]) + WhiteKernel(noise_level=0.00033)"
229,Cb,3,"1.08**2 * RBF(length_scale=[0.78, 1.17, 20, 1.1, 20, 2.95]) + WhiteKernel(noise_level=0.000226)"
229,T,3,"1.32**2 * RBF(length_scale=[0.723, 1.99, 6.39, 2.73, 20, 2.35]) + WhiteKernel(noise_level=0.000474)"
229,Cb,4,"1.08**2 * RBF(length_scale=[0.782, 1.21, 20, 1.1, 20, 2.96]) + WhiteKernel(noise_level=0.000223)"
229,T,4,"1.33**2 * RBF(length_scale=[0.725, 2.01, 6.34, 2.73, 20, 2.4]) + WhiteKernel(noise_level=0.000471)"
229,Cb,5,"1.07**2 * RBF(length_scale=[0.784, 1.21, 20, 1.1, 20, 2.94]) + WhiteKernel(noise_level=0.000222)"
229,T,5,"1.33**2 * RBF(length_scale=[0.728, 2.03, 6.29, 2.7, 20, 2.46]) + WhiteKernel(noise_level=0.000468)"
229,Cb,6,"1.07**2 * RBF(length_scale=[0.787, 1.21, 20, 1.1, 20, 2.93]) + WhiteKernel(noise_level=0.00022)"
229,T,6,"1.34**2 * RBF(length_scale=[0.732, 2.04, 6.32, 2.73, 20, 2.5]) + WhiteKernel(noise_level=0.000467)"
229,Cb,7,"1.07**2 * RBF(length_scale=[0.79, 1.24, 20, 1.09, 20, 2.92]) + WhiteKernel(noise_level=0.00022)"
229,T,7,"1.35**2 * RBF(length_scale=[0.736, 2.05, 6.35, 2.74, 20, 2.55]) + WhiteKernel(noise_level=0.000465)"
229,Cb,8,"1.09**2 * RBF(length_scale=[0.796, 1.25, 20, 1.11, 20, 2.94]) + WhiteKernel(noise_level=0.000226)"
229,T,8,"1.37**2 * RBF(length_scale=[0.74, 2.06, 6.49, 2.7, 20, 2.58]) + WhiteKernel(noise_level=0.000466)"
229,Cb,9,"1.1**2 * RBF(length_scale=[0.8, 1.28, 20, 1.1, 20, 2.93]) + WhiteKernel(noise_level=0.000224)"
229,T,9,"1.37**2 * RBF(length_scale=[0.743, 2.07, 6.55, 2.74, 20, 2.58]) + WhiteKernel(noise_level=0.000465)"
229,Cb,10,"1.1**2 * RBF(length_scale=[0.802, 1.3, 20, 1.09, 20, 2.93]) + WhiteKernel(noise_level=0.000221)"
229,T,10,"1.39**2 * RBF(length_scale=[0.745, 2.1, 6.56, 2.76, 20, 2.64]) + WhiteKernel(noise_level=0.000464)"
229,Cb,11,"1.1**2 * RBF(length_scale=[0.804, 1.34, 20, 1.06, 20, 2.92]) + WhiteKernel(noise_level=0.000218)"
229,T,11,"1.39**2 * RBF(length_scale=[0.745, 2.1, 6.55, 2.77, 20, 2.67]) + WhiteKernel(noise_level=0.000464)"
229,Cb,12,"1.1**2 * RBF(length_scale=[0.802, 1.29, 20, 1.1, 20, 2.92]) + WhiteKernel(noise_level=0.000212)"
229,T,12,"1.4**2 * RBF(length_scale=[0.744, 2.1, 6.64, 2.75, 20, 2.71]) + WhiteKernel(noise_level=0.000465)"
232,Cb,3,"1.54**2 * RBF(length_scale=[0.838, 20, 5.31, 1.8, 20, 4.74]) + WhiteKernel(noise_level=0.00016)"
232,T,3,"2.01**2 * RBF(length_scale=[0.743, 5.31, 11.7, 2.34, 20, 4.4]) + WhiteKernel(noise_level=0.000641)"
232,Cb,4,"1.54**2 * RBF(length_scale=[0.841, 20, 5.35, 1.81, 20, 4.72]) + WhiteKernel(noise_level=0.000157)"
232,T,4,"1.99**2 * RBF(length_scale=[0.744, 5.17, 11.3, 2.36, 20, 4.3]) + WhiteKernel(noise_level=0.000638)"
232,Cb,5,"1.51**2 * RBF(length_scale=[0.843, 20, 5.29, 1.79, 20, 4.57]) + WhiteKernel(noise_level=0.000154)"
232,T,5,"1.94**2 * RBF(length_scale=[0.748, 5.01, 10.6, 2.27, 20, 4.1]) + WhiteKernel(noise_level=0.000649)"
232,Cb,6,"1.41**2 * RBF(length_scale=[0.843, 20, 5.02, 1.67, 20, 4.13]) + WhiteKernel(noise_level=0.000152)"
232,T,6,"2.19**2 * RBF(length_scale=[0.786, 7.08, 20, 1.65, 13.4, 5.59]) + WhiteKernel(noise_level=0.000665)"
232,Cb,7,"1.35**2 * RBF(length_scale=[0.846, 20, 4.84, 1.56, 20, 3.79]) + WhiteKernel(noise_level=0.000149)"
232,T,7,"2.63**2 * RBF(length_scale=[0.814, 10.1, 17.8, 1.72, 17, 6.15]) + WhiteKernel(noise_level=0.000688)"
232,Cb,8,"1.33**2 * RBF(length_scale=[0.853, 20, 4.71, 1.5, 20, 3.67]) + WhiteKernel(noise_level=0.000147)"
232,T,8,"2.19**2 * RBF(length_scale=[0.792, 7.28, 20, 1.6, 12.7, 5.64]) + WhiteKernel(noise_level=0.000641)"
232,Cb,9,"1.34**2 * RBF(length_scale=[0.857, 20, 4.65, 1.5, 20, 3.68]) + WhiteKernel(noise_level=0.000144)"
232,T,9,"2.21**2 * RBF(length_scale=[0.794, 7.33, 20, 1.62, 13, 5.69]) + WhiteKernel(noise_level=0.000638)"
232,Cb,10,"1.35**2 * RBF(length_scale=[0.86, 20, 4.66, 1.51, 20, 3.69]) + WhiteKernel(noise_level=0.000143)"
232,T,10,"2.28**2 * RBF(length_scale=[0.799, 7.74, 20, 1.65, 13.5, 5.84]) + WhiteKernel(noise_level=0.000649)"
232,Cb,11,"1.34**2 * RBF(length_scale=[0.861, 20, 4.64, 1.48, 20, 3.57]) + WhiteKernel(noise_level=0.000146)"
232,T,11,"2.27**2 * RBF(length_scale=[0.796, 8.17, 20, 1.59, 13.2, 5.88]) + WhiteKernel(noise_level=0.000644)"
232,Cb,12,"1.31**2 * RBF(length_scale=[0.859, 20, 4.61, 1.4, 20, 3.37]) + WhiteKernel(noise_level=0.000146)"
232,T,12,"2.29**2 * RBF(length_scale=[0.795, 8.45, 20, 1.58, 13.1, 5.94]) + WhiteKernel(noise_level=0.000634)"
234,Cb,3,"1.29**2 * RBF(length_scale=[0.824, 1.91, 20, 1.74, 20, 3.44]) + WhiteKernel(noise_level=0.000132)"
234,T,3,"2.21**2 * RBF(length_scale=[0.724, 20, 7.46, 1.98, 20, 3.74]) + WhiteKernel(noise_level=0.000644)"
234,Cb,4,"1.29**2 * RBF(length_scale=[0.826, 1.93, 20, 1.76, 20, 3.44]) + WhiteKernel(noise_level=0.00013)"
234,T,4,"2.22**2 * RBF(length_scale=[0.725, 20, 7.51, 1.99, 20, 3.75]) + WhiteKernel(noise_level=0.000638)"
234,Cb,5,"1.29**2 * RBF(length_scale=[0.829, 1.93, 20, 1.78, 20, 3.48]) + WhiteKernel(noise_level=0.000129)"
234,T,5,"2.25**2 * RBF(length_scale=[0.728, 20, 7.58, 2, 20, 3.85]) + WhiteKernel(noise_level=0.000633)"
234,Cb,6,"1.3**2 * RBF(length_scale=[0.832, 1.94, 20, 1.82, 20, 3.53]) + WhiteKernel(noise_level=0.000128)"
234,T,6,"2.23**2 * RBF(length_scale=[0.732, 20, 7.54, 2.01, 20, 3.7]) + WhiteKernel(noise_level=0.00064)"
234,Cb,7,"1.31**2 * RBF(length_scale=[0.836, 1.94, 20, 1.86, 20, 3.58]) + WhiteKernel(noise_level=0.000125)"
234,T,7,"2.24**2 * RBF(length_scale=[0.735, 20, 7.51, 2.02, 20, 3.64]) + WhiteKernel(noise_level=0.000635)"
234,Cb,8,"1.31**2 * RBF(length_scale=[0.839, 1.94, 20, 1.89, 20, 3.6]) + WhiteKernel(noise_level=0.000123)"
234,T,8,"2.29**2 * RBF(length_scale=[0.74, 20, 7.72, 2.01, 20, 3.86]) + WhiteKernel(noise_level=0.000644)"
234,Cb,9,"1.31**2 * RBF(length_scale=[0.842, 1.95, 20, 1.9, 20, 3.61]) + WhiteKernel(noise_level=0.000122)"
234,T,9,"2.32**2 * RBF(length_scale=[0.741, 20, 7.78, 2.02, 20, 3.91]) + WhiteKernel(noise_level=0.000638)"
234,Cb,10,"1.31**2 * RBF(length_scale=[0.842, 1.94, 20, 1.92, 20, 3.62]) + WhiteKernel(noise_level=0.000121)"
234,T,10,"2.31**2 * RBF(length_scale=[0.742, 20, 7.79, 2.02, 20, 3.91]) + WhiteKernel(noise_level=0.000638)"
234,Cb,11,"1.31**2 * RBF(length_scale=[0.841, 1.94, 20, 1.93, 20, 3.62]) + WhiteKernel(noise_level=0.000121)"
234,T,11,"2.32**2 * RBF(length_scale=[0.742, 20, 7.82, 2.02, 20, 3.92]) + WhiteKernel(noise_level=0.000634)"
234,Cb,12,"1.31**2 * RBF(length_scale=[0.839, 1.96, 20, 1.92, 20, 3.59]) + WhiteKernel(noise_level=0.00012)"
234,T,12,"2.34**2 * RBF(length_scale=[0.74, 20, 7.85, 2.03, 20, 3.97]) + WhiteKernel(noise_level=0.000631)"
250,Cb,3,"0.99**2 * RBF(length_scale=[0.86, 0.785, 20, 1.03, 20, 2.39]) + WhiteKernel(noise_level=0.000102)"
250,T,3,"1.74**2 * RBF(length_scale=[0.811, 3.29, 5.96, 1.79, 16.1, 3.54]) + WhiteKernel(noise_level=0.000339)"
250,Cb,4,"0.997**2 * RBF(length_scale=[0.859, 0.801, 20, 1.07, 20, 2.37]) + WhiteKernel(noise_level=0.0001)"
250,T,4,"2.06**2 * RBF(length_scale=[0.84, 9.29, 9.03, 1.66, 6.71, 4.13]) + WhiteKernel(noise_level=0.000347)"
250,Cb,5,"0.983**2 * RBF(length_scale=[0.866, 0.78, 20, 0.963, 20, 2.42]) + WhiteKernel(noise_level=0.000102)"
250,T,5,"1.88**2 * RBF(length_scale=[0.823, 2.88, 6.39, 1.96, 19.1, 3.79]) + WhiteKernel(noise_level=0.000367)"
250,Cb,6,"0.97**2 * RBF(length_scale=[0.871, 0.764, 20, 0.821, 20, 2.5]) + WhiteKernel(noise_level=0.000101)"
250,T,6,"1.75**2 * RBF(length_scale=[0.812, 2.46, 5.78, 1.96, 20, 3.7]) + WhiteKernel(noise_level=0.000352)"
250,Cb,7,"0.975**2 * RBF(length_scale=[0.873, 0.758, 20, 0.83, 20, 2.53]) + WhiteKernel(noise_level=9.93e-05)"
250,T,7,"1.76**2 * RBF(length_scale=[0.816, 2.44, 5.81, 1.96, 20, 3.73]) + WhiteKernel(noise_level=0.000346)"
250,Cb,8,"1.01**2 * RBF(length_scale=[0.87, 0.77, 20, 1.07, 20, 2.52]) + WhiteKernel(noise_level=9.75e-05)"
250,T,8,"1.78**2 * RBF(length_scale=[0.823, 2.39, 5.91, 1.99, 20, 3.76]) + WhiteKernel(noise_level=0.000345)"
250,Cb,9,"1.02**2 * RBF(length_scale=[0.873, 0.762, 20, 1.1, 20, 2.56]) + WhiteKernel(noise_level=9.68e-05)"
250,T,9,"1.81**2 * RBF(length_scale=[0.825, 2.33, 6.07, 2.04, 20, 3.8]) + WhiteKernel(noise_level=0.000342)"
250,Cb,10,"1.03**2 * RBF(length_scale=[0.876, 0.752, 20, 1.09, 20, 2.61]) + WhiteKernel(noise_level=9.6e-05)"
250,T,10,"1.83**2 * RBF(length_scale=[0.825, 2.3, 6.2, 2.08, 20, 3.84]) + WhiteKernel(noise_level=0.000337)"
250,Cb,11,"1.03**2 * RBF(length_scale=[0.877, 0.74, 20, 1.08, 20, 2.65]) + WhiteKernel(noise_level=9.52e-05)"
250,T,11,"1.85**2 * RBF(length_scale=[0.827, 2.28, 6.28, 2.1, 20, 3.88]) + WhiteKernel(noise_level=0.000335)"
250,Cb,12,"1.03**2 * RBF(length_scale=[0.878, 0.723, 20, 1.03, 20, 2.68]) + WhiteKernel(noise_level=9.5e-05)"
250,T,12,"1.86**2 * RBF(length_scale=[0.827, 2.25, 6.22, 2.11, 20, 3.89]) + WhiteKernel(noise_level=0.000335)"
257,Cb,3,"1.25**2 * RBF(length_scale=[0.776, 1.16, 20, 20, 20, 4.19]) + WhiteKernel(noise_level=0.000138)"
257,T,3,"1.65**2 * RBF(length_scale=[0.802, 2.46, 14, 20, 20, 4.11]) + WhiteKernel(noise_level=0.000257)"
257,Cb,4,"1.2**2 * RBF(length_scale=[0.771, 1.11, 20, 20, 20, 3.8]) + WhiteKernel(noise_level=0.000137)"
257,T,4,"1.58**2 * RBF(length_scale=[0.815, 2.44, 13.1, 20, 20, 3.67]) + WhiteKernel(noise_level=0.000271)"
257,Cb,5,"1.16**2 * RBF(length_scale=[0.766, 1.06, 20, 20, 20, 3.39]) + WhiteKernel(noise_level=0.000131)"
257,T,5,"1.54**2 * RBF(length_scale=[0.816, 2.41, 12.7, 20, 20, 3.42]) + WhiteKernel(noise_level=0.00026)"
257,Cb,6,"1.14**2 * RBF(length_scale=[0.771, 1.04, 20, 20, 20, 3.25]) + WhiteKernel(noise_level=0.000128)"
257,T,6,"1.53**2 * RBF(length_scale=[0.82, 2.4, 12.6, 20, 20, 3.41]) + WhiteKernel(noise_level=0.000259)"
257,Cb,7,"1.14**2 * RBF(length_scale=[0.774, 1.03, 20, 20, 20, 3.2]) + WhiteKernel(noise_level=0.000127)"
257,T,7,"1.43**2 * RBF(length_scale=[0.804, 2.29, 11.9, 20, 20, 3.11]) + WhiteKernel(noise_level=0.000249)"
257,Cb,8,"1.14**2 * RBF(length_scale=[0.776, 1.01, 20, 20, 20, 3.16]) + WhiteKernel(noise_level=0.000126)"
257,T,8,"1.42**2 * RBF(length_scale=[0.805, 2.23, 11.8, 20, 20, 3.06]) + WhiteKernel(noise_level=0.000239)"
257,Cb,9,"1.13**2 * RBF(length_scale=[0.782, 0.994, 20, 20, 20, 3.03]) + WhiteKernel(noise_level=0.000129)"
257,T,9,"1.4**2 * RBF(length_scale=[0.804, 2.23, 11.7, 20, 20, 3.03]) + WhiteKernel(noise_level=0.000235)"
257,Cb,10,"1.14**2 * RBF(length_scale=[0.786, 0.993, 20, 20, 20, 2.94]) + WhiteKernel(noise_level=0.000129)"
257,T,10,"1.36**2 * RBF(length_scale=[0.796, 2.19, 11.2, 20, 20, 2.97]) + WhiteKernel(noise_level=0.000229)"
257,Cb,11,"1.12**2 * RBF(length_scale=[0.784, 0.971, 20, 20, 20, 2.85]) + WhiteKernel(noise_level=0.000133)"
257,T,11,"1.36**2 * RBF(length_scale=[0.797, 2.19, 11.2, 20, 20, 2.96]) + WhiteKernel(noise_level=0.000225)"
257,Cb,12,"1.12**2 * RBF(length_scale=[0.78, 0.968, 20, 20, 20, 2.77]) + WhiteKernel(noise_level=0.000131)"
257,T,12,"1.35**2 * RBF(length_scale=[0.791, 2.17, 11.2, 20, 20, 2.98]) + WhiteKernel(noise_level=0.000222)"
314,Cb,3,"1.71**2 * RBF(length_scale=[0.896, 2.68, 20, 2, 20, 4.8]) + WhiteKernel(noise_level=0.000124)"
314,T,3,"2.67**2 * RBF(length_scale=[0.791, 20, 5.38, 3.77, 20, 3.43]) + WhiteKernel(noise_level=0.000519)"
314,Cb,4,"1.7**2 * RBF(length_scale=[0.898, 2.54, 20, 1.97, 20, 4.75]) + WhiteKernel(noise_level=0.000124)"
314,T,4,"2.7**2 * RBF(length_scale=[0.8, 20, 5.61, 3.49, 20, 3.51]) + WhiteKernel(noise_level=0.000493)"
314,Cb,5,"1.73**2 * RBF(length_scale=[0.898, 2.48, 20, 2.02, 20, 4.8]) + WhiteKernel(noise_level=0.000132)"
314,T,5,"2.83**2 * RBF(length_scale=[0.821, 7.04, 7.43, 3.14, 20, 4.13]) + WhiteKernel(noise_level=0.000558)"
314,Cb,6,"1.75**2 * RBF(length_scale=[0.903, 2.43, 20, 2.01, 20, 4.79]) + WhiteKernel(noise_level=0.000132)"
314,T,6,"2.84**2 * RBF(length_scale=[0.817, 5.37, 8.12, 3.65, 20, 4.25]) + WhiteKernel(noise_level=0.000523)"
314,Cb,7,"1.74**2 * RBF(length_scale=[0.907, 2.36, 20, 1.97, 20, 4.75]) + WhiteKernel(noise_level=0.000131)"
314,T,7,"2.82**2 * RBF(length_scale=[0.822, 5.13, 8.29, 3.72, 20, 4.31]) + WhiteKernel(noise_level=0.000496)"
314,Cb,8,"1.84**2 * RBF(length_scale=[0.919, 2.42, 20, 2.04, 20, 4.85]) + WhiteKernel(noise_level=0.000141)"
314,T,8,"2.85**2 * RBF(length_scale=[0.831, 4.9, 8.71, 3.78, 20, 4.49]) + WhiteKernel(noise_level=0.000483)"
314,Cb,9,"1.85**2 * RBF(length_scale=[0.922, 2.38, 20, 2.05, 20, 4.81]) + WhiteKernel(noise_level=0.000137)"
314,T,9,"2.85**2 * RBF(length_scale=[0.836, 4.66, 9.07, 3.78, 20, 4.63]) + WhiteKernel(noise_level=0.000471)"
314,Cb,10,"1.84**2 * RBF(length_scale=[0.923, 2.33, 20, 2.03, 20, 4.78]) + WhiteKernel(noise_level=0.000133)"
314,T,10,"2.82**2 * RBF(length_scale=[0.837, 4.43, 9.27, 3.83, 20, 4.61]) + WhiteKernel(noise_level=0.000454)"
314,Cb,11,"1.82**2 * RBF(length_scale=[0.927, 2.22, 20, 1.99, 20, 4.7]) + WhiteKernel(noise_level=0.000132)"
314,T,11,"2.8**2 * RBF(length_scale=[0.836, 4.25, 9.49, 3.86, 20, 4.59]) + WhiteKernel(noise_level=0.000434)"
314,Cb,12,"1.8**2 * RBF(length_scale=[0.924, 2.14, 20, 1.97, 20, 4.7]) + WhiteKernel(noise_level=0.000126)"
314,T,12,"2.77**2 * RBF(length_scale=[0.833, 4.15, 9.7, 3.84, 20, 4.64]) + WhiteKernel(noise_level=0.000419)"
332,Cb,3,"1.2**2 * RBF(length_scale=[0.867, 1.06, 20, 20, 20, 3.74]) + WhiteKernel(noise_level=0.00012)"
332,T,3,"1.55**2 * RBF(length_scale=[0.448, 2.24, 7.85, 20, 20, 6.28]) + WhiteKernel(noise_level=2.99e-06)"
332,Cb,4,"1.19**2 * RBF(length_scale=[0.869, 1.03, 20, 20, 20, 3.72]) + WhiteKernel(noise_level=0.000123)"
332,T,4,"1.54**2 * RBF(length_scale=[0.449, 2.22, 7.78, 20, 20, 6.23]) + WhiteKernel(noise_level=2.79e-06)"
332,Cb,5,"1.22**2 * RBF(length_scale=[0.872, 1.09, 20, 20, 20, 3.73]) + WhiteKernel(noise_level=0.000131)"
332,T,5,"1.56**2 * RBF(length_scale=[0.45, 2.25, 7.98, 20, 20, 6.23]) + WhiteKernel(noise_level=2.35e-06)"
332,Cb,6,"1.23**2 * RBF(length_scale=[0.874, 1.09, 20, 20, 20, 3.69]) + WhiteKernel(noise_level=0.00013)"
332,T,6,"1.56**2 * RBF(length_scale=[0.453, 2.26, 8.1, 20, 20, 6.33]) + WhiteKernel(noise_level=2.34e-06)"
332,Cb,7,"1.23**2 * RBF(length_scale=[0.877, 1.09, 20, 20, 20, 3.68]) + WhiteKernel(noise_level=0.000128)"
332,T,7,"1.58**2 * RBF(length_scale=[0.455, 2.3, 8.3, 20, 20, 6.36]) + WhiteKernel(noise_level=1.84e-06)"
332,Cb,8,"1.26**2 * RBF(length_scale=[0.894, 1.06, 20, 20, 20, 3.7]) + WhiteKernel(noise_level=0.000137)"
332,T,8,"1.57**2 * RBF(length_scale=[0.458, 2.32, 8.33, 20, 20, 6.41]) + WhiteKernel(noise_level=2.01e-06)"
332,Cb,9,"1.27**2 * RBF(length_scale=[0.903, 1.02, 20, 20, 20, 3.84]) + WhiteKernel(noise_level=0.00013)"
332,T,9,"1.58**2 * RBF(length_scale=[0.459, 2.34, 8.47, 20, 20, 6.6]) + WhiteKernel(noise_level=1.93e-06)"
332,Cb,10,"1.24**2 * RBF(length_scale=[0.902, 1.04, 20, 20, 20, 3.77]) + WhiteKernel(noise_level=0.000125)"
332,T,10,"1.57**2 * RBF(length_scale=[0.46, 2.34, 8.56, 20, 20, 6.73]) + WhiteKernel(noise_level=1.84e-06)"
332,Cb,11,"1.25**2 * RBF(length_scale=[0.907, 1.06, 20, 20, 20, 3.86]) + WhiteKernel(noise_level=0.000121)"
332,T,11,"1.57**2 * RBF(length_scale=[0.459, 2.36, 8.66, 20, 20, 6.83]) + WhiteKernel(noise_level=1.69e-06)"
332,Cb,12,"1.26**2 * RBF(length_scale=[0.909, 1.08, 20, 20, 20, 3.94]) + WhiteKernel(noise_level=0.000117)"
332,T,12,"1.82**2 * RBF(length_scale=[0.743, 2.28, 6.89, 20, 20, 6.89]) + WhiteKernel(noise_level=0.000361)"
401,Cb,3,"1.42**2 * RBF(length_scale=[0.872, 1.6, 18.7, 3.42, 20, 3.77]) + WhiteKernel(noise_level=8.61e-05)"
401,T,3,"1.8**2 * RBF(length_scale=[0.752, 2.67, 6.87, 4.31, 20, 3.45]) + WhiteKernel(noise_level=0.000351)"
401,Cb,4,"1.39**2 * RBF(length_scale=[0.874, 1.58, 18.4, 3.35, 20, 3.73]) + WhiteKernel(noise_level=8.35e-05)"
401,T,4,"1.77**2 * RBF(length_scale=[0.756, 2.62, 6.9, 4.09, 20, 3.49]) + WhiteKernel(noise_level=0.000387)"
401,Cb,5,"1.36**2 * RBF(length_scale=[0.88, 1.56, 17.9, 3.2, 20, 3.7]) + WhiteKernel(noise_level=8.23e-05)"
401,T,5,"1.86**2 * RBF(length_scale=[0.772, 2.76, 7.26, 4.31, 20, 3.59]) + WhiteKernel(noise_level=0.000428)"
401,Cb,6,"1.34**2 * RBF(length_scale=[0.884, 1.55, 17.8, 3.17, 20, 3.68]) + WhiteKernel(noise_level=7.98e-05)"
401,T,6,"1.82**2 * RBF(length_scale=[0.768, 2.75, 7.23, 4.27, 20, 3.59]) + WhiteKernel(noise_level=0.000402)"
401,Cb,7,"1.32**2 * RBF(length_scale=[0.888, 1.54, 17.8, 3.14, 20, 3.67]) + WhiteKernel(noise_level=7.75e-05)"
401,T,7,"1.81**2 * RBF(length_scale=[0.764, 2.68, 7.27, 4.5, 20, 3.71]) + WhiteKernel(noise_level=0.000381)"
401,Cb,8,"1.31**2 * RBF(length_scale=[0.891, 1.53, 18.2, 3.12, 20, 3.69]) + WhiteKernel(noise_level=7.5e-05)"
401,T,8,"1.81**2 * RBF(length_scale=[0.768, 2.68, 7.38, 4.57, 20, 3.75]) + WhiteKernel(noise_level=0.000368)"
401,Cb,9,"1.29**2 * RBF(length_scale=[0.894, 1.53, 18.5, 3.07, 20, 3.7]) + WhiteKernel(noise_level=7.27e-05)"
401,T,9,"1.79**2 * RBF(length_scale=[0.768, 2.67, 7.42, 4.6, 20, 3.79]) + WhiteKernel(noise_level=0.000351)"
401,Cb,10,"1.28**2 * RBF(length_scale=[0.896, 1.52, 18.6, 3.03, 20, 3.7]) + WhiteKernel(noise_level=7.06e-05)"
401,T,10,"1.77**2 * RBF(length_scale=[0.772, 2.63, 7.41, 4.66, 20, 3.82]) + WhiteKernel(noise_level=0.000344)"
401,Cb,11,"1.26**2 * RBF(length_scale=[0.897, 1.51, 18.5, 3.01, 20, 3.69]) + WhiteKernel(noise_level=6.87e-05)"
401,T,11,"1.73**2 * RBF(length_scale=[0.767, 2.59, 7.35, 4.65, 20, 3.84]) + WhiteKernel(noise_level=0.000324)"
401,Cb,12,"1.24**2 * RBF(length_scale=[0.895, 1.5, 18.2, 2.97, 20, 3.65]) + WhiteKernel(noise_level=6.67e-05)"
401,T,12,"1.73**2 * RBF(length_scale=[0.765, 2.6, 7.44, 4.74, 20, 3.89]) + WhiteKernel(noise_level=0.000315)"
424,Cb,3,"1.16**2 * RBF(length_scale=[0.784, 1.12, 20, 2.73, 20, 2.81]) + WhiteKernel(noise_level=0.000172)"
424,T,3,"1.68**2 * RBF(length_scale=[0.745, 2.35, 9.04, 2.56, 7.25, 4.11]) + WhiteKernel(noise_level=0.000537)"
424,Cb,4,"1.17**2 * RBF(length_scale=[0.786, 1.12, 20, 2.68, 20, 2.85]) + WhiteKernel(noise_level=0.000175)"
424,T,4,"1.8**2 * RBF(length_scale=[0.758, 2.35, 8.69, 2.84, 9.19, 4.37]) + WhiteKernel(noise_level=0.000579)"
424,Cb,5,"1.17**2 * RBF(length_scale=[0.793, 1.11, 20, 2.31, 20, 2.86]) + WhiteKernel(noise_level=0.000176)"
424,T,5,"1.65**2 * RBF(length_scale=[0.733, 2.28, 5.53, 2.72, 9.85, 3.84]) + WhiteKernel(noise_level=0.000518)"
424,Cb,6,"1.19**2 * RBF(length_scale=[0.799, 1.11, 20, 2.27, 20, 2.94]) + WhiteKernel(noise_level=0.000175)"
424,T,6,"1.67**2 * RBF(length_scale=[0.736, 2.28, 5.56, 2.76, 9.88, 3.87]) + WhiteKernel(noise_level=0.000515)"
424,Cb,7,"1.14**2 * RBF(length_scale=[0.796, 1.08, 20, 2.17, 20, 2.77]) + WhiteKernel(noise_level=0.000172)"
424,T,7,"1.63**2 * RBF(length_scale=[0.722, 2.29, 5.59, 2.71, 8.86, 3.83]) + WhiteKernel(noise_level=0.000492)"
424,Cb,8,"1.11**2 * RBF(length_scale=[0.796, 1.07, 20, 2, 20, 2.67]) + WhiteKernel(noise_level=0.000168)"
424,T,8,"1.6**2 * RBF(length_scale=[0.723, 2.3, 5.67, 2.58, 7.71, 3.71]) + WhiteKernel(noise_level=0.000478)"
424,Cb,9,"1.12**2 * RBF(length_scale=[0.798, 1.08, 20, 1.99, 20, 2.67]) + WhiteKernel(noise_level=0.000166)"
424,T,9,"1.37**2 * RBF(length_scale=[0.805, 20, 20, 0.569, 20, 2.29]) + WhiteKernel(noise_level=0.000666)"
424,Cb,10,"1.12**2 * RBF(length_scale=[0.798, 1.07, 20, 2.02, 20, 2.67]) + WhiteKernel(noise_level=0.000165)"
424,T,10,"1.36**2 * RBF(length_scale=[0.803, 20, 20, 0.565, 20, 2.24]) + WhiteKernel(noise_level=0.000652)"
424,Cb,11,"1.12**2 * RBF(length_scale=[0.793, 1.07, 20, 2.06, 20, 2.65]) + WhiteKernel(noise_level=0.000162)"
424,T,11,"1.37**2 * RBF(length_scale=[0.803, 20, 20, 0.568, 20, 2.24]) + WhiteKernel(noise_level=0.000647)"
424,Cb,12,"1.12**2 * RBF(length_scale=[0.792, 1.06, 20, 2.07, 20, 2.65]) + WhiteKernel(noise_level=0.000163)"
424,T,12,"1.38**2 * RBF(length_scale=[0.803, 20, 20, 0.572, 20, 2.25]) + WhiteKernel(noise_level=0.000648)"
496,Cb,3,"1.25**2 * RBF(length_scale=[1.07, 1.45, 20, 2.49, 16.1, 2.92]) + WhiteKernel(noise_level=6.86e-05)"
496,T,3,"1.73**2 * RBF(length_scale=[0.789, 2.6, 5.92, 4.52, 7.35, 3.56]) + WhiteKernel(noise_level=0.000192)"
496,Cb,4,"1.26**2 * RBF(length_scale=[1.08, 1.46, 20, 2.52, 17.6, 2.93]) + WhiteKernel(noise_level=6.81e-05)"
496,T,4,"1.98**2 * RBF(length_scale=[1.34, 15, 20, 1.35, 5.13, 5.36]) + WhiteKernel(noise_level=0.00101)"
496,Cb,5,"1.27**2 * RBF(length_scale=[1.08, 1.49, 20, 2.54, 17, 2.99]) + WhiteKernel(noise_level=6.77e-05)"
496,T,5,"1.97**2 * RBF(length_scale=[1.34, 13.8, 20, 1.34, 4.99, 5.31]) + WhiteKernel(noise_level=0.00101)"
496,Cb,6,"1.28**2 * RBF(length_scale=[1.08, 1.51, 20, 2.55, 15.9, 3.07]) + WhiteKernel(noise_level=6.72e-05)"
496,T,6,"1.77**2 * RBF(length_scale=[1.3, 2.66, 6.75, 2.57, 6.07, 3.42]) + WhiteKernel(noise_level=0.00103)"
496,Cb,7,"1.34**2 * RBF(length_scale=[1.09, 1.55, 20, 2.52, 17.4, 3.3]) + WhiteKernel(noise_level=6.78e-05)"
496,T,7,"1.81**2 * RBF(length_scale=[1.3, 2.6, 6.58, 2.84, 7.58, 3.33]) + WhiteKernel(noise_level=0.00102)"
496,Cb,8,"1.32**2 * RBF(length_scale=[1.1, 1.56, 20, 2.58, 15.5, 3.23]) + WhiteKernel(noise_level=6.8e-05)"
496,T,8,"1.83**2 * RBF(length_scale=[1.3, 2.59, 6.54, 2.91, 8.02, 3.33]) + WhiteKernel(noise_level=0.00102)"
496,Cb,9,"1.32**2 * RBF(length_scale=[1.09, 1.56, 20, 2.62, 15.8, 3.15]) + WhiteKernel(noise_level=6.74e-05)"
496,T,9,"1.85**2 * RBF(length_scale=[1.3, 2.6, 6.59, 2.96, 8.22, 3.35]) + WhiteKernel(noise_level=0.00101)"
496,Cb,10,"1.34**2 * RBF(length_scale=[1.1, 1.58, 20, 2.64, 16.5, 3.25]) + WhiteKernel(noise_level=6.74e-05)"
496,T,10,"1.78**2 * RBF(length_scale=[0.791, 2.61, 6.33, 5.39, 20, 2.98]) + WhiteKernel(noise_level=0.00017)"
496,Cb,11,"1.33**2 * RBF(length_scale=[1.1, 1.58, 20, 2.66, 14.9, 3.25]) + WhiteKernel(noise_level=6.8e-05)"
496,T,11,"1.89**2 * RBF(length_scale=[1.3, 2.64, 6.84, 3.1, 8.92, 3.44]) + WhiteKernel(noise_level=0.000987)"
496,Cb,12,"1.34**2 * RBF(length_scale=[1.09, 1.54, 20, 2.68, 20, 3.24]) + WhiteKernel(noise_level=6.79e-05)"
496,T,12,"1.91**2 * RBF(length_scale=[1.29, 2.62, 6.88, 3.14, 9, 3.53]) + WhiteKernel(noise_level=0.000975)"
569,Cb,3,"1.35**2 * RBF(length_scale=[1.23, 1.9, 20, 20, 20, 3.9]) + WhiteKernel(noise_level=4.08e-05)"
569,T,3,"2.83**2 * RBF(length_scale=[1.53, 4.27, 20, 7.38, 20, 7.21]) + WhiteKernel(noise_level=0.000796)"
569,Cb,4,"1.27**2 * RBF(length_scale=[1.22, 1.73, 20, 20, 20, 3.7]) + WhiteKernel(noise_level=4.17e-05)"
569,T,4,"2.8**2 * RBF(length_scale=[1.51, 4.05, 20, 6.86, 20, 7.44]) + WhiteKernel(noise_level=0.000767)"
569,Cb,5,"1.48**2 * RBF(length_scale=[1.22, 1.84, 20, 20, 20, 4.3]) + WhiteKernel(noise_level=5.64e-05)"
569,T,5,"2.76**2 * RBF(length_scale=[1.56, 4.05, 19.6, 7.81, 20, 7.08]) + WhiteKernel(noise_level=0.000878)"
569,Cb,6,"1.47**2 * RBF(length_scale=[1.23, 1.83, 20, 20, 20, 4.34]) + WhiteKernel(noise_level=5.62e-05)"
569,T,6,"2.71**2 * RBF(length_scale=[1.57, 3.94, 18.7, 8.02, 20, 7.03]) + WhiteKernel(noise_level=0.00083)"
569,Cb,7,"1.62**2 * RBF(length_scale=[1.22, 2.03, 20, 20, 20, 4.86]) + WhiteKernel(noise_level=6.38e-05)"
569,T,7,"2.58**2 * RBF(length_scale=[1.55, 3.81, 20, 7.24, 20, 7.16]) + WhiteKernel(noise_level=0.000883)"
569,Cb,8,"1.81**2 * RBF(length_scale=[1.16, 2.11, 20, 20, 20, 5.58]) + WhiteKernel(noise_level=5.77e-05)"
569,T,8,"2.09**2 * RBF(length_scale=[0.805, 3.75, 20, 8.92, 20, 6.97]) + WhiteKernel(noise_level=0.000173)"
569,Cb,9,"2.15**2 * RBF(length_scale=[1.16, 2.05, 20, 20, 20, 6.41]) + WhiteKernel(noise_level=5.45e-05)"
569,T,9,"2.11**2 * RBF(length_scale=[0.819, 3.65, 20, 8.41, 20, 6.96]) + WhiteKernel(noise_level=0.000175)"
569,Cb,10,"1.65**2 * RBF(length_scale=[1.06, 1.92, 20, 20, 20, 5.36]) + WhiteKernel(noise_level=7.1e-05)"
569,T,10,"2.11**2 * RBF(length_scale=[0.819, 3.65, 20, 8.01, 20, 6.99]) + WhiteKernel(noise_level=0.000193)"
569,Cb,11,"1.42**2 * RBF(length_scale=[0.978, 1.65, 20, 20, 20, 4.74]) + WhiteKernel(noise_level=6.29e-05)"
569,T,11,"2.09**2 * RBF(length_scale=[0.818, 3.57, 20, 7.79, 20, 6.97]) + WhiteKernel(noise_level=0.000194)"
569,Cb,12,"1.41**2 * RBF(length_scale=[0.98, 1.67, 20, 20, 20, 4.77]) + WhiteKernel(noise_level=7.29e-05)"
569,T,12,"2.14**2 * RBF(length_scale=[0.81, 3.42, 19.9, 8.51, 20, 7.12]) + WhiteKernel(noise_level=0.000204)"
653,Cb,3,"1.4**2 * RBF(length_scale=[1.08, 1.85, 20, 2.45, 20, 4.41]) + WhiteKernel(noise_level=5.77e-05)"
653,T,3,"1.96**2 * RBF(length_scale=[0.907, 20, 20, 3.14, 8.88, 5.23]) + WhiteKernel(noise_level=0.000118)"
653,Cb,4,"1.46**2 * RBF(length_scale=[1.09, 1.89, 20, 2.26, 20, 4.74]) + WhiteKernel(noise_level=5.86e-05)"
653,T,4,"1.95**2 * RBF(length_scale=[0.912, 20, 20, 3.14, 9.05, 5.18]) + WhiteKernel(noise_level=0.000116)"
653,Cb,5,"1.58**2 * RBF(length_scale=[1.1, 1.89, 20, 2.2, 20, 5.32]) + WhiteKernel(noise_level=5.85e-05)"
653,T,5,"1.82**2 * RBF(length_scale=[0.904, 17.2, 20, 3.1, 8.09, 4.73]) + WhiteKernel(noise_level=0.000115)"
653,Cb,6,"1.69**2 * RBF(length_scale=[1.11, 1.83, 20, 2.3, 20, 5.68]) + WhiteKernel(noise_level=5.73e-05)"
653,T,6,"1.69**2 * RBF(length_scale=[0.888, 9.3, 20, 3.12, 7.65, 4.47]) + WhiteKernel(noise_level=0.000109)"
653,Cb,7,"1.71**2 * RBF(length_scale=[1.12, 1.81, 20, 2.33, 20, 5.76]) + WhiteKernel(noise_level=5.7e-05)"
653,T,7,"1.69**2 * RBF(length_scale=[0.894, 9.31, 20, 3.12, 7.76, 4.44]) + WhiteKernel(noise_level=0.000107)"
653,Cb,8,"1.74**2 * RBF(length_scale=[1.13, 1.78, 20, 2.37, 20, 5.86]) + WhiteKernel(noise_level=5.68e-05)"
653,T,8,"2.12**2 * RBF(length_scale=[0.917, 6.1, 18.7, 3.64, 11.9, 4.84]) + WhiteKernel(noise_level=0.0001)"
653,Cb,9,"1.65**2 * RBF(length_scale=[1.12, 1.75, 20, 2.2, 20, 5.52]) + WhiteKernel(noise_level=5.73e-05)"
653,T,9,"1.71**2 * RBF(length_scale=[0.904, 9.43, 20, 3.13, 8.02, 4.4]) + WhiteKernel(noise_level=0.000105)"
653,Cb,10,"1.65**2 * RBF(length_scale=[1.12, 1.73, 20, 2.21, 20, 5.51]) + WhiteKernel(noise_level=5.65e-05)"
653,T,10,"1.66**2 * RBF(length_scale=[0.892, 7.55, 20, 3.18, 8.14, 4.28]) + WhiteKernel(noise_level=0.000102)"
653,Cb,11,"1.6**2 * RBF(length_scale=[1.11, 1.65, 20, 2.07, 20, 5.65]) + WhiteKernel(noise_level=6.2e-05)"
653,T,11,"1.65**2 * RBF(length_scale=[0.889, 7.22, 20, 3.19, 8.13, 4.22]) + WhiteKernel(noise_level=0.000101)"
653,Cb,12,"1.59**2 * RBF(length_scale=[1.1, 1.6, 20, 1.96, 20, 5.69]) + WhiteKernel(noise_level=5.92e-05)"
653,T,12,"1.64**2 * RBF(length_scale=[0.883, 7.05, 20, 3.21, 8.18, 4.22]) + WhiteKernel(noise_level=9.93e-05)"
748,Cb,3,"1.1**2 * RBF(length_scale=[0.833, 20, 20, 0.843, 20, 2.03]) + WhiteKernel(noise_level=0.000138)"
748,T,3,"1.3**2 * RBF(length_scale=[0.737, 4.34, 4.45, 1.63, 6.65, 4.21]) + WhiteKernel(noise_level=0.000323)"
748,Cb,4,"1.1**2 * RBF(length_scale=[0.834, 20, 20, 0.847, 20, 2.02]) + WhiteKernel(noise_level=0.000136)"
748,T,4,"1.3**2 * RBF(length_scale=[0.74, 4.22, 4.49, 1.61, 6.67, 4.22]) + WhiteKernel(noise_level=0.000319)"
748,Cb,5,"1.08**2 * RBF(length_scale=[0.837, 20, 20, 0.818, 20, 1.97]) + WhiteKernel(noise_level=0.000139)"
748,T,5,"1.31**2 * RBF(length_scale=[0.744, 3.67, 4.57, 1.66, 6.86, 4.16]) + WhiteKernel(noise_level=0.000323)"
748,Cb,6,"1.06**2 * RBF(length_scale=[0.831, 1.14, 20, 1.47, 20, 2.33]) + WhiteKernel(noise_level=0.000138)"
748,T,6,"1.31**2 * RBF(length_scale=[0.746, 3, 4.79, 1.75, 7.06, 4.03]) + WhiteKernel(noise_level=0.000324)"
748,Cb,7,"1.07**2 * RBF(length_scale=[0.834, 1.15, 20, 1.5, 20, 2.36]) + WhiteKernel(noise_level=0.000136)"
748,T,7,"1.31**2 * RBF(length_scale=[0.747, 2.89, 4.93, 1.8, 7.14, 4.01]) + WhiteKernel(noise_level=0.000318)"
748,Cb,8,"1.1**2 * RBF(length_scale=[0.838, 1.14, 20, 1.61, 20, 2.48]) + WhiteKernel(noise_level=0.000137)"
748,T,8,"1.33**2 * RBF(length_scale=[0.75, 2.84, 5.13, 1.85, 7.16, 4.04]) + WhiteKernel(noise_level=0.000314)"
748,Cb,9,"1.11**2 * RBF(length_scale=[0.841, 1.15, 20, 1.64, 20, 2.51]) + WhiteKernel(noise_level=0.000136)"
748,T,9,"1.36**2 * RBF(length_scale=[0.754, 2.67, 5.57, 1.98, 7.14, 4.12]) + WhiteKernel(noise_level=0.000317)"
748,Cb,10,"1.12**2 * RBF(length_scale=[0.842, 1.16, 20, 1.67, 20, 2.53]) + WhiteKernel(noise_level=0.000136)"
748,T,10,"1.38**2 * RBF(length_scale=[0.755, 2.43, 6.15, 2.11, 7.09, 4.15]) + WhiteKernel(noise_level=0.000321)"
748,Cb,11,"1.15**2 * RBF(length_scale=[0.842, 1.14, 20, 1.75, 20, 2.64]) + WhiteKernel(noise_level=0.000138)"
748,T,11,"1.37**2 * RBF(length_scale=[0.75, 2.28, 6.47, 2.17, 6.95, 4.1]) + WhiteKernel(noise_level=0.000313)"
748,Cb,12,"1.15**2 * RBF(length_scale=[0.838, 1.12, 20, 1.77, 20, 2.69]) + WhiteKernel(noise_level=0.000137)"
748,T,12,"1.38**2 * RBF(length_scale=[0.747, 2.28, 6.59, 2.21, 7.02, 4.13]) + WhiteKernel(noise_level=0.000308)"
788,Cb,3,"1.27**2 * RBF(length_scale=[0.882, 1.29, 20, 1.74, 20, 3.44]) + WhiteKernel(noise_level=7.78e-05)"
788,T,3,"1.51**2 * RBF(length_scale=[0.705, 1.43, 4.63, 10.7, 20, 1.7]) + WhiteKernel(noise_level=0.000344)"
788,Cb,4,"1.23**2 * RBF(length_scale=[0.873, 1.21, 20, 1.86, 20, 3.34]) + WhiteKernel(noise_level=7.6e-05)"
788,T,4,"1.35**2 * RBF(length_scale=[0.708, 20, 20, 1.03, 4.2, 4.53]) + WhiteKernel(noise_level=0.000283)"
788,Cb,5,"1.3**2 * RBF(length_scale=[0.893, 1.4, 20, 1.67, 20, 3.6]) + WhiteKernel(noise_level=8.16e-05)"
788,T,5,"1.35**2 * RBF(length_scale=[0.702, 20, 20, 1.02, 4.38, 4.7]) + WhiteKernel(noise_level=0.000297)"
788,Cb,6,"1.3**2 * RBF(length_scale=[0.896, 1.43, 20, 1.67, 20, 3.63]) + WhiteKernel(noise_level=7.75e-05)"
788,T,6,"1.32**2 * RBF(length_scale=[0.716, 20, 20, 1.02, 4.51, 4.88]) + WhiteKernel(noise_level=0.000341)"
788,Cb,7,"1.32**2 * RBF(length_scale=[0.897, 1.41, 20, 1.8, 20, 3.72]) + WhiteKernel(noise_level=7.62e-05)"
788,T,7,"1.34**2 * RBF(length_scale=[0.733, 20, 20, 1.03, 4.86, 5.07]) + WhiteKernel(noise_level=0.000343)"
788,Cb,8,"1.31**2 * RBF(length_scale=[0.906, 1.2, 20, 1.99, 20, 3.59]) + WhiteKernel(noise_level=7.83e-05)"
788,T,8,"1.36**2 * RBF(length_scale=[0.74, 20, 20, 1.04, 5.04, 5.14]) + WhiteKernel(noise_level=0.000333)"
788,Cb,9,"1.29**2 * RBF(length_scale=[0.906, 1.25, 20, 1.95, 20, 3.6]) + WhiteKernel(noise_level=8.06e-05)"
788,T,9,"1.35**2 * RBF(length_scale=[0.748, 20, 20, 1.04, 4.97, 5]) + WhiteKernel(noise_level=0.000349)"
788,Cb,10,"1.26**2 * RBF(length_scale=[0.903, 1.2, 20, 1.92, 20, 3.49]) + WhiteKernel(noise_level=7.93e-05)"
788,T,10,"1.33**2 * RBF(length_scale=[0.747, 20, 20, 1.03, 4.89, 4.88]) + WhiteKernel(noise_level=0.00034)"
788,Cb,11,"1.27**2 * RBF(length_scale=[0.902, 1.22, 20, 1.93, 20, 3.53]) + WhiteKernel(noise_level=7.95e-05)"
788,T,11,"1.36**2 * RBF(length_scale=[0.753, 20, 20, 1.04, 5, 4.95]) + WhiteKernel(noise_level=0.000351)"
788,Cb,12,"1.28**2 * RBF(length_scale=[0.899, 1.18, 20, 1.99, 20, 3.54]) + WhiteKernel(noise_level=8.53e-05)"
788,T,12,"1.34**2 * RBF(length_scale=[0.744, 20, 20, 1.04, 4.85, 4.76]) + WhiteKernel(noise_level=0.000339)"
803,Cb,3,"1.23**2 * RBF(length_scale=[1.24, 2.24, 20, 2.43, 20, 2.49]) + WhiteKernel(noise_level=2.98e-05)"
803,T,3,"2.94**2 * RBF(length_scale=[1.64, 6.43, 14.8, 5.07, 4.5, 4.47]) + WhiteKernel(noise_level=0.00105)"
803,Cb,4,"1.24**2 * RBF(length_scale=[1.24, 2.24, 20, 2.47, 20, 2.51]) + WhiteKernel(noise_level=2.97e-05)"
803,T,4,"2.85**2 * RBF(length_scale=[1.64, 7.07, 17.4, 4.96, 3.86, 3.97]) + WhiteKernel(noise_level=0.00105)"
803,Cb,5,"1.22**2 * RBF(length_scale=[1.24, 2.22, 20, 2.4, 20, 2.47]) + WhiteKernel(noise_level=3.02e-05)"
803,T,5,"3.03**2 * RBF(length_scale=[1.64, 6.27, 13.7, 5.26, 4.88, 4.69]) + WhiteKernel(noise_level=0.00108)"
803,Cb,6,"1.22**2 * RBF(length_scale=[1.25, 2.2, 20, 2.34, 20, 2.43]) + WhiteKernel(noise_level=3e-05)"
803,T,6,"3.34**2 * RBF(length_scale=[1.64, 5.73, 10.5, 5.7, 8.65, 5.47]) + WhiteKernel(noise_level=0.00112)"
803,Cb,7,"1.22**2 * RBF(length_scale=[1.25, 2.21, 20, 2.36, 20, 2.45]) + WhiteKernel(noise_level=3e-05)"
803,T,7,"3.63**2 * RBF(length_scale=[1.65, 5.72, 9.55, 5.97, 19.4, 5.87]) + WhiteKernel(noise_level=0.00116)"
803,Cb,8,"1.24**2 * RBF(length_scale=[1.25, 2.29, 20, 2.28, 20, 2.55]) + WhiteKernel(noise_level=3.25e-05)"
803,T,8,"2.76**2 * RBF(length_scale=[0.793, 4.76, 8.32, 12.9, 20, 5.5]) + WhiteKernel(noise_level=0.000215)"
803,Cb,9,"1.23**2 * RBF(length_scale=[1.26, 2.44, 17.3, 1.74, 15.8, 2.6]) + WhiteKernel(noise_level=3.23e-05)"
803,T,9,"3.14**2 * RBF(length_scale=[1.67, 5.7, 12.7, 4.4, 5.73, 5.16]) + WhiteKernel(noise_level=0.0011)"
803,Cb,10,"1.25**2 * RBF(length_scale=[1.25, 2.38, 18.1, 1.92, 19.2, 2.6]) + WhiteKernel(noise_level=3.36e-05)"
803,T,10,"2.77**2 * RBF(length_scale=[0.79, 4.79, 8.36, 13.3, 20, 5.53]) + WhiteKernel(noise_level=0.000209)"
803,Cb,11,"1.2**2 * RBF(length_scale=[1.24, 2.31, 18.5, 1.86, 20, 2.53]) + WhiteKernel(noise_level=3.47e-05)"
803,T,11,"3.76**2 * RBF(length_scale=[1.65, 5.79, 10, 5.82, 20, 6.16]) + WhiteKernel(noise_level=0.00117)"
803,Cb,12,"1.18**2 * RBF(length_scale=[1.24, 2.38, 18.7, 1.62, 19.6, 2.53]) + WhiteKernel(noise_level=3.46e-05)"
803,T,12,"3.77**2 * RBF(length_scale=[1.65, 5.78, 10, 5.84, 20, 6.15]) + WhiteKernel(noise_level=0.00117)"
815,Cb,3,"1.23**2 * RBF(length_scale=[0.837, 1.11, 20, 1.73, 20, 2.63]) + WhiteKernel(noise_level=0.000176)"
815,T,3,"1.53**2 * RBF(length_scale=[0.71, 2, 6.89, 2.93, 20, 4.4]) + WhiteKernel(noise_level=0.000391)"
815,Cb,4,"1.21**2 * RBF(length_scale=[0.838, 1.08, 19.4, 1.69, 20, 2.65]) + WhiteKernel(noise_level=0.000182)"
815,T,4,"1.5**2 * RBF(length_scale=[0.706, 1.96, 6.59, 2.96, 20, 4.28]) + WhiteKernel(noise_level=0.000402)"
815,Cb,5,"1.22**2 * RBF(length_scale=[0.845, 1.12, 20, 1.67, 20, 2.62]) + WhiteKernel(noise_level=0.000188)"
815,T,5,"1.58**2 * RBF(length_scale=[0.716, 2.13, 7.36, 2.89, 20, 4.49]) + WhiteKernel(noise_level=0.000422)"
815,Cb,6,"1.23**2 * RBF(length_scale=[0.849, 1.12, 20, 1.71, 20, 2.75]) + WhiteKernel(noise_level=0.000185)"
815,T,6,"1.51**2 * RBF(length_scale=[0.724, 1.89, 6.6, 3.02, 20, 4.35]) + WhiteKernel(noise_level=0.000468)"
815,Cb,7,"1.26**2 * RBF(length_scale=[0.855, 1.15, 20, 1.78, 20, 2.98]) + WhiteKernel(noise_level=0.000183)"
815,T,7,"1.47**2 * RBF(length_scale=[0.71, 1.43, 5.84, 20, 20, 3.66]) + WhiteKernel(noise_level=0.000446)"
815,Cb,8,"1.21**2 * RBF(length_scale=[0.856, 1.12, 19.7, 1.72, 20, 2.81]) + WhiteKernel(noise_level=0.000184)"
815,T,8,"1.46**2 * RBF(length_scale=[0.72, 1.61, 6.03, 3.97, 20, 3.95]) + WhiteKernel(noise_level=0.000437)"
815,Cb,9,"1.21**2 * RBF(length_scale=[0.858, 1.12, 20, 1.72, 20, 2.89]) + WhiteKernel(noise_level=0.000184)"
815,T,9,"1.5**2 * RBF(length_scale=[0.719, 1.44, 5.9, 20, 20, 3.66]) + WhiteKernel(noise_level=0.000444)"
815,Cb,10,"1.2**2 * RBF(length_scale=[0.857, 1.1, 20, 1.72, 20, 2.88]) + WhiteKernel(noise_level=0.000183)"
815,T,10,"1.49**2 * RBF(length_scale=[0.719, 1.41, 5.96, 20, 20, 3.59]) + WhiteKernel(noise_level=0.000448)"
815,Cb,11,"1.21**2 * RBF(length_scale=[0.856, 1.1, 20, 1.72, 20, 2.9]) + WhiteKernel(noise_level=0.000182)"
815,T,11,"1.48**2 * RBF(length_scale=[0.717, 1.39, 5.88, 20, 20, 3.51]) + WhiteKernel(noise_level=0.000441)"
815,Cb,12,"1.2**2 * RBF(length_scale=[0.853, 1.09, 20, 1.71, 20, 2.9]) + WhiteKernel(noise_level=0.000181)"
815,T,12,"1.51**2 * RBF(length_scale=[0.719, 1.41, 6, 20, 20, 3.59]) + WhiteKernel(noise_level=0.000463)"
830,Cb,3,"1.42**2 * RBF(length_scale=[0.825, 1.51, 20, 1.58, 20, 4.79]) + WhiteKernel(noise_level=0.000139)"
830,T,3,"2.04**2 * RBF(length_scale=[0.745, 13.8, 15.9, 1.21, 16.8, 5.95]) + WhiteKernel(noise_level=0.000468)"
830,Cb,4,"1.45**2 * RBF(length_scale=[0.825, 1.55, 20, 1.6, 20, 4.84]) + WhiteKernel(noise_level=0.000143)"
830,T,4,"1.81**2 * RBF(length_scale=[0.735, 20, 20, 1.19, 8.55, 4.94]) + WhiteKernel(noise_level=0.00045)"
830,Cb,5,"1.44**2 * RBF(length_scale=[0.83, 1.52, 20, 1.57, 20, 4.7]) + WhiteKernel(noise_level=0.000156)"
830,T,5,"1.96**2 * RBF(length_scale=[0.727, 7.97, 11.5, 1.65, 20, 3.36]) + WhiteKernel(noise_level=0.000496)"
830,Cb,6,"1.46**2 * RBF(length_scale=[0.838, 1.56, 20, 1.56, 20, 4.82]) + WhiteKernel(noise_level=0.000163)"
830,T,6,"1.96**2 * RBF(length_scale=[0.742, 9.45, 12.4, 1.57, 20, 3.75]) + WhiteKernel(noise_level=0.000538)"
830,Cb,7,"1.45**2 * RBF(length_scale=[0.842, 1.58, 20, 1.55, 20, 4.84]) + WhiteKernel(noise_level=0.000159)"
830,T,7,"1.97**2 * RBF(length_scale=[0.755, 8.95, 12.7, 1.56, 20, 3.99]) + WhiteKernel(noise_level=0.00055)"
830,Cb,8,"1.51**2 * RBF(length_scale=[0.842, 1.48, 20, 1.79, 20, 4.93]) + WhiteKernel(noise_level=0.000196)"
830,T,8,"1.99**2 * RBF(length_scale=[0.768, 7.98, 11.6, 1.57, 20, 3.97]) + WhiteKernel(noise_level=0.000588)"
830,Cb,9,"1.52**2 * RBF(length_scale=[0.844, 1.47, 20, 1.82, 20, 4.97]) + WhiteKernel(noise_level=0.000186)"
830,T,9,"2**2 * RBF(length_scale=[0.773, 8.36, 12, 1.54, 20, 4.18]) + WhiteKernel(noise_level=0.000594)"
830,Cb,10,"1.48**2 * RBF(length_scale=[0.836, 1.48, 20, 1.82, 20, 4.91]) + WhiteKernel(noise_level=0.000197)"
830,T,10,"1.96**2 * RBF(length_scale=[0.77, 8.86, 11.6, 1.41, 20, 4.68]) + WhiteKernel(noise_level=0.000601)"
830,Cb,11,"1.47**2 * RBF(length_scale=[0.828, 1.45, 20, 1.84, 20, 4.88]) + WhiteKernel(noise_level=0.000191)"
830,T,11,"2.03**2 * RBF(length_scale=[0.78, 9.01, 12.4, 1.45, 20, 4.65]) + WhiteKernel(noise_level=0.00063)"
830,Cb,12,"1.49**2 * RBF(length_scale=[0.827, 1.49, 20, 1.85, 20, 4.92]) + WhiteKernel(noise_level=0.000205)"
830,T,12,"2.05**2 * RBF(length_scale=[0.781, 8.27, 12.2, 1.49, 20, 4.46]) + WhiteKernel(noise_level=0.000677)"
857,Cb,3,"1.36**2 * RBF(length_scale=[0.824, 1.39, 20, 2.98, 20, 3.94]) + WhiteKernel(noise_level=0.000135)"
857,T,3,"1.63**2 * RBF(length_scale=[0.72, 2.49, 5.75, 3.47, 20, 2.99]) + WhiteKernel(noise_level=0.000409)"
857,Cb,4,"1.36**2 * RBF(length_scale=[0.825, 1.4, 20, 3.01, 20, 3.96]) + WhiteKernel(noise_level=0.000134)"
857,T,4,"1.66**2 * RBF(length_scale=[0.724, 2.5, 5.95, 3.48, 20, 3.08]) + WhiteKernel(noise_level=0.000403)"
857,Cb,5,"1.32**2 * RBF(length_scale=[0.831, 1.37, 20, 2.76, 20, 3.84]) + WhiteKernel(noise_level=0.000137)"
857,T,5,"1.68**2 * RBF(length_scale=[0.732, 2.44, 5.76, 3.27, 20, 2.91]) + WhiteKernel(noise_level=0.000437)"
857,Cb,6,"1.33**2 * RBF(length_scale=[0.834, 1.38, 20, 2.84, 20, 3.89]) + WhiteKernel(noise_level=0.000136)"
857,T,6,"1.69**2 * RBF(length_scale=[0.737, 2.51, 6.18, 3.35, 20, 3.08]) + WhiteKernel(noise_level=0.000443)"
857,Cb,7,"1.34**2 * RBF(length_scale=[0.837, 1.39, 20, 2.89, 20, 3.97]) + WhiteKernel(noise_level=0.000134)"
857,T,7,"1.71**2 * RBF(length_scale=[0.744, 2.52, 6.29, 3.45, 20, 3.17]) + WhiteKernel(noise_level=0.000433)"
857,Cb,8,"1.33**2 * RBF(length_scale=[0.839, 1.38, 20, 2.92, 20, 3.91]) + WhiteKernel(noise_level=0.000134)"
857,T,8,"1.74**2 * RBF(length_scale=[0.749, 2.51, 5.92, 3.69, 20, 3.37]) + WhiteKernel(noise_level=0.000443)"
857,Cb,9,"1.33**2 * RBF(length_scale=[0.841, 1.38, 20, 2.98, 20, 3.93]) + WhiteKernel(noise_level=0.000132)"
857,T,9,"1.74**2 * RBF(length_scale=[0.749, 2.51, 5.83, 3.72, 20, 3.42]) + WhiteKernel(noise_level=0.000427)"
857,Cb,10,"1.34**2 * RBF(length_scale=[0.842, 1.39, 20, 3.02, 20, 3.98]) + WhiteKernel(noise_level=0.000131)"
857,T,10,"1.75**2 * RBF(length_scale=[0.75, 2.53, 5.86, 3.74, 20, 3.46]) + WhiteKernel(noise_level=0.000422)"
857,Cb,11,"1.33**2 * RBF(length_scale=[0.84, 1.39, 20, 3.01, 20, 3.91]) + WhiteKernel(noise_level=0.000133)"
857,T,11,"1.79**2 * RBF(length_scale=[0.754, 2.53, 6.15, 3.82, 20, 3.56]) + WhiteKernel(noise_level=0.000424)"
857,Cb,12,"1.35**2 * RBF(length_scale=[0.837, 1.4, 20, 3.06, 20, 3.96]) + WhiteKernel(noise_level=0.000132)"
857,T,12,"1.8**2 * RBF(length_scale=[0.752, 2.52, 5.94, 4, 20, 3.65]) + WhiteKernel(noise_level=0.00043)"
881,Cb,3,"0.921**2 * RBF(length_scale=[0.8, 0.972, 20, 1.24, 20, 2.42]) + WhiteKernel(noise_level=0.000123)"
881,T,3,"0.999**2 * RBF(length_scale=[0.655, 20, 3.49, 0.671, 2.56, 2.78]) + WhiteKernel(noise_level=0.000588)"
881,Cb,4,"0.909**2 * RBF(length_scale=[0.801, 0.977, 20, 1.23, 20, 2.38]) + WhiteKernel(noise_level=0.000121)"
881,T,4,"1**2 * RBF(length_scale=[0.655, 20, 3.46, 0.678, 2.57, 2.79]) + WhiteKernel(noise_level=0.000586)"
881,Cb,5,"0.851**2 * RBF(length_scale=[0.806, 0.961, 20, 0.999, 20, 2.07]) + WhiteKernel(noise_level=0.00012)"
881,T,5,"1.01**2 * RBF(length_scale=[0.657, 20, 3.43, 0.672, 2.62, 2.83]) + WhiteKernel(noise_level=0.000588)"
881,Cb,6,"0.861**2 * RBF(length_scale=[0.808, 0.938, 20, 1.06, 20, 2.18]) + WhiteKernel(noise_level=0.000118)"
881,T,6,"1.01**2 * RBF(length_scale=[0.66, 20, 3.44, 0.681, 2.64, 2.85]) + WhiteKernel(noise_level=0.000583)"
881,Cb,7,"0.847**2 * RBF(length_scale=[0.812, 0.955, 20, 1.02, 20, 2.07]) + WhiteKernel(noise_level=0.000117)"
881,T,7,"1.01**2 * RBF(length_scale=[0.663, 20, 3.44, 0.692, 2.64, 2.85]) + WhiteKernel(noise_level=0.000583)"
881,Cb,8,"0.88**2 * RBF(length_scale=[0.813, 0.968, 20, 1.16, 17.4, 2.25]) + WhiteKernel(noise_level=0.000117)"
881,T,8,"1.02**2 * RBF(length_scale=[0.666, 20, 3.45, 0.706, 2.67, 2.87]) + WhiteKernel(noise_level=0.000583)"
881,Cb,9,"0.897**2 * RBF(length_scale=[0.813, 0.994, 20, 1.25, 11.8, 2.33]) + WhiteKernel(noise_level=0.000116)"
881,T,9,"1.03**2 * RBF(length_scale=[0.668, 20, 3.44, 0.714, 2.7, 2.89]) + WhiteKernel(noise_level=0.000582)"
881,Cb,10,"0.904**2 * RBF(length_scale=[0.814, 1.01, 20, 1.27, 11, 2.36]) + WhiteKernel(noise_level=0.000115)"
881,T,10,"1.03**2 * RBF(length_scale=[0.669, 20, 3.44, 0.718, 2.72, 2.91]) + WhiteKernel(noise_level=0.000579)"
881,Cb,11,"0.924**2 * RBF(length_scale=[0.812, 1.02, 20, 1.35, 8.79, 2.48]) + WhiteKernel(noise_level=0.000115)"
881,T,11,"1.03**2 * RBF(length_scale=[0.669, 20, 3.45, 0.726, 2.74, 2.92]) + WhiteKernel(noise_level=0.000576)"
881,Cb,12,"0.923**2 * RBF(length_scale=[0.811, 1.02, 20, 1.34, 9.09, 2.45]) + WhiteKernel(noise_level=0.000115)"
881,T,12,"1.04**2 * RBF(length_scale=[0.668, 20, 3.45, 0.737, 2.75, 2.94]) + WhiteKernel(noise_level=0.000574)"
883,Cb,3,"1.36**2 * RBF(length_scale=[0.817, 1.69, 20, 1.93, 20, 3.17]) + WhiteKernel(noise_level=0.00011)"
883,T,3,"1.3**2 * RBF(length_scale=[0.667, 14.8, 3.37, 0.832, 20, 3.44]) + WhiteKernel(noise_level=0.000483)"
883,Cb,4,"1.34**2 * RBF(length_scale=[0.82, 1.65, 20, 1.91, 20, 3.12]) + WhiteKernel(noise_level=0.00011)"
883,T,4,"1.34**2 * RBF(length_scale=[0.677, 4.58, 3.47, 0.872, 20, 3.58]) + WhiteKernel(noise_level=0.000491)"
883,Cb,5,"1.38**2 * RBF(length_scale=[0.818, 1.64, 20, 1.97, 20, 3.22]) + WhiteKernel(noise_level=0.000111)"
883,T,5,"1.66**2 * RBF(length_scale=[0.667, 2.13, 3.1, 1.28, 20, 6.15]) + WhiteKernel(noise_level=0.000516)"
883,Cb,6,"1.38**2 * RBF(length_scale=[0.824, 1.63, 20, 1.95, 20, 3.2]) + WhiteKernel(noise_level=0.000113)"
883,T,6,"1.54**2 * RBF(length_scale=[0.668, 2.18, 3.16, 1.29, 20, 5.93]) + WhiteKernel(noise_level=0.000516)"
883,Cb,7,"1.36**2 * RBF(length_scale=[0.827, 1.58, 20, 1.91, 20, 3.13]) + WhiteKernel(noise_level=0.000112)"
883,T,7,"1.47**2 * RBF(length_scale=[0.683, 2.15, 3.22, 1.26, 11.1, 5.81]) + WhiteKernel(noise_level=0.000493)"
883,Cb,8,"1.43**2 * RBF(length_scale=[0.839, 1.61, 20, 2.01, 20, 3.23]) + WhiteKernel(noise_level=0.000123)"
883,T,8,"1.51**2 * RBF(length_scale=[0.688, 2.11, 3.29, 1.39, 7.53, 6.48]) + WhiteKernel(noise_level=0.00049)"
883,Cb,9,"1.43**2 * RBF(length_scale=[0.841, 1.58, 20, 2, 20, 3.21]) + WhiteKernel(noise_level=0.000121)"
883,T,9,"1.48**2 * RBF(length_scale=[0.682, 2.06, 3.32, 1.45, 7.62, 6.74]) + WhiteKernel(noise_level=0.000416)"
883,Cb,10,"1.42**2 * RBF(length_scale=[0.843, 1.56, 20, 1.99, 20, 3.17]) + WhiteKernel(noise_level=0.00012)"
883,T,10,"1.43**2 * RBF(length_scale=[0.688, 2.02, 3.35, 1.44, 7.67, 6.73]) + WhiteKernel(noise_level=0.000384)"
883,Cb,11,"1.41**2 * RBF(length_scale=[0.851, 1.51, 20, 1.94, 20, 3.16]) + WhiteKernel(noise_level=0.000124)"
883,T,11,"1.4**2 * RBF(length_scale=[0.701, 1.96, 3.34, 1.4, 7.3, 6.73]) + WhiteKernel(noise_level=0.000384)"
883,Cb,12,"1.37**2 * RBF(length_scale=[0.849, 1.45, 20, 1.89, 20, 3.07]) + WhiteKernel(noise_level=0.000121)"
883,T,12,"1.37**2 * RBF(length_scale=[0.695, 1.9, 3.34, 1.43, 6.46, 6.91]) + WhiteKernel(noise_level=0.000347)"
907,Cb,3,"1.45**2 * RBF(length_scale=[0.965, 1.64, 20, 20, 20, 4.04]) + WhiteKernel(noise_level=0.000109)"
907,T,3,"2.45**2 * RBF(length_scale=[0.878, 2.88, 7.32, 20, 20, 6.57]) + WhiteKernel(noise_level=0.000327)"
907,Cb,4,"1.44**2 * RBF(length_scale=[0.968, 1.6, 20, 20, 20, 4.06]) + WhiteKernel(noise_level=0.000111)"
907,T,4,"2.44**2 * RBF(length_scale=[0.885, 2.87, 7.44, 20, 20, 6.61]) + WhiteKernel(noise_level=0.00033)"
907,Cb,5,"1.45**2 * RBF(length_scale=[0.972, 1.63, 20, 20, 20, 4.13]) + WhiteKernel(noise_level=0.000112)"
907,T,5,"2.47**2 * RBF(length_scale=[0.888, 2.88, 7.42, 20, 20, 6.96]) + WhiteKernel(noise_level=0.000321)"
907,Cb,6,"1.45**2 * RBF(length_scale=[0.978, 1.63, 20, 20, 20, 4.17]) + WhiteKernel(noise_level=0.00011)"
907,T,6,"2.47**2 * RBF(length_scale=[0.892, 2.9, 7.6, 20, 20, 6.92]) + WhiteKernel(noise_level=0.00031)"
907,Cb,7,"1.49**2 * RBF(length_scale=[0.984, 1.66, 20, 20, 20, 4.25]) + WhiteKernel(noise_level=0.000111)"
907,T,7,"2.5**2 * RBF(length_scale=[0.89, 2.91, 7.73, 20, 20, 6.99]) + WhiteKernel(noise_level=0.000298)"
907,Cb,8,"1.59**2 * RBF(length_scale=[0.989, 1.7, 20, 20, 20, 4.32]) + WhiteKernel(noise_level=0.00011)"
907,T,8,"2.6**2 * RBF(length_scale=[0.886, 2.95, 7.85, 20, 20, 7.2]) + WhiteKernel(noise_level=0.000297)"
907,Cb,9,"1.75**2 * RBF(length_scale=[0.993, 1.67, 20, 20, 20, 4.35]) + WhiteKernel(noise_level=0.000106)"
907,T,9,"2.65**2 * RBF(length_scale=[0.892, 2.93, 7.62, 20, 20, 7.2]) + WhiteKernel(noise_level=0.000292)"
907,Cb,10,"1.64**2 * RBF(length_scale=[0.99, 1.66, 20, 20, 20, 4.23]) + WhiteKernel(noise_level=0.000126)"
907,T,10,"2.46**2 * RBF(length_scale=[0.87, 2.78, 7.63, 20, 20, 6.88]) + WhiteKernel(noise_level=0.000336)"
907,Cb,11,"1.42**2 * RBF(length_scale=[0.925, 1.43, 20, 20, 20, 3.84]) + WhiteKernel(noise_level=0.000113)"
907,T,11,"2.3**2 * RBF(length_scale=[0.851, 2.58, 6.86, 20, 20, 6.38]) + WhiteKernel(noise_level=0.000314)"
907,Cb,12,"1.47**2 * RBF(length_scale=[0.946, 1.5, 20, 20, 20, 3.92]) + WhiteKernel(noise_level=0.000128)"
907,T,12,"2.41**2 * RBF(length_scale=[0.849, 2.69, 7.45, 20, 20, 6.67]) + WhiteKernel(noise_level=0.000333)"
974,Cb,3,"1.3**2 * RBF(length_scale=[1.04, 1.67, 10.5, 2.99, 20, 2.94]) + WhiteKernel(noise_level=5.92e-05)"
974,T,3,"2.13**2 * RBF(length_scale=[0.758, 3.25, 6.02, 6.21, 20, 4.09]) + WhiteKernel(noise_level=0.000257)"
974,Cb,4,"1.26**2 * RBF(length_scale=[1.04, 1.59, 10.9, 2.93, 20, 2.77]) + WhiteKernel(noise_level=5.95e-05)"
974,T,4,"2.11**2 * RBF(length_scale=[0.757, 3.26, 6.07, 5.98, 20, 4.1]) + WhiteKernel(noise_level=0.00025)"
974,Cb,5,"1.4**2 * RBF(length_scale=[1.07, 14.1, 1.76, 3.43, 20, 2.78]) + WhiteKernel(noise_level=0.000105)"
974,T,5,"2.46**2 * RBF(length_scale=[1.29, 4.29, 8.06, 2.82, 5.16, 5.75]) + WhiteKernel(noise_level=0.00117)"
974,Cb,6,"1.42**2 * RBF(length_scale=[1.08, 19.3, 1.78, 3.38, 20, 2.84]) + WhiteKernel(noise_level=0.000105)"
974,T,6,"2.44**2 * RBF(length_scale=[1.3, 4.25, 8.12, 2.76, 5.08, 5.78]) + WhiteKernel(noise_level=0.00112)"
974,Cb,7,"1.66**2 * RBF(length_scale=[1.01, 2.02, 8.92, 3.18, 20, 3.97]) + WhiteKernel(noise_level=9.84e-05)"
974,T,7,"1.9**2 * RBF(length_scale=[0.73, 2.88, 5.42, 6.42, 20, 4.16]) + WhiteKernel(noise_level=0.000273)"
974,Cb,8,"1.49**2 * RBF(length_scale=[0.944, 1.84, 8.9, 3.02, 20, 3.62]) + WhiteKernel(noise_level=8.54e-05)"
974,T,8,"1.77**2 * RBF(length_scale=[0.725, 2.72, 4.5, 5.62, 20, 3.86]) + WhiteKernel(noise_level=0.000271)"
974,Cb,9,"1.42**2 * RBF(length_scale=[0.94, 1.48, 13, 2.41, 20, 2.55]) + WhiteKernel(noise_level=9.13e-05)"
974,T,9,"1.82**2 * RBF(length_scale=[0.747, 2.73, 4.19, 4.74, 20, 3.76]) + WhiteKernel(noise_level=0.000273)"
974,Cb,10,"1.3**2 * RBF(length_scale=[0.897, 1.53, 8.91, 2.62, 20, 2.8]) + WhiteKernel(noise_level=0.000111)"
974,T,10,"1.58**2 * RBF(length_scale=[0.714, 2.4, 3.77, 5.37, 20, 3.48]) + WhiteKernel(noise_level=0.000359)"
974,Cb,11,"1.11**2 * RBF(length_scale=[0.838, 1.35, 8.37, 2.41, 20, 2.3]) + WhiteKernel(noise_level=0.000104)"
974,T,11,"1.57**2 * RBF(length_scale=[0.711, 2.37, 3.73, 5.3, 20, 3.44]) + WhiteKernel(noise_level=0.000346)"
974,Cb,12,"1.13**2 * RBF(length_scale=[0.84, 1.39, 8.57, 2.54, 20, 2.48]) + WhiteKernel(noise_level=0.000115)"
974,T,12,"1.56**2 * RBF(length_scale=[0.691, 2.43, 3.84, 5.04, 20, 3.64]) + WhiteKernel(noise_level=0.000404)"
992,Cb,3,"0.922**2 * RBF(length_scale=[0.796, 0.633, 20, 0.846, 20, 2.95]) + WhiteKernel(noise_level=0.000188)"
992,T,3,"1.16**2 * RBF(length_scale=[0.708, 2.96, 3.27, 1.4, 4.15, 3.67]) + WhiteKernel(noise_level=0.000561)"
992,Cb,4,"0.915**2 * RBF(length_scale=[0.797, 0.64, 20, 0.844, 20, 2.93]) + WhiteKernel(noise_level=0.000184)"
992,T,4,"1.12**2 * RBF(length_scale=[0.704, 2.61, 3.15, 1.41, 3.93, 3.57]) + WhiteKernel(noise_level=0.000559)"
992,Cb,5,"0.912**2 * RBF(length_scale=[0.799, 0.644, 20, 0.848, 20, 2.93]) + WhiteKernel(noise_level=0.000182)"
992,T,5,"1.12**2 * RBF(length_scale=[0.708, 2.58, 3.12, 1.42, 3.84, 3.55]) + WhiteKernel(noise_level=0.000553)"
992,Cb,6,"0.91**2 * RBF(length_scale=[0.801, 0.647, 20, 0.847, 20, 2.93]) + WhiteKernel(noise_level=0.00018)"
992,T,6,"1.24**2 * RBF(length_scale=[0.733, 1.6, 4.22, 1.41, 9.65, 3.7]) + WhiteKernel(noise_level=0.000613)"
992,Cb,7,"0.911**2 * RBF(length_scale=[0.805, 0.656, 20, 0.848, 20, 2.91]) + WhiteKernel(noise_level=0.000179)"
992,T,7,"1.35**2 * RBF(length_scale=[0.742, 1.55, 4.88, 1.54, 20, 3.86]) + WhiteKernel(noise_level=0.000603)"
992,Cb,8,"0.926**2 * RBF(length_scale=[0.811, 0.658, 20, 0.856, 20, 2.97]) + WhiteKernel(noise_level=0.000183)"
992,T,8,"1.34**2 * RBF(length_scale=[0.744, 1.58, 4.82, 1.52, 20, 3.85]) + WhiteKernel(noise_level=0.000602)"
992,Cb,9,"0.934**2 * RBF(length_scale=[0.814, 0.659, 20, 0.861, 20, 2.99]) + WhiteKernel(noise_level=0.000182)"
992,T,9,"1.38**2 * RBF(length_scale=[0.752, 1.6, 5.08, 1.55, 20, 3.92]) + WhiteKernel(noise_level=0.000605)"
992,Cb,10,"0.938**2 * RBF(length_scale=[0.816, 0.668, 20, 0.865, 20, 2.98]) + WhiteKernel(noise_level=0.000181)"
992,T,10,"1.43**2 * RBF(length_scale=[0.764, 1.58, 5.64, 1.56, 20, 4.02]) + WhiteKernel(noise_level=0.000625)"
992,Cb,11,"0.95**2 * RBF(length_scale=[0.819, 0.671, 20, 0.865, 20, 3.03]) + WhiteKernel(noise_level=0.000184)"
992,T,11,"1.41**2 * RBF(length_scale=[0.757, 1.52, 5.61, 1.55, 20, 3.99]) + WhiteKernel(noise_level=0.000604)"
992,Cb,12,"0.953**2 * RBF(length_scale=[0.819, 0.672, 20, 0.861, 20, 3.04]) + WhiteKernel(noise_level=0.000182)"
992,T,12,"1.42**2 * RBF(length_scale=[0.755, 1.52, 5.64, 1.57, 20, 4]) + WhiteKernel(noise_level=0.000595)"
