test_batch,output,configuration,features,learned_kernel
28,Cb,baseline,"anchor_index,u1_frac_A,u1_Tc_scaled,delta_frac_A,delta_Tc_scaled,Cb_0","1.09**2 * RBF(length_scale=[0.872, 1.38, 20, 1.34, 20, 2.56]) + WhiteKernel(noise_level=0.000113)"
28,T,baseline,"anchor_index,u1_frac_A,u1_Tc_scaled,delta_frac_A,delta_Tc_scaled,T_0","1.86**2 * RBF(length_scale=[0.485, 1.74, 4.56, 2.93, 20, 5.88]) + WhiteKernel(noise_level=6.86e-07)"
28,Cb,with_distance,"anchor_index,u1_frac_A,u1_Tc_scaled,delta_frac_A,delta_Tc_scaled,Cb_0,input_transition_distance","1.09**2 * RBF(length_scale=[0.871, 1.37, 20, 1.34, 20, 2.57, 20]) + WhiteKernel(noise_level=0.000113)"
28,T,with_distance,"anchor_index,u1_frac_A,u1_Tc_scaled,delta_frac_A,delta_Tc_scaled,T_0,input_transition_distance","1.78**2 * RBF(length_scale=[0.484, 1.75, 4.39, 2.84, 20, 5.6, 20]) + WhiteKernel(noise_level=4.27e-07)"
36,Cb,baseline,"anchor_index,u1_frac_A,u1_Tc_scaled,delta_frac_A,delta_Tc_scaled,Cb_0","1.09**2 * RBF(length_scale=[1.02, 1.31, 20, 20, 20, 2.32]) + WhiteKernel(noise_level=6.12e-05)"
36,T,baseline,"anchor_index,u1_frac_A,u1_Tc_scaled,delta_frac_A,delta_Tc_scaled,T_0","0.958**2 * RBF(length_scale=[0.769, 20, 0.656, 0.445, 0.826, 14.9]) + WhiteKernel(noise_level=0.000361)"
36,Cb,with_distance,"anchor_index,u1_frac_A,u1_Tc_scaled,delta_frac_A,delta_Tc_scaled,Cb_0,input_transition_distance","1.03**2 * RBF(length_scale=[1.02, 1.26, 20, 9.21, 20, 2.22, 20]) + WhiteKernel(noise_level=6.17e-05)"
36,T,with_distance,"anchor_index,u1_frac_A,u1_Tc_scaled,delta_frac_A,delta_Tc_scaled,T_0,input_transition_distance","1.18**2 * RBF(length_scale=[0.806, 20, 5.69, 0.633, 2.86, 2.85, 20]) + WhiteKernel(noise_level=0.000353)"
65,Cb,baseline,"anchor_index,u1_frac_A,u1_Tc_scaled,delta_frac_A,delta_Tc_scaled,Cb_0","0.937**2 * RBF(length_scale=[0.872, 1.7, 20, 1.85, 20, 1.97]) + WhiteKernel(noise_level=5.3e-05)"
65,T,baseline,"anchor_index,u1_frac_A,u1_Tc_scaled,delta_frac_A,delta_Tc_scaled,T_0","1.8**2 * RBF(length_scale=[0.757, 3.23, 6.37, 9.1, 20, 3.85]) + WhiteKernel(noise_level=0.000191)"
65,Cb,with_distance,"anchor_index,u1_frac_A,u1_Tc_scaled,delta_frac_A,delta_Tc_scaled,Cb_0,input_transition_distance","0.904**2 * RBF(length_scale=[0.875, 1.72, 20, 1.73, 20, 1.83, 20]) + WhiteKernel(noise_level=5.31e-05)"
65,T,with_distance,"anchor_index,u1_frac_A,u1_Tc_scaled,delta_frac_A,delta_Tc_scaled,T_0,input_transition_distance","1.51**2 * RBF(length_scale=[0.755, 3.02, 5.09, 7.42, 20, 3.21, 20]) + WhiteKernel(noise_level=0.000193)"
165,Cb,baseline,"anchor_index,u1_frac_A,u1_Tc_scaled,delta_frac_A,delta_Tc_scaled,Cb_0","1.3**2 * RBF(length_scale=[0.933, 1.03, 20, 1.56, 20, 3.37]) + WhiteKernel(noise_level=0.000135)"
165,T,baseline,"anchor_index,u1_frac_A,u1_Tc_scaled,delta_frac_A,delta_Tc_scaled,T_0","2.22**2 * RBF(length_scale=[0.866, 20, 3.96, 2.3, 20, 5.52]) + WhiteKernel(noise_level=0.0003)"
165,Cb,with_distance,"anchor_index,u1_frac_A,u1_Tc_scaled,delta_frac_A,delta_Tc_scaled,Cb_0,input_transition_distance","1.5**2 * RBF(length_scale=[0.946, 1.39, 20, 8, 20, 4.09, 2.48]) + WhiteKernel(noise_level=0.000136)"
165,T,with_distance,"anchor_index,u1_frac_A,u1_Tc_scaled,delta_frac_A,delta_Tc_scaled,T_0,input_transition_distance","2.33**2 * RBF(length_scale=[0.886, 20, 8.68, 2.21, 20, 4.02, 8.33]) + WhiteKernel(noise_level=0.000316)"
174,Cb,baseline,"anchor_index,u1_frac_A,u1_Tc_scaled,delta_frac_A,delta_Tc_scaled,Cb_0","1.09**2 * RBF(length_scale=[0.83, 1.23, 20, 2.08, 20, 3.06]) + WhiteKernel(noise_level=8.86e-05)"
174,T,baseline,"anchor_index,u1_frac_A,u1_Tc_scaled,delta_frac_A,delta_Tc_scaled,T_0","1.04**2 * RBF(length_scale=[0.446, 20, 16.2, 0.876, 3.97, 5.93]) + WhiteKernel(noise_level=1.16e-06)"
174,Cb,with_distance,"anchor_index,u1_frac_A,u1_Tc_scaled,delta_frac_A,delta_Tc_scaled,Cb_0,input_transition_distance","1.07**2 * RBF(length_scale=[0.828, 20, 4.68, 0.98, 20, 2.49, 20]) + WhiteKernel(noise_level=8.58e-05)"
174,T,with_distance,"anchor_index,u1_frac_A,u1_Tc_scaled,delta_frac_A,delta_Tc_scaled,T_0,input_transition_distance","1.04**2 * RBF(length_scale=[0.446, 20, 17.5, 0.875, 4.11, 5.96, 20]) + WhiteKernel(noise_level=1.16e-06)"
204,Cb,baseline,"anchor_index,u1_frac_A,u1_Tc_scaled,delta_frac_A,delta_Tc_scaled,Cb_0","1.2**2 * RBF(length_scale=[0.879, 1.1, 20, 20, 20, 2.61]) + WhiteKernel(noise_level=6.59e-05)"
204,T,baseline,"anchor_index,u1_frac_A,u1_Tc_scaled,delta_frac_A,delta_Tc_scaled,T_0","1.32**2 * RBF(length_scale=[0.715, 2.87, 7.04, 3.01, 2.71, 3.92]) + WhiteKernel(noise_level=0.000254)"
204,Cb,with_distance,"anchor_index,u1_frac_A,u1_Tc_scaled,delta_frac_A,delta_Tc_scaled,Cb_0,input_transition_distance","1.14**2 * RBF(length_scale=[0.878, 1.07, 20, 20, 20, 2.5, 20]) + WhiteKernel(noise_level=6.63e-05)"
204,T,with_distance,"anchor_index,u1_frac_A,u1_Tc_scaled,delta_frac_A,delta_Tc_scaled,T_0,input_transition_distance","1.29**2 * RBF(length_scale=[0.686, 20, 20, 2.4, 5.08, 3.54, 3.92]) + WhiteKernel(noise_level=0.000245)"
207,Cb,baseline,"anchor_index,u1_frac_A,u1_Tc_scaled,delta_frac_A,delta_Tc_scaled,Cb_0","1.07**2 * RBF(length_scale=[0.867, 20, 11.7, 1.17, 20, 2.12]) + WhiteKernel(noise_level=8.76e-05)"
207,T,baseline,"anchor_index,u1_frac_A,u1_Tc_scaled,delta_frac_A,delta_Tc_scaled,T_0","1.8**2 * RBF(length_scale=[0.751, 6.02, 20, 2.22, 4.11, 5.28]) + WhiteKernel(noise_level=0.000428)"
207,Cb,with_distance,"anchor_index,u1_frac_A,u1_Tc_scaled,delta_frac_A,delta_Tc_scaled,Cb_0,input_transition_distance","1.06**2 * RBF(length_scale=[0.866, 20, 11.8, 1.18, 19.8, 2.07, 20]) + WhiteKernel(noise_level=8.76e-05)"
207,T,with_distance,"anchor_index,u1_frac_A,u1_Tc_scaled,delta_frac_A,delta_Tc_scaled,T_0,input_transition_distance","1.78**2 * RBF(length_scale=[0.748, 5.98, 20, 2.3, 4.14, 5.26, 20]) + WhiteKernel(noise_level=0.000427)"
229,Cb,baseline,"anchor_index,u1_frac_A,u1_Tc_scaled,delta_frac_A,delta_Tc_scaled,Cb_0","1.09**2 * RBF(length_scale=[0.796, 1.25, 20, 1.11, 20, 2.94]) + WhiteKernel(noise_level=0.000226)"
229,T,baseline,"anchor_index,u1_frac_A,u1_Tc_scaled,delta_frac_A,delta_Tc_scaled,T_0","1.37**2 * RBF(length_scale=[0.74, 2.06, 6.49, 2.7, 20, 2.58]) + WhiteKernel(noise_level=0.000466)"
229,Cb,with_distance,"anchor_index,u1_frac_A,u1_Tc_scaled,delta_frac_A,delta_Tc_scaled,Cb_0,input_transition_distance","1.08**2 * RBF(length_scale=[0.796, 1.24, 20, 1.11, 20, 2.92, 20]) + WhiteKernel(noise_level=0.000226)"
229,T,with_distance,"anchor_index,u1_frac_A,u1_Tc_scaled,delta_frac_A,delta_Tc_scaled,T_0,input_transition_distance","1.42**2 * RBF(length_scale=[0.739, 2.26, 6.94, 3.23, 20, 3.09, 5.36]) + WhiteKernel(noise_level=0.000463)"
232,Cb,baseline,"anchor_index,u1_frac_A,u1_Tc_scaled,delta_frac_A,delta_Tc_scaled,Cb_0","1.33**2 * RBF(length_scale=[0.853, 20, 4.71, 1.5, 20, 3.67]) + WhiteKernel(noise_level=0.000147)"
232,T,baseline,"anchor_index,u1_frac_A,u1_Tc_scaled,delta_frac_A,delta_Tc_scaled,T_0","2.19**2 * RBF(length_scale=[0.792, 7.28, 20, 1.6, 12.7, 5.64]) + WhiteKernel(noise_level=0.000641)"
232,Cb,with_distance,"anchor_index,u1_frac_A,u1_Tc_scaled,delta_frac_A,delta_Tc_scaled,Cb_0,input_transition_distance","1.29**2 * RBF(length_scale=[0.854, 20, 4.34, 2.44, 20, 3.61, 2.62]) + WhiteKernel(noise_level=0.000148)"
232,T,with_distance,"anchor_index,u1_frac_A,u1_Tc_scaled,delta_frac_A,delta_Tc_scaled,T_0,input_transition_distance","2.05**2 * RBF(length_scale=[0.773, 6.64, 20, 2.91, 11.4, 5.3, 3.69]) + WhiteKernel(noise_level=0.000587)"
234,Cb,baseline,"anchor_index,u1_frac_A,u1_Tc_scaled,delta_frac_A,delta_Tc_scaled,Cb_0","1.31**2 * RBF(length_scale=[0.839, 1.94, 20, 1.89, 20, 3.6]) + WhiteKernel(noise_level=0.000123)"
234,T,baseline,"anchor_index,u1_frac_A,u1_Tc_scaled,delta_frac_A,delta_Tc_scaled,T_0","2.29**2 * RBF(length_scale=[0.74, 20, 7.72, 2.01, 20, 3.86]) + WhiteKernel(noise_level=0.000644)"
234,Cb,with_distance,"anchor_index,u1_frac_A,u1_Tc_scaled,delta_frac_A,delta_Tc_scaled,Cb_0,input_transition_distance","1.23**2 * RBF(length_scale=[0.836, 1.86, 20, 1.78, 20, 3.32, 20]) + WhiteKernel(noise_level=0.000125)"
234,T,with_distance,"anchor_index,u1_frac_A,u1_Tc_scaled,delta_frac_A,delta_Tc_scaled,T_0,input_transition_distance","1.61**2 * RBF(length_scale=[0.469, 20, 6.43, 1.81, 20, 4.16, 20]) + WhiteKernel(noise_level=1.53e-06)"
250,Cb,baseline,"anchor_index,u1_frac_A,u1_Tc_scaled,delta_frac_A,delta_Tc_scaled,Cb_0","1.01**2 * RBF(length_scale=[0.87, 0.77, 20, 1.07, 20, 2.52]) + WhiteKernel(noise_level=9.75e-05)"
250,T,baseline,"anchor_index,u1_frac_A,u1_Tc_scaled,delta_frac_A,delta_Tc_scaled,T_0","1.78**2 * RBF(length_scale=[0.823, 2.39, 5.91, 1.99, 20, 3.76]) + WhiteKernel(noise_level=0.000345)"
250,Cb,with_distance,"anchor_index,u1_frac_A,u1_Tc_scaled,delta_frac_A,delta_Tc_scaled,Cb_0,input_transition_distance","0.979**2 * RBF(length_scale=[0.844, 20, 20, 0.601, 20, 2.91, 1.53]) + WhiteKernel(noise_level=8.54e-05)"
250,T,with_distance,"anchor_index,u1_frac_A,u1_Tc_scaled,delta_frac_A,delta_Tc_scaled,T_0,input_transition_distance","2.03**2 * RBF(length_scale=[0.834, 6.16, 6.55, 2.15, 12.9, 4.37, 7.16]) + WhiteKernel(noise_level=0.000347)"
257,Cb,baseline,"anchor_index,u1_frac_A,u1_Tc_scaled,delta_frac_A,delta_Tc_scaled,Cb_0","1.14**2 * RBF(length_scale=[0.776, 1.01, 20, 20, 20, 3.16]) + WhiteKernel(noise_level=0.000126)"
257,T,baseline,"anchor_index,u1_frac_A,u1_Tc_scaled,delta_frac_A,delta_Tc_scaled,T_0","1.42**2 * RBF(length_scale=[0.805, 2.23, 11.8, 20, 20, 3.06]) + WhiteKernel(noise_level=0.000239)"
257,Cb,with_distance,"anchor_index,u1_frac_A,u1_Tc_scaled,delta_frac_A,delta_Tc_scaled,Cb_0,input_transition_distance","1.11**2 * RBF(length_scale=[0.779, 0.983, 20, 20, 20, 3.05, 20]) + WhiteKernel(noise_level=0.000128)"
257,T,with_distance,"anchor_index,u1_frac_A,u1_Tc_scaled,delta_frac_A,delta_Tc_scaled,T_0,input_transition_distance","1.33**2 * RBF(length_scale=[0.798, 2.18, 10.7, 20, 20, 2.92, 20]) + WhiteKernel(noise_level=0.000236)"
314,Cb,baseline,"anchor_index,u1_frac_A,u1_Tc_scaled,delta_frac_A,delta_Tc_scaled,Cb_0","1.84**2 * RBF(length_scale=[0.919, 2.42, 20, 2.04, 20, 4.85]) + WhiteKernel(noise_level=0.000141)"
314,T,baseline,"anchor_index,u1_frac_A,u1_Tc_scaled,delta_frac_A,delta_Tc_scaled,T_0","2.85**2 * RBF(length_scale=[0.831, 4.9, 8.71, 3.78, 20, 4.49]) + WhiteKernel(noise_level=0.000483)"
314,Cb,with_distance,"anchor_index,u1_frac_A,u1_Tc_scaled,delta_frac_A,delta_Tc_scaled,Cb_0,input_transition_distance","1.73**2 * RBF(length_scale=[0.915, 2.38, 20, 2, 20, 4.4, 20]) + WhiteKernel(noise_level=0.000141)"
314,T,with_distance,"anchor_index,u1_frac_A,u1_Tc_scaled,delta_frac_A,delta_Tc_scaled,T_0,input_transition_distance","2.55**2 * RBF(length_scale=[0.826, 4.81, 7.65, 3.43, 20, 3.97, 20]) + WhiteKernel(noise_level=0.000483)"
332,Cb,baseline,"anchor_index,u1_frac_A,u1_Tc_scaled,delta_frac_A,delta_Tc_scaled,Cb_0","1.26**2 * RBF(length_scale=[0.894, 1.06, 20, 20, 20, 3.7]) + WhiteKernel(noise_level=0.000137)"
332,T,baseline,"anchor_index,u1_frac_A,u1_Tc_scaled,delta_frac_A,delta_Tc_scaled,T_0","1.57**2 * RBF(length_scale=[0.458, 2.32, 8.33, 20, 20, 6.41]) + WhiteKernel(noise_level=2.01e-06)"
332,Cb,with_distance,"anchor_index,u1_frac_A,u1_Tc_scaled,delta_frac_A,delta_Tc_scaled,Cb_0,input_transition_distance","1.24**2 * RBF(length_scale=[0.892, 1.06, 20, 20, 20, 3.72, 20]) + WhiteKernel(noise_level=0.000137)"
332,T,with_distance,"anchor_index,u1_frac_A,u1_Tc_scaled,delta_frac_A,delta_Tc_scaled,T_0,input_transition_distance","1.43**2 * RBF(length_scale=[0.455, 2.19, 8.25, 20, 20, 6.01, 20]) + WhiteKernel(noise_level=1.2e-06)"
401,Cb,baseline,"anchor_index,u1_frac_A,u1_Tc_scaled,delta_frac_A,delta_Tc_scaled,Cb_0","1.31**2 * RBF(length_scale=[0.891, 1.53, 18.2, 3.12, 20, 3.69]) + WhiteKernel(noise_level=7.5e-05)"
401,T,baseline,"anchor_index,u1_frac_A,u1_Tc_scaled,delta_frac_A,delta_Tc_scaled,T_0","1.81**2 * RBF(length_scale=[0.768, 2.68, 7.38, 4.57, 20, 3.75]) + WhiteKernel(noise_level=0.000368)"
401,Cb,with_distance,"anchor_index,u1_frac_A,u1_Tc_scaled,delta_frac_A,delta_Tc_scaled,Cb_0,input_transition_distance","1.26**2 * RBF(length_scale=[0.896, 1.5, 16.8, 2.98, 20, 3.56, 20]) + WhiteKernel(noise_level=7.56e-05)"
401,T,with_distance,"anchor_index,u1_frac_A,u1_Tc_scaled,delta_frac_A,delta_Tc_scaled,T_0,input_transition_distance","1.6**2 * RBF(length_scale=[0.764, 2.53, 6.61, 3.87, 20, 3.49, 20]) + WhiteKernel(noise_level=0.000369)"
424,Cb,baseline,"anchor_index,u1_frac_A,u1_Tc_scaled,delta_frac_A,delta_Tc_scaled,Cb_0","1.11**2 * RBF(length_scale=[0.796, 1.07, 20, 2, 20, 2.67]) + WhiteKernel(noise_level=0.000168)"
424,T,baseline,"anchor_index,u1_frac_A,u1_Tc_scaled,delta_frac_A,delta_Tc_scaled,T_0","1.6**2 * RBF(length_scale=[0.723, 2.3, 5.67, 2.58, 7.71, 3.71]) + WhiteKernel(noise_level=0.000478)"
424,Cb,with_distance,"anchor_index,u1_frac_A,u1_Tc_scaled,delta_frac_A,delta_Tc_scaled,Cb_0,input_transition_distance","1.1**2 * RBF(length_scale=[0.796, 1.06, 20, 1.96, 20, 2.62, 20]) + WhiteKernel(noise_level=0.000168)"
424,T,with_distance,"anchor_index,u1_frac_A,u1_Tc_scaled,delta_frac_A,delta_Tc_scaled,T_0,input_transition_distance","1.59**2 * RBF(length_scale=[0.72, 2.28, 5.18, 2.71, 9.86, 3.68, 20]) + WhiteKernel(noise_level=0.000477)"
496,Cb,baseline,"anchor_index,u1_frac_A,u1_Tc_scaled,delta_frac_A,delta_Tc_scaled,Cb_0","1.32**2 * RBF(length_scale=[1.1, 1.56, 20, 2.58, 15.5, 3.23]) + WhiteKernel(noise_level=6.8e-05)"
496,T,baseline,"anchor_index,u1_frac_A,u1_Tc_scaled,delta_frac_A,delta_Tc_scaled,T_0","1.83**2 * RBF(length_scale=[1.3, 2.59, 6.54, 2.91, 8.02, 3.33]) + WhiteKernel(noise_level=0.00102)"
496,Cb,with_distance,"anchor_index,u1_frac_A,u1_Tc_scaled,delta_frac_A,delta_Tc_scaled,Cb_0,input_transition_distance","1.28**2 * RBF(length_scale=[1.09, 1.52, 20, 2.65, 17.6, 3.05, 20]) + WhiteKernel(noise_level=6.76e-05)"
496,T,with_distance,"anchor_index,u1_frac_A,u1_Tc_scaled,delta_frac_A,delta_Tc_scaled,T_0,input_transition_distance","1.55**2 * RBF(length_scale=[0.787, 2.39, 5.28, 4.67, 18.6, 2.51, 20]) + WhiteKernel(noise_level=0.000176)"
569,Cb,baseline,"anchor_index,u1_frac_A,u1_Tc_scaled,delta_frac_A,delta_Tc_scaled,Cb_0","1.81**2 * RBF(length_scale=[1.16, 2.11, 20, 20, 20, 5.58]) + WhiteKernel(noise_level=5.77e-05)"
569,T,baseline,"anchor_index,u1_frac_A,u1_Tc_scaled,delta_frac_A,delta_Tc_scaled,T_0","2.09**2 * RBF(length_scale=[0.805, 3.75, 20, 8.92, 20, 6.97]) + WhiteKernel(noise_level=0.000173)"
569,Cb,with_distance,"anchor_index,u1_frac_A,u1_Tc_scaled,delta_frac_A,delta_Tc_scaled,Cb_0,input_transition_distance","1.7**2 * RBF(length_scale=[1.15, 2.02, 20, 20, 20, 5.22, 20]) + WhiteKernel(noise_level=5.82e-05)"
569,T,with_distance,"anchor_index,u1_frac_A,u1_Tc_scaled,delta_frac_A,delta_Tc_scaled,T_0,input_transition_distance","1.87**2 * RBF(length_scale=[0.815, 3.69, 19.3, 5.52, 20, 6.37, 20]) + WhiteKernel(noise_level=0.000179)"
653,Cb,baseline,"anchor_index,u1_frac_A,u1_Tc_scaled,delta_frac_A,delta_Tc_scaled,Cb_0","1.74**2 * RBF(length_scale=[1.13, 1.78, 20, 2.37, 20, 5.86]) + WhiteKernel(noise_level=5.68e-05)"
653,T,baseline,"anchor_index,u1_frac_A,u1_Tc_scaled,delta_frac_A,delta_Tc_scaled,T_0","2.12**2 * RBF(length_scale=[0.917, 6.1, 18.7, 3.64, 11.9, 4.84]) + WhiteKernel(noise_level=0.0001)"
653,Cb,with_distance,"anchor_index,u1_frac_A,u1_Tc_scaled,delta_frac_A,delta_Tc_scaled,Cb_0,input_transition_distance","1.75**2 * RBF(length_scale=[1.13, 1.79, 20, 2.46, 20, 5.85, 20]) + WhiteKernel(noise_level=5.68e-05)"
653,T,with_distance,"anchor_index,u1_frac_A,u1_Tc_scaled,delta_frac_A,delta_Tc_scaled,T_0,input_transition_distance","1.55**2 * RBF(length_scale=[0.891, 8.57, 20, 3.02, 7.14, 4.14, 20]) + WhiteKernel(noise_level=0.000106)"
748,Cb,baseline,"anchor_index,u1_frac_A,u1_Tc_scaled,delta_frac_A,delta_Tc_scaled,Cb_0","1.1**2 * RBF(length_scale=[0.838, 1.14, 20, 1.61, 20, 2.48]) + WhiteKernel(noise_level=0.000137)"
748,T,baseline,"anchor_index,u1_frac_A,u1_Tc_scaled,delta_frac_A,delta_Tc_scaled,T_0","1.33**2 * RBF(length_scale=[0.75, 2.84, 5.13, 1.85, 7.16, 4.04]) + WhiteKernel(noise_level=0.000314)"
748,Cb,with_distance,"anchor_index,u1_frac_A,u1_Tc_scaled,delta_frac_A,delta_Tc_scaled,Cb_0,input_transition_distance","1.08**2 * RBF(length_scale=[0.85, 3.33, 20, 2.22, 2.81, 1.98, 1.91]) + WhiteKernel(noise_level=0.000135)"
748,T,with_distance,"anchor_index,u1_frac_A,u1_Tc_scaled,delta_frac_A,delta_Tc_scaled,T_0,input_transition_distance","1.32**2 * RBF(length_scale=[0.75, 2.88, 5.1, 1.84, 7.17, 3.99, 20]) + WhiteKernel(noise_level=0.000315)"
788,Cb,baseline,"anchor_index,u1_frac_A,u1_Tc_scaled,delta_frac_A,delta_Tc_scaled,Cb_0","1.31**2 * RBF(length_scale=[0.906, 1.2, 20, 1.99, 20, 3.59]) + WhiteKernel(noise_level=7.83e-05)"
788,T,baseline,"anchor_index,u1_frac_A,u1_Tc_scaled,delta_frac_A,delta_Tc_scaled,T_0","1.36**2 * RBF(length_scale=[0.74, 20, 20, 1.04, 5.04, 5.14]) + WhiteKernel(noise_level=0.000333)"
788,Cb,with_distance,"anchor_index,u1_frac_A,u1_Tc_scaled,delta_frac_A,delta_Tc_scaled,Cb_0,input_transition_distance","1.27**2 * RBF(length_scale=[0.905, 1.17, 20, 1.95, 20, 3.45, 20]) + WhiteKernel(noise_level=7.84e-05)"
788,T,with_distance,"anchor_index,u1_frac_A,u1_Tc_scaled,delta_frac_A,delta_Tc_scaled,T_0,input_transition_distance","1.53**2 * RBF(length_scale=[0.742, 20, 20, 1.37, 6.81, 6.88, 4.79]) + WhiteKernel(noise_level=0.000339)"
803,Cb,baseline,"anchor_index,u1_frac_A,u1_Tc_scaled,delta_frac_A,delta_Tc_scaled,Cb_0","1.24**2 * RBF(length_scale=[1.25, 2.29, 20, 2.28, 20, 2.55]) + WhiteKernel(noise_level=3.25e-05)"
803,T,baseline,"anchor_index,u1_frac_A,u1_Tc_scaled,delta_frac_A,delta_Tc_scaled,T_0","2.76**2 * RBF(length_scale=[0.793, 4.76, 8.32, 12.9, 20, 5.5]) + WhiteKernel(noise_level=0.000215)"
803,Cb,with_distance,"anchor_index,u1_frac_A,u1_Tc_scaled,delta_frac_A,delta_Tc_scaled,Cb_0,input_transition_distance","1.23**2 * RBF(length_scale=[1.25, 2.28, 19.2, 2.21, 20, 2.61, 20]) + WhiteKernel(noise_level=3.19e-05)"
803,T,with_distance,"anchor_index,u1_frac_A,u1_Tc_scaled,delta_frac_A,delta_Tc_scaled,T_0,input_transition_distance","2.96**2 * RBF(length_scale=[1.68, 5.95, 14.9, 3.82, 4.88, 4.89, 20]) + WhiteKernel(noise_level=0.0011)"
815,Cb,baseline,"anchor_index,u1_frac_A,u1_Tc_scaled,delta_frac_A,delta_Tc_scaled,Cb_0","1.21**2 * RBF(length_scale=[0.856, 1.12, 19.7, 1.72, 20, 2.81]) + WhiteKernel(noise_level=0.000184)"
815,T,baseline,"anchor_index,u1_frac_A,u1_Tc_scaled,delta_frac_A,delta_Tc_scaled,T_0","1.46**2 * RBF(length_scale=[0.72, 1.61, 6.03, 3.97, 20, 3.95]) + WhiteKernel(noise_level=0.000437)"
815,Cb,with_distance,"anchor_index,u1_frac_A,u1_Tc_scaled,delta_frac_A,delta_Tc_scaled,Cb_0,input_transition_distance","1.26**2 * RBF(length_scale=[0.867, 20, 20, 1.63, 20, 2.12, 2.79]) + WhiteKernel(noise_level=0.000179)"
815,T,with_distance,"anchor_index,u1_frac_A,u1_Tc_scaled,delta_frac_A,delta_Tc_scaled,T_0,input_transition_distance","1.51**2 * RBF(length_scale=[0.713, 1.54, 6.37, 20, 20, 3.69, 20]) + WhiteKernel(noise_level=0.00043)"
830,Cb,baseline,"anchor_index,u1_frac_A,u1_Tc_scaled,delta_frac_A,delta_Tc_scaled,Cb_0","1.51**2 * RBF(length_scale=[0.842, 1.48, 20, 1.79, 20, 4.93]) + WhiteKernel(noise_level=0.000196)"
830,T,baseline,"anchor_index,u1_frac_A,u1_Tc_scaled,delta_frac_A,delta_Tc_scaled,T_0","1.99**2 * RBF(length_scale=[0.768, 7.98, 11.6, 1.57, 20, 3.97]) + WhiteKernel(noise_level=0.000588)"
830,Cb,with_distance,"anchor_index,u1_frac_A,u1_Tc_scaled,delta_frac_A,delta_Tc_scaled,Cb_0,input_transition_distance","1.5**2 * RBF(length_scale=[0.841, 1.47, 20, 1.8, 20, 4.88, 20]) + WhiteKernel(noise_level=0.000196)"
830,T,with_distance,"anchor_index,u1_frac_A,u1_Tc_scaled,delta_frac_A,delta_Tc_scaled,T_0,input_transition_distance","1.99**2 * RBF(length_scale=[0.767, 7.94, 11.5, 1.6, 20, 3.94, 20]) + WhiteKernel(noise_level=0.000588)"
857,Cb,baseline,"anchor_index,u1_frac_A,u1_Tc_scaled,delta_frac_A,delta_Tc_scaled,Cb_0","1.33**2 * RBF(length_scale=[0.839, 1.38, 20, 2.92, 20, 3.91]) + WhiteKernel(noise_level=0.000134)"
857,T,baseline,"anchor_index,u1_frac_A,u1_Tc_scaled,delta_frac_A,delta_Tc_scaled,T_0","1.74**2 * RBF(length_scale=[0.749, 2.51, 5.92, 3.69, 20, 3.37]) + WhiteKernel(noise_level=0.000443)"
857,Cb,with_distance,"anchor_index,u1_frac_A,u1_Tc_scaled,delta_frac_A,delta_Tc_scaled,Cb_0,input_transition_distance","1.29**2 * RBF(length_scale=[0.837, 1.37, 20, 2.86, 20, 3.74, 20]) + WhiteKernel(noise_level=0.000134)"
857,T,with_distance,"anchor_index,u1_frac_A,u1_Tc_scaled,delta_frac_A,delta_Tc_scaled,T_0,input_transition_distance","1.64**2 * RBF(length_scale=[0.748, 2.46, 6.11, 3.6, 20, 3.14, 20]) + WhiteKernel(noise_level=0.000449)"
881,Cb,baseline,"anchor_index,u1_frac_A,u1_Tc_scaled,delta_frac_A,delta_Tc_scaled,Cb_0","0.88**2 * RBF(length_scale=[0.813, 0.968, 20, 1.16, 17.4, 2.25]) + WhiteKernel(noise_level=0.000117)"
881,T,baseline,"anchor_index,u1_frac_A,u1_Tc_scaled,delta_frac_A,delta_Tc_scaled,T_0","1.02**2 * RBF(length_scale=[0.666, 20, 3.45, 0.706, 2.67, 2.87]) + WhiteKernel(noise_level=0.000583)"
881,Cb,with_distance,"anchor_index,u1_frac_A,u1_Tc_scaled,delta_frac_A,delta_Tc_scaled,Cb_0,input_transition_distance","0.916**2 * RBF(length_scale=[0.808, 1.02, 20, 1.38, 16.9, 2.4, 10]) + WhiteKernel(noise_level=0.000115)"
881,T,with_distance,"anchor_index,u1_frac_A,u1_Tc_scaled,delta_frac_A,delta_Tc_scaled,T_0,input_transition_distance","1.1**2 * RBF(length_scale=[0.674, 20, 4.07, 1.7, 20, 2.8, 1.3]) + WhiteKernel(noise_level=0.000555)"
883,Cb,baseline,"anchor_index,u1_frac_A,u1_Tc_scaled,delta_frac_A,delta_Tc_scaled,Cb_0","1.43**2 * RBF(length_scale=[0.839, 1.61, 20, 2.01, 20, 3.23]) + WhiteKernel(noise_level=0.000123)"
883,T,baseline,"anchor_index,u1_frac_A,u1_Tc_scaled,delta_frac_A,delta_Tc_scaled,T_0","1.51**2 * RBF(length_scale=[0.688, 2.11, 3.29, 1.39, 7.53, 6.48]) + WhiteKernel(noise_level=0.00049)"
883,Cb,with_distance,"anchor_index,u1_frac_A,u1_Tc_scaled,delta_frac_A,delta_Tc_scaled,Cb_0,input_transition_distance","1.37**2 * RBF(length_scale=[0.838, 1.54, 20, 1.94, 20, 3.07, 20]) + WhiteKernel(noise_level=0.000122)"
883,T,with_distance,"anchor_index,u1_frac_A,u1_Tc_scaled,delta_frac_A,delta_Tc_scaled,T_0,input_transition_distance","1.27**2 * RBF(length_scale=[0.696, 1.5, 3.75, 6.41, 20, 4.84, 1.37]) + WhiteKernel(noise_level=0.000485)"
907,Cb,baseline,"anchor_index,u1_frac_A,u1_Tc_scaled,delta_frac_A,delta_Tc_scaled,Cb_0","1.59**2 * RBF(length_scale=[0.989, 1.7, 20, 20, 20, 4.32]) + WhiteKernel(noise_level=0.00011)"
907,T,baseline,"anchor_index,u1_frac_A,u1_Tc_scaled,delta_frac_A,delta_Tc_scaled,T_0","2.6**2 * RBF(length_scale=[0.886, 2.95, 7.85, 20, 20, 7.2]) + WhiteKernel(noise_level=0.000297)"
907,Cb,with_distance,"anchor_index,u1_frac_A,u1_Tc_scaled,delta_frac_A,delta_Tc_scaled,Cb_0,input_transition_distance","1.5**2 * RBF(length_scale=[0.988, 1.67, 20, 20, 20, 3.97, 20]) + WhiteKernel(noise_level=0.000111)"
907,T,with_distance,"anchor_index,u1_frac_A,u1_Tc_scaled,delta_frac_A,delta_Tc_scaled,T_0,input_transition_distance","2.48**2 * RBF(length_scale=[0.895, 2.94, 8, 20, 20, 6.73, 20]) + WhiteKernel(noise_level=0.000282)"
974,Cb,baseline,"anchor_index,u1_frac_A,u1_Tc_scaled,delta_frac_A,delta_Tc_scaled,Cb_0","1.49**2 * RBF(length_scale=[0.944, 1.84, 8.9, 3.02, 20, 3.62]) + WhiteKernel(noise_level=8.54e-05)"
974,T,baseline,"anchor_index,u1_frac_A,u1_Tc_scaled,delta_frac_A,delta_Tc_scaled,T_0","1.77**2 * RBF(length_scale=[0.725, 2.72, 4.5, 5.62, 20, 3.86]) + WhiteKernel(noise_level=0.000271)"
974,Cb,with_distance,"anchor_index,u1_frac_A,u1_Tc_scaled,delta_frac_A,delta_Tc_scaled,Cb_0,input_transition_distance","1.37**2 * RBF(length_scale=[0.941, 1.72, 7.72, 2.9, 20, 3.25, 20]) + WhiteKernel(noise_level=8.51e-05)"
974,T,with_distance,"anchor_index,u1_frac_A,u1_Tc_scaled,delta_frac_A,delta_Tc_scaled,T_0,input_transition_distance","1.78**2 * RBF(length_scale=[0.723, 2.69, 4.55, 6.83, 20, 3.99, 20]) + WhiteKernel(noise_level=0.000267)"
992,Cb,baseline,"anchor_index,u1_frac_A,u1_Tc_scaled,delta_frac_A,delta_Tc_scaled,Cb_0","0.926**2 * RBF(length_scale=[0.811, 0.658, 20, 0.856, 20, 2.97]) + WhiteKernel(noise_level=0.000183)"
992,T,baseline,"anchor_index,u1_frac_A,u1_Tc_scaled,delta_frac_A,delta_Tc_scaled,T_0","1.34**2 * RBF(length_scale=[0.744, 1.58, 4.82, 1.52, 20, 3.85]) + WhiteKernel(noise_level=0.000602)"
992,Cb,with_distance,"anchor_index,u1_frac_A,u1_Tc_scaled,delta_frac_A,delta_Tc_scaled,Cb_0,input_transition_distance","0.92**2 * RBF(length_scale=[0.811, 0.652, 20, 0.853, 20, 2.96, 20]) + WhiteKernel(noise_level=0.000183)"
992,T,with_distance,"anchor_index,u1_frac_A,u1_Tc_scaled,delta_frac_A,delta_Tc_scaled,T_0,input_transition_distance","1.33**2 * RBF(length_scale=[0.744, 1.6, 4.76, 1.51, 20, 3.83, 20]) + WhiteKernel(noise_level=0.000601)"
