batch_id,settling_time,n_samples,input_distance,state_distance
0,783.0,80,0.7762087348130012,171.85816775511398
1,681.0,70,0.14150971698084905,3.6478261788592605
2,600.0,61,0.10965856099730649,37.156293832570036
3,461.0,48,0.05482928049865328,1.0838929024745767
4,1090.0,110,0.8282662615367115,175.21160902905535
5,516.0,53,0.15524174696260024,21.609199169311978
6,989.0,100,0.7937293304395396,153.8157634125283
7,9.0,2,0.07499999999999996,22.013777396575854
8,1103.0,112,1.0241581909060729,404.27257391102523
9,1070.0,108,0.9199048863877178,403.5115959350384
10,1092.0,111,0.7543374576408095,122.06165012381895
11,478.0,49,0.34685191364615525,28.751454993293816
12,0.0,1,0.03749999999999998,10.139278569188539
13,974.0,99,0.6003332407921455,59.3094848900387
14,9.0,2,0.07500000000000001,20.796934623376924
15,1040.0,105,0.6849999999999999,54.24618710166172
16,401.0,42,0.825,217.58815427164035
17,859.0,87,0.7470107094279171,274.15714142433467
18,973.0,99,0.85,352.49899990204904
19,725.0,74,0.19209372712298547,121.93459985988922
20,658.0,67,0.7302439660825688,80.65032393594268
21,323.0,34,0.08499999999999996,53.450662704664744
22,522.0,54,0.08835298523536143,82.30875898830392
23,1079.0,109,1.109064921454105,37.099183789915266
24,600.0,61,0.20385350131896188,80.04333987339463
25,600.0,61,0.1380443769227852,57.64111621363642
26,1129.0,114,1.0123734488813898,145.12612014362583
27,451.0,47,0.2655301301170923,98.91867642149188
28,886.0,90,0.22946949688357277,142.625725400976
29,0.0,1,0.03749999999999998,9.808737104516327
30,958.0,97,0.6091182151274087,110.97737004608354
31,738.0,75,0.16000000000000003,37.58411246863691
32,1008.0,102,0.8474815632212893,253.689163432528
33,826.0,84,0.3176476034853718,283.0279546919409
34,439.0,45,0.8259691277523634,192.20689418437914
35,849.0,86,0.16433578429544793,84.88832528519949
36,830.0,84,0.8154140052758476,6.623483633531953
37,303.0,32,0.825,229.10766421207123
38,1002.0,102,0.9031195934094222,394.5995617002818
39,1011.0,103,0.7636916917185887,379.9788972564536
40,1060.0,107,0.8835298523536147,247.41575454396423
41,598.0,61,0.17,27.189081225900924
42,1020.0,103,0.837410442972859,75.44700004399263
43,666.0,68,0.8125,387.55700733502346
44,586.0,60,0.31048349392520047,4.909009514993787
45,627.0,64,0.1644878414959598,150.85739403481395
46,477.0,49,0.2387990787251911,132.09537042024027
47,12.0,3,0.07500000000000007,20.559057371916204
48,1050.0,106,0.8040561236630189,53.64676765272457
49,1099.0,111,0.9781391772135497,258.90021153442586
50,657.0,67,0.20348525745124635,174.62418112378467
51,689.0,70,0.14150971698084905,65.88145038934691
52,958.0,97,0.6841463659188728,56.95453823541428
53,1032.0,105,0.8832326986700617,186.8101443960554
54,432.0,45,0.15524174696260026,3.510007314492863
55,812.0,83,0.2830194339616981,158.38322478515317
56,1003.0,102,0.7075485849042453,151.79746611924145
57,1083.0,110,1.0592568149414947,477.9351287825035
58,657.0,67,0.4077070026379238,263.43572331677814
59,1016.0,103,0.6783988502348749,136.92124709324182
60,1025.0,104,0.7321244771212065,152.35905859418034
61,707.0,72,0.12572290960680163,41.254979817126994
62,806.0,82,0.8336815938954152,244.80660841925072
63,662.0,68,0.7169771614214779,207.58900552354595
64,782.0,80,0.2294694968835727,19.1501872560071
65,978.0,99,0.6283360963688144,178.9661742242049
66,677.0,69,0.08835298523536146,32.48857421644141
67,836.0,85,0.9436928790660657,140.54002817510303
68,990.0,100,0.9507398434903209,81.52230633886235
69,703.0,72,0.7302439660825689,88.76332744883949
70,934.0,95,0.8005623023850174,58.54861849400298
71,877.0,89,0.8154140052758475,188.74094898099378
72,1080.0,109,0.75,251.84538915795235
73,989.0,100,0.57118845401496,101.14954354428383
74,1042.0,106,0.9616684719798191,93.84810701875732
75,1070.0,108,1.0322790320451154,72.95266293283362
76,45.0,6,0.18749999999999997,55.186917795368956
77,461.0,48,0.08499999999999995,8.938043467872141
78,1107.0,112,0.9183170748712016,154.66868607089995
79,1070.0,108,0.8475000000000001,211.8805550286487
80,1112.0,113,0.7730823048033114,84.27082686090122
81,567.0,58,0.08835298523536146,43.46451226014501
82,556.0,57,0.14150971698084905,77.26410903758757
83,804.0,82,0.20000000000000004,150.64532898735564
84,941.0,96,0.9020843918392558,127.40793602318139
85,738.0,75,0.7668767828015137,177.2463633629877
86,1084.0,110,0.9567163895324465,401.68181243422566
87,1028.0,104,0.822439207479799,218.5444746172956
88,900.0,91,0.9693296652842107,194.45732565367342
89,59.0,7,0.3374999999999999,99.14801122985402
90,22.0,4,0.11249999999999993,33.10385376738863
91,461.0,48,0.0548292804986532,0.4687958176793813
92,738.0,75,0.3074186884364709,106.23692423583222
93,998.0,101,0.32,33.70896023124363
94,900.0,91,0.9693296652842107,224.91402079411256
95,35.0,5,0.15000000000000002,42.29253688107302
96,681.0,70,0.19209372712298542,11.599679806926353
97,600.0,61,0.20385350131896193,75.11024395844102
98,1069.0,108,0.8118035476640885,122.75755825177842
99,1060.0,107,0.9178779875342911,80.63409192169387
100,1109.0,112,0.7591483715322058,195.6096204377583
101,934.0,95,0.25144581921360315,114.17494855823583
102,941.0,96,0.7746007035886295,147.0048282533299
103,1108.0,112,0.7663590868515883,212.3935264680047
104,934.0,95,0.5660388679233963,101.01642672808738
105,979.0,99,0.6955258801798824,140.14466535946084
106,1015.0,103,0.7417715281675349,139.19406046022735
107,834.0,85,0.2294694968835727,39.155847239495564
108,893.0,91,0.7980014097731908,109.33646099163502
109,839.0,85,0.24291202111052473,177.1424906615426
110,835.0,85,0.20348525745124635,91.91203120063778
111,922.0,94,0.7211102550927979,196.0170089696409
112,984.0,100,0.7525996611745185,205.9160507885351
113,888.0,90,0.7810609771330277,360.0760694011763
114,1050.0,106,0.8040561236630189,197.16536541913746
115,1104.0,112,0.9799521672000118,175.7110135692717
116,426.0,44,0.19171919570037843,15.05655125176503
117,1015.0,103,0.7417715281675349,182.1519431029054
118,996.0,101,0.6443795465407014,267.5711292230438
119,1028.0,104,0.705376672424032,230.330130983385
120,1020.0,103,0.8825000000000001,123.592422147332
121,420.0,43,0.054829280498653266,49.44404924557326
122,997.0,101,0.741771528167535,224.43621550600702
123,819.0,83,0.24,48.60428510323986
124,461.0,48,0.26553013011709237,64.60122699313281
125,1088.0,110,0.961668471979819,5.053918062477052
126,808.0,82,0.6681364007446383,24.29376705011014
127,407.0,42,0.22852789764052875,34.33022535252542
128,989.0,100,0.7676099269811459,206.37602131117472
129,858.0,87,0.2898706608127149,46.50246279293822
130,659.0,67,0.13804437692278515,41.96628248183639
131,783.0,80,0.5969976968129777,142.65817244681844
132,1006.0,102,0.7972609359550986,103.24257327134139
133,551.0,57,0.1096585609973065,97.33678458482547
134,1088.0,110,1.0082441420608403,151.8695326367815
135,1125.0,114,0.9919708917100339,55.56680467015229
136,1003.0,102,0.8224392074797992,11.493383284885926
137,1039.0,105,0.7238957107208193,253.63845924753588
138,1060.0,107,0.9779602497034325,417.65754391093895
139,994.0,101,0.9346155626780457,213.56036392488454
140,869.0,88,0.9001249913206498,16.734955036393075
141,372.0,39,0.054829280498653266,24.11439453982715
142,979.0,99,0.39118409988137304,149.11294288336833
143,922.0,94,0.6902218846139262,143.9535554200861
144,1063.0,108,0.837410442972859,166.8126896417586
145,816.0,83,0.8592002094971811,165.2875846742012
146,850.0,86,0.8712204083927327,183.30574708657275
147,600.0,61,0.08000000000000007,18.12883828668821
148,1056.0,107,0.8078714316028264,336.35714222103803
149,594.0,61,0.19209372712298547,69.0491627967232
150,1028.0,104,0.7289075730159483,118.00268166978833
151,681.0,70,0.22261233119483745,21.320665511405068
152,738.0,75,0.1643357842954479,50.93188945085008
153,598.0,61,0.23879907872519107,73.27107490836062
154,1009.0,102,0.6884084906507183,341.2895752796448
155,1070.0,108,0.8408366369277684,183.94886492835633
156,600.0,61,0.08835298523536143,12.526043797193653
157,600.0,61,0.1380443769227852,50.57289964421235
158,1042.0,106,0.7287360633315741,242.27340625574902
159,1028.0,104,0.6810332223908023,269.9623989592789
160,1039.0,105,0.5797413216254298,214.43394527288987
161,989.0,100,0.6955258801798824,287.3066510611609
162,1015.0,103,1.067031513124144,543.9338410741469
163,846.0,86,0.3592005011132362,305.2295929065005
164,659.0,67,0.632455532033676,7.4180492156067315
165,1070.0,108,1.0109432476652682,35.022731823723106
166,28.0,4,0.11249999999999999,33.469001009193974
167,34.0,5,0.14999999999999997,44.594502926816
168,1104.0,112,1.0592568149414947,120.60222378373729
169,593.0,61,0.25499999999999995,47.104542931936905
170,343.0,36,0.054829280498653266,23.24913864140672
171,945.0,96,0.630599912781472,52.029822606875385
172,891.0,91,0.24999999999999994,10.644392367707463
173,742.0,76,0.5433748706003988,33.47136101435597
174,888.0,90,0.6811800422795724,5.470616935068502
175,739.0,75,0.7225346012475804,224.8707257695989
176,783.0,80,0.6681364007446383,162.3677387154387
177,600.0,61,0.08835298523536152,3.9326551062995745
178,1063.0,108,0.8520710064308021,78.98230407324732
179,974.0,99,0.7389350445066197,36.88775980262868
180,1028.0,104,0.8216789214772399,409.798301354628
181,1060.0,107,1.0229400031282383,536.2397720902566
182,1031.0,105,0.9000868013697346,470.8445689972124
183,671.0,69,0.21931712199461312,113.27941014214191
184,1060.0,107,0.8216789214772399,210.80744270605908
185,819.0,83,0.28301943396169815,94.90550516775136
186,992.0,101,0.7765468434035386,432.1594512132633
187,1027.0,104,0.7765468434035386,432.1594512132633
188,459.0,47,0.040000000000000036,4.807757046758171
189,738.0,75,0.16000000000000003,34.33576852038159
190,681.0,70,0.25499999999999995,91.03850183284827
191,1052.0,107,0.8772684879784525,367.98487144709435
192,358.0,37,0.04000000000000001,35.13578357596546
193,747.0,76,0.20348525745124635,181.5932956220278
194,1050.0,106,0.7926064597263891,301.68827101692057
195,1005.0,102,0.32,16.807551290411894
196,941.0,96,0.837410442972859,192.0422423570708
197,1097.0,111,0.8485281374238571,252.4384525128803
198,439.0,45,0.03999999999999998,27.416849494087757
199,577.0,59,0.7885152186229508,230.06588452550474
200,958.0,97,0.8282662615367115,135.0871956955368
201,1073.0,109,0.8825,34.371638959894355
202,28.0,4,0.11250000000000004,31.242943539731584
203,384.0,40,0.08500000000000006,14.218423670990521
204,1070.0,108,0.880060367247611,122.32187111593653
205,681.0,70,0.14150971698084908,53.461485309493746
206,8.0,2,0.07499999999999996,21.328311548359544
207,1052.0,107,1.0,477.47807797600456
208,553.0,57,0.13804437692278523,111.68049950918092
209,1060.0,107,0.8310385069297331,269.9905894222497
210,783.0,80,0.21360009363293836,22.02164356176959
211,783.0,80,0.21360009363293836,65.88350740273762
212,1104.0,112,0.8170679286326199,84.80015574189044
213,1016.0,103,0.6498124729489272,168.95966985398806
214,1036.0,105,0.831568547986274,216.81088923866432
215,926.0,94,0.35341194094144585,210.74693062040436
216,974.0,99,0.76603279955887,121.00037034066534
217,759.0,77,0.19999999999999996,41.70826968059063
218,996.0,101,0.7846177413237608,60.729118690915854
219,537.0,55,0.20385350131896193,110.48653741754178
220,1039.0,105,0.7440136087465068,193.15609409695233
221,817.0,83,0.26505895570608434,69.60738985563273
222,985.0,100,0.8485318202636835,427.29548474180416
223,473.0,49,0.16999999999999998,113.30295577185984
224,1039.0,105,0.8297928958481148,255.3528674880036
225,600.0,61,0.13804437692278532,13.422031578045114
226,29.0,4,0.15000000000000002,42.64092644066534
227,1050.0,106,0.8474999999999999,376.453734930443
228,1097.0,111,1.1126572922513023,147.9094860693228
229,979.0,99,0.40175396699970484,54.748113622737236
230,591.0,61,0.16999999999999996,42.93817446372316
231,766.0,78,0.1644878414959598,39.51880343362692
232,781.0,80,0.21360009363293822,17.744046002507293
233,908.0,92,0.8592002094971811,202.4388987404761
234,756.0,77,0.885384803348239,207.65869113859108
235,445.0,46,0.3026549190084311,82.35204604882483
236,819.0,83,0.2429120211105247,27.0968895924271
237,461.0,48,0.22852789764052878,77.30671861583757
238,1114.0,113,0.9301747147713704,112.91586003917713
239,958.0,97,0.8904493247793498,92.52892190414182
240,968.0,98,0.3369810825550894,43.68402997052213
241,777.0,79,0.52693097270895,150.34445736082964
242,783.0,80,0.24999999999999997,72.17557069183104
243,1078.0,109,0.8035079339994099,235.23317189809904
244,429.0,44,0.19171919570037843,15.169488830078206
245,1012.0,103,0.9360021367496979,122.36124953292293
246,819.0,83,0.2830194339616981,11.10716596999926
247,600.0,61,0.20385350131896193,32.58752081228413
248,1087.0,110,0.8800000000000001,284.53212566335986
249,1060.0,107,0.8419657059524457,380.05035670806177
250,1062.0,108,0.7682813612212651,233.85722381203345
251,406.0,42,0.33986210438941267,135.41567469466463
252,611.0,63,0.22261233119483742,61.322198843595054
253,707.0,72,0.1767059704707229,134.58776776437563
254,621.0,64,0.22261233119483753,171.6003040018855
255,649.0,66,0.22261233119483753,171.6003040018855
256,1021.0,104,0.7591483715322059,463.1724567228422
257,738.0,75,0.2464878293141468,32.66040304722318
258,735.0,75,0.17670597047072284,2.5021226760756083
259,681.0,70,0.14150971698084905,33.08129101626665
260,1031.0,105,0.8139410298049854,395.2980278462433
261,1097.0,111,0.9860147057726878,247.4247846279604
262,1104.0,112,0.9567163895324465,196.37241633945703
263,1070.0,108,0.8696119824381447,230.7674200686149
264,808.0,82,0.25144581921360315,56.214218752957734
265,938.0,95,0.6443795465407014,348.8617623977719
266,670.0,68,0.2294694968835728,155.97074215664873
267,1016.0,103,0.8045223738343141,296.03000193127934
268,461.0,48,0.05482928049865328,19.010495056579476
269,1067.0,108,1.086649092393676,520.1611846399695
270,1088.0,110,0.9230520028687441,346.8036986030617
271,1096.0,111,0.8139410298049854,248.059631870069
272,226.0,24,0.75,210.99574702356202
273,1015.0,103,0.9301747147713704,54.51854927551403
274,1043.0,106,0.7127806464824926,8.747076332159072
275,464.0,48,0.16999999999999993,22.281924004530442
276,512.0,53,0.27441984257702645,145.83001070502073
277,755.0,77,0.2136000936329383,186.35525812425234
278,1003.0,102,0.6549093448714868,16.848466782134256
279,681.0,70,0.12572290960680158,35.83685495978338
280,1028.0,104,0.6443795465407014,222.22038139373322
281,705.0,72,0.164335784295448,140.0109988655796
282,608.0,62,0.164335784295448,118.92248956128856
283,798.0,81,0.20348525745124635,164.70888813503709
284,426.0,44,0.6013318551349163,133.2924595541027
285,742.0,76,0.9068110332368039,16.7941960044822
286,879.0,89,0.9068110332368039,16.7941960044822
287,820.0,83,0.164335784295448,70.17241901712529
288,134.0,15,0.1875,48.2001684002344
289,819.0,83,0.24,2.0178352552771117
290,1016.0,103,0.705376672424032,336.111993040276
291,1060.0,107,0.8008784239820674,243.74905827164773
292,811.0,83,0.35567717104138125,113.95730516283089
293,850.0,86,0.5621888028056056,92.82567878693692
294,681.0,70,0.19209372712298547,16.59425412192226
295,461.0,48,0.0548292804986532,2.945500132564363
296,461.0,48,0.15524174696260015,52.1097424738405
297,1091.0,111,0.7543374576408095,120.57511470384559
298,662.0,68,0.14150971698084908,111.98857019819168
299,664.0,68,0.8125,386.90451606121644
300,30.0,4,0.07499999999999998,21.420805299991663
301,627.0,64,0.17670597047072292,124.89731919164403
302,815.0,83,0.19559204994068652,132.34364510218975
303,718.0,73,0.17670597047072292,81.86043397109917
304,665.0,68,0.1955920499406865,175.38138960993592
305,1060.0,107,0.8310385069297331,319.95058697049876
306,44.0,6,0.18749999999999994,54.246436950894605
307,600.0,61,0.23879907872519104,83.73943693198052
308,670.0,68,0.19209372712298553,56.71456529346508
309,599.0,61,0.10965856099730649,12.901033371038508
310,1040.0,105,0.6567010354796161,216.0758438701447
311,921.0,94,0.7525996611745185,261.89919681672177
312,685.0,70,0.16448784149595977,30.353747689446216
313,260.0,27,0.8624999999999999,227.68952423916724
314,907.0,92,0.8207313811473276,167.48268261449044
315,670.0,68,0.3010398644698074,115.78815572632082
316,368.0,38,0.19171919570037843,20.409977389617307
317,837.0,85,0.19559204994068646,59.59121987852325
318,727.0,74,0.19209372712298547,67.91439954611519
319,594.0,61,0.20385350131896185,45.6544295960998
320,443.0,46,0.2655301301170923,68.08485233735252
321,999.0,101,0.685,8.390693267879508
322,989.0,100,0.7676099269811458,10.024586543297689
323,1053.0,107,0.6708203932499369,247.17414988056916
324,685.0,70,0.22261233119483745,141.37521212628738
325,153.0,17,0.1875,48.972610296491816
326,733.0,75,0.32897568299191965,141.4840073251374
327,632.0,65,0.1955920499406865,173.5987667212652
328,1003.0,102,0.6884084906507182,28.211473229504616
329,1070.0,108,0.8366936416634226,53.172273755541994
330,0.0,1,0.03750000000000009,10.407664886003746
331,953.0,97,0.6579513659838394,96.20097517462835
332,930.0,94,0.6783988502348748,314.51271478665024
333,874.0,89,0.32,279.3445339861244
334,426.0,44,0.03999999999999998,26.75506652440474
335,838.0,85,0.1767059704707229,68.05037099693082
336,526.0,54,0.08499999999999999,2.5201074701874546
337,692.0,71,0.1644878414959598,40.62792168799384
338,974.0,99,0.6199243905509768,10.444513011796907
339,1055.0,107,0.9859513172565876,10.381186185531908
340,614.0,63,0.7595393340703297,325.54400125030674
341,1060.0,107,0.9368330961275867,445.3299079023642
342,460.0,47,0.0548292804986532,18.535378403135642
343,727.0,74,0.24648782931414692,35.748924832726416
344,958.0,97,0.52,253.3730255519808
345,1050.0,106,0.7926064597263891,282.84625569877
346,1096.0,111,0.822439207479799,240.8081385523513
347,895.0,91,0.20348525745124627,93.1134059090279
348,827.0,84,0.6799999999999999,36.509649423433615
349,370.0,38,0.08499999999999996,56.52453052645653
350,1028.0,104,0.743236167042482,152.09998953373372
351,1048.0,106,0.7765468434035387,131.0232274893968
352,1028.0,104,0.6892432444355187,267.980992502983
353,738.0,75,0.16433578429544787,47.91912778310514
354,1099.0,111,1.0941777734902132,466.92095292318567
355,874.0,89,0.3391994251174374,312.0438624432072
356,958.0,97,0.7683749084919419,244.92841415294555
357,675.0,69,0.22261233119483737,40.02482459912222
358,432.0,45,0.19171919570037832,50.764591835885035
359,950.0,96,0.7972609359550987,472.43508900023915
360,1027.0,104,0.8590838143045182,470.81168166830724
361,4.0,2,0.07499999999999996,20.63037482413682
362,599.0,61,0.08000000000000007,9.604422653554641
363,461.0,48,0.2655301301170923,67.26963839967212
364,681.0,70,0.14150971698084908,45.42342371117313
365,600.0,61,0.13804437692278523,10.64980003742791
366,681.0,70,0.12,30.985613749249705
367,681.0,70,0.12572290960680158,19.963116871090723
368,681.0,70,0.16448784149595977,1.8210715744709123
369,1049.0,106,0.8606719758421323,290.9396001137301
370,1088.0,110,0.938912269597112,379.88772446465117
371,889.0,90,0.4386342439892262,47.18884442638847
372,573.0,59,0.5310602602341847,140.53429220363597
373,996.0,101,0.85,80.79851267917111
374,776.0,79,0.28250000000000003,251.17487670244466
375,438.0,45,0.22852789764052875,25.079042265592168
376,1070.0,108,0.8408366369277686,306.36778748576756
377,1072.0,109,0.8408366369277686,306.36778748576756
378,1079.0,109,0.9425000000000001,186.51923047644308
379,1114.0,113,0.8277831841732473,69.8548504353468
380,901.0,92,0.7810609771330277,68.14971205326555
381,928.0,94,0.8005623023850174,103.54335679556435
382,846.0,86,0.2650589557060844,119.43222415990259
383,68.0,8,0.1499999999999999,39.74369060329297
384,258.0,27,0.6375000000000001,166.71756791137642
385,661.0,68,0.1644878414959598,31.389731396899947
386,0.0,1,0.03750000000000003,10.104880490031412
387,965.0,98,0.6410976914636335,343.1956706119711
388,769.0,78,0.2650589557060844,243.2024477587326
389,890.0,90,0.24,110.20578994371193
390,782.0,80,0.2294694968835727,37.15588535453663
391,1009.0,102,0.6408002808988148,185.23570601681755
392,981.0,100,0.7683749084919418,89.74747428182833
393,595.0,61,0.6797242087788253,180.0576634669877
394,980.0,99,0.6549093448714869,360.22763192745003
395,897.0,91,0.28250000000000003,207.77822330849867
396,922.0,94,0.6020797289396148,62.19411678198643
397,1012.0,103,0.9869270489757589,131.02256193475446
398,930.0,94,0.3286715685908959,271.76153114292384
399,691.0,71,0.2038535013189619,12.944065341128079
400,958.0,97,0.48146261537112106,17.509013559680753
401,1083.0,110,0.9207639491205116,314.4436944412811
402,1079.0,109,0.9083088681720553,271.0052761246899
403,1074.0,109,0.8216789214772399,309.24817878545565
404,1028.0,104,0.8366936416634227,418.71183178632214
405,1023.0,104,0.6810332223908023,290.5059084711426
406,901.0,92,0.28,215.00630610234046
407,800.0,81,0.17670597047072292,40.2304871021207
408,782.0,80,0.19999999999999996,9.094770101475468
409,1002.0,102,0.6669004798318862,232.20127227713056
410,1070.0,108,1.054517069563125,60.89051853266161
411,1112.0,113,0.8485281374238571,119.45158790619158
412,874.0,89,0.7649999999999999,86.38538145860825
413,202.0,22,0.825,222.92362870093237
414,983.0,100,0.9971083190907596,480.16961682842975
415,1002.0,102,0.9031195934094222,436.9065072305173
416,989.0,100,0.7440136087465067,417.07412397614644
417,426.0,44,0.2655301301170924,116.0090214426178
418,1050.0,106,0.9682974749528164,143.01247660844896
419,1041.0,106,0.9372299611087986,104.6142831373222
420,391.0,41,0.03999999999999998,36.85117110781559
421,597.0,61,0.1415097169808491,78.41702226780008
422,1039.0,105,0.8118035476640885,12.805396095534078
423,839.0,85,0.33698108255508935,110.79316260526043
424,738.0,75,0.5130850319391513,162.3757177758007
425,1046.0,106,0.9905680188659434,195.59943949067167
426,1038.0,105,0.7951768671182531,457.6901568951543
427,581.0,60,0.1699999999999999,38.536279786418646
428,94.0,11,0.2250000000000001,60.28437996804948
429,948.0,96,0.6955258801798824,407.6473954151278
430,621.0,64,0.17670597047072292,165.89068928832316
431,1039.0,105,0.9869270489757589,284.7696809769972
432,1104.0,112,0.9567163895324464,350.71190832849976
433,437.0,45,0.2655301301170924,116.54865986350603
434,710.0,72,0.2650589557060844,253.23827251668678
435,25.0,4,0.1125000000000001,30.37496930654765
436,614.0,63,0.10965856099730653,74.76133873130375
437,974.0,99,0.5527714265408443,20.692203351187395
438,1048.0,106,0.8532877591996735,389.64701651833695
439,33.0,5,0.07499999999999996,21.797802657594403
440,75.0,9,0.22499999999999998,65.4053956945803
441,1088.0,110,1.0783349433269795,488.8633795112105
442,1091.0,111,0.9905680188659434,396.3485610155306
443,620.0,63,0.16433578429544796,154.57752263285423
444,494.0,51,0.13804437692278523,36.69949743953354
445,1028.0,104,0.7162576352123584,126.58418217582981
446,778.0,79,0.20348525745124627,42.06879238044108
447,963.0,98,0.7394634879424407,64.53334797061756
448,484.0,50,0.2038535013189619,13.519236992000867
449,884.0,90,0.22946949688357277,85.72788215794739
450,723.0,74,0.1415097169808491,10.539917800178765
451,881.0,90,0.5253808142671371,350.36479694839045
452,620.0,63,0.19209372712298542,74.045223570608
453,846.0,86,0.7762087348130012,347.0744593950293
454,715.0,73,0.7668767828015136,311.45790460317687
455,697.0,71,0.27608875384557047,88.0516850196205
456,651.0,67,0.3074186884364709,77.79044587573283
457,636.0,65,0.796590390351277,111.51835979932034
458,1050.0,106,0.9919708917100339,84.4676696492418
459,1067.0,108,0.9372299611087985,58.461899495130396
460,934.0,95,0.3017552816439175,223.3503790767679
461,767.0,78,0.7470107094279171,420.24656733743916
462,441.0,46,0.22852789764052878,24.763777480198694
463,540.0,55,0.08835298523536146,87.7858104203183
464,1050.0,106,0.7746612162745725,175.33939154918073
465,1098.0,111,0.7614172640543423,5.327364662945187
466,816.0,83,0.21931712199461312,56.48078212115546
467,758.0,77,0.53,324.0132216340611
468,1050.0,106,0.8474815632212892,324.364642246528
469,461.0,48,0.22852789764052878,54.84833346478048
470,780.0,79,0.7762087348130012,169.28218781970065
471,698.0,71,0.32310988842807026,86.4941754871705
472,857.0,87,0.16433578429544793,23.839605560849265
473,763.0,78,0.5618051263561058,175.3560543989867
474,420.0,43,0.751065909225016,202.7486348265005
475,738.0,75,0.1955920499406864,3.452091739264593
476,681.0,70,0.6855836929215864,163.9425536419999
477,846.0,86,0.31764760348537174,5.79350945861738
478,599.0,61,0.7169771614214779,204.15231807279818
479,681.0,70,0.255,35.3013843715057
480,1098.0,111,0.8772684879784524,49.68076572223768
481,818.0,83,0.1955920499406865,65.20147051127836
482,553.0,57,0.15524174696260015,55.81484852396954
483,900.0,91,0.7982833143690277,172.06836010053902
484,461.0,48,0.11939953936259554,23.301769288604238
485,904.0,92,0.26505895570608434,33.42339857392734
486,617.0,63,0.08835298523536142,19.607618830218005
487,910.0,92,0.5612541759310126,323.4997484981377
488,762.0,78,0.24000000000000005,212.46471479885227
489,485.0,50,0.6425,112.35723851275286
490,845.0,86,0.9219544457292886,108.81866434431527
491,958.0,97,0.8591020020928831,209.0894251982199
492,461.0,48,0.2655301301170925,86.43755830044769
493,783.0,80,0.21360009363293833,20.638084497897655
494,441.0,46,0.05482928049865324,6.603527404119905
495,738.0,75,0.15999999999999992,25.44104554424214
496,770.0,78,0.2741464024932664,76.9293202596774
497,966.0,98,0.5028916384272064,257.566774662945
498,1016.0,103,0.6669004798318863,252.71790730383447
499,1064.0,108,0.6538396210080879,44.37014309652453
500,386.0,40,0.15524174696260015,12.531551216672106
501,643.0,66,0.10965856099730656,28.26218335348658
502,473.0,49,0.05482928049865332,12.762213997823936
503,421.0,44,0.11939953936259547,4.636541529800404
504,618.0,63,0.6937038272923107,315.83935226799974
505,658.0,67,0.16448784149595982,153.27089983235933
506,441.0,46,0.1917191957003784,95.67044829055098
507,1011.0,103,0.8277831841732474,475.0749533110431
508,946.0,96,0.7163972361755733,212.12879141820903
509,847.0,86,0.28987066081271484,5.014339123632452
510,988.0,100,0.8366936416634226,191.94690178548169
511,1088.0,110,1.0411802197506441,128.2017136995545
512,925.0,94,0.37716872882040475,101.2023176278052
513,451.0,47,0.08500000000000003,20.162944076682436
514,933.0,95,0.8520600037556041,213.63751320815607
515,23.0,4,0.07499999999999996,21.781021612275197
516,553.0,57,0.08835298523536145,67.0725593856111
517,957.0,97,0.33919942511743745,200.9844287071198
518,483.0,50,0.5639204287840617,128.70479915622573
519,560.0,57,0.22852789764052875,70.9649895400534
520,503.0,52,0.5639204287840617,133.2015027447189
521,877.0,89,0.7470107094279171,153.7514480247191
522,1040.0,105,0.7184010022264724,49.208336881358086
523,1016.0,103,0.7614172640543423,42.969915867750615
524,11.0,3,0.07499999999999996,21.382563218758296
525,461.0,48,0.05482928049865328,20.967482706306146
526,37.0,5,0.14999999999999997,43.414624967164066
527,1079.0,109,1.0965856099730655,41.74885088670263
528,1079.0,109,0.88,237.68708226913756
529,1121.0,114,1.094420508762514,349.97443853640635
530,696.0,71,0.7668767828015136,63.6058035332863
531,871.0,89,0.28250000000000003,235.19057646489478
532,592.0,61,0.27441984257702645,124.00697511805096
533,1039.0,105,0.766359086851588,175.2538458322614
534,911.0,93,0.4059017738320442,7.439925046520341
535,900.0,91,0.7321244771212065,236.98124701687254
536,600.0,61,0.3834383914007568,134.1677907379767
537,461.0,48,0.19171919570037838,65.7015272451185
538,461.0,48,0.08499999999999992,9.653472451120699
539,681.0,70,0.12572290960680158,44.43216646297828
540,1064.0,108,0.7209759011229155,238.32634305679372
541,426.0,44,0.19171919570037851,15.134845938529978
542,1079.0,109,0.8926925562588723,189.92708856692684
543,1103.0,112,0.923052002868744,250.6219758672821
544,1079.0,109,0.9297311439335569,372.0009771279585
545,738.0,75,0.17670597047072292,52.68207130687772
546,29.0,4,0.15000000000000002,41.67308056567742
547,457.0,47,0.11939953936259559,35.315020249225306
548,681.0,70,0.12572290960680158,27.74040539830017
549,1074.0,109,0.7394634879424405,201.00061933345518
550,540.0,55,0.1552417469626002,59.07033045115856
551,756.0,77,0.22261233119483742,8.449580599251323
552,819.0,83,0.7163972361755733,184.39588028626912
553,1039.0,105,0.8770547303332901,359.2757696866142
554,1028.0,104,0.8154140052758476,273.37848310911045
555,1067.0,108,0.8831902399823042,313.97017915668266
556,1050.0,106,0.8040561236630189,285.3718106999764
557,579.0,59,0.23879907872519104,51.963592983446006
558,960.0,97,0.7953340493151291,255.1958848875668
559,652.0,67,0.3300094695611021,257.5084329333189
560,542.0,56,0.27441984257702645,12.171820680865773
561,677.0,69,0.2136000936329383,187.64559355476234
562,734.0,75,0.25000000000000006,127.65380299075386
563,474.0,49,0.11939953936259552,56.13295803479476
564,572.0,59,0.2038535013189619,105.7641622001965
565,903.0,92,0.6020797289396148,271.71116868027144
566,955.0,97,0.6955258801798824,403.1294663206583
567,578.0,59,0.10965856099730656,58.79026864406381
568,666.0,68,0.20348525745124635,198.9160991576186
569,1028.0,104,0.6892432444355187,115.70850103295717
570,1082.0,110,0.7394634879424405,132.48776190006467
571,534.0,55,0.19171919570037832,32.816234027219615
572,818.0,83,0.8057449968817678,523.160279548986
573,636.0,65,0.19209372712298545,163.83725524723036
574,659.0,67,0.7225346012475803,86.78755167702106
575,1003.0,102,0.40175396699970495,295.4896960639519
576,769.0,78,0.21931712199461306,8.161761819127742
577,898.0,91,0.7394634879424407,439.8526009607833
578,719.0,73,0.20000000000000004,174.75936250847528
579,702.0,72,0.25000000000000006,217.59942360322634
580,981.0,100,0.8820749684692339,487.30463123268424
581,775.0,79,0.16448784149595985,51.647036094428664
582,775.0,79,0.2034852574512464,33.08991996707414
583,435.0,45,0.15524174696260026,40.800099885373214
584,933.0,95,0.25144581921360315,74.32729058529648
585,989.0,100,0.565,26.207586266634213
586,681.0,70,0.32310988842807026,56.15767578816984
587,1074.0,109,0.7289075730159483,119.3453909301848
588,1039.0,105,0.7663590868515882,109.78406965631378
589,1090.0,110,0.7440136087465067,130.59221210706545
590,764.0,78,0.2464878293141469,168.06377271848476
591,869.0,88,0.7470107094279171,83.7487236202992
592,861.0,88,0.19559204994068652,48.7967266984445
593,922.0,94,0.85,192.047847715421
594,738.0,75,0.2464878293141469,26.354444563788736
595,445.0,46,0.2285278976405288,58.25034620578487
596,817.0,83,0.19559204994068652,39.9673796611644
597,843.0,86,0.6411123146532127,254.12493259252756
598,659.0,67,0.27608875384557047,88.58573541560492
599,1050.0,106,0.7609246020467468,182.2772865971868
600,1101.0,112,0.8474815632212892,275.9604325258659
601,1060.0,107,1.0965856099730655,374.4328946867457
602,1116.0,113,0.87705473033329,184.09859779056737
603,481.0,50,0.1552417469626002,18.497356799444628
604,587.0,60,0.16999999999999998,10.186706836271936
605,683.0,70,0.20348525745124638,178.9703258054483
606,1050.0,106,0.8040561236630189,340.55568654593486
607,1071.0,109,0.7765468434035386,297.7797280391645
608,366.0,38,0.08499999999999996,14.006940648134576
609,925.0,94,0.7525996611745185,352.19317981932363
610,935.0,95,0.9870695264265835,487.26938909862196
611,977.0,99,0.33919942511743745,256.20895201207605
612,941.0,96,0.7746007035886295,175.39230042978843
613,461.0,48,0.08499999999999998,29.90058221422046
614,735.0,75,0.17670597047072284,2.5021226760756083
615,460.0,47,0.7136219237103076,190.12066713809878
616,850.0,86,0.28250000000000003,66.74379683266959
617,461.0,48,0.33986210438941267,110.25309000245397
618,763.0,78,0.27414640249326633,15.826959113613777
619,990.0,100,0.7127806464824925,82.41961469057614
620,1003.0,102,0.7075485849042453,103.1847840581018
621,672.0,69,0.12572290960680158,1.5523568108876935
622,819.0,83,0.6462197768561405,134.09862890664743
623,738.0,75,0.1955920499406865,6.373815281408442
624,450.0,46,0.11939953936259555,28.244450137232498
625,607.0,62,0.08000000000000007,1.4916630207827275
626,678.0,69,0.6118823416311342,165.4318408178542
627,699.0,71,0.255,66.39332579415267
628,738.0,75,0.584813004301375,145.30695809824977
629,1012.0,103,0.7609246020467468,367.19521009662014
630,1007.0,102,0.9068627239003708,200.75163426989056
631,177.0,19,0.6375,172.48161477887976
632,599.0,61,0.13804437692278515,37.279176128718134
633,1042.0,106,0.8591020020928831,304.5186569627651
634,399.0,41,0.8999999999999999,239.9194657315921
635,774.0,79,0.9425497334358542,500.169743771496
636,1088.0,110,0.9934913185327792,434.1525053463487
637,1083.0,110,0.92,325.1481426314441
638,1088.0,110,0.9268528739773104,357.98054332072456
639,1092.0,111,0.8696119824381447,309.67505688704745
640,580.0,59,0.20385350131896185,26.524253153827512
641,1088.0,110,0.9321480569094162,368.96062655432655
642,810.0,82,0.2429120211105247,31.134950997239226
643,725.0,74,0.2226123311948375,54.31626429459496
644,468.0,48,0.19171919570037846,53.382924170622026
645,917.0,93,0.6739621651101789,434.1058710269296
646,448.0,46,0.11939953936259552,8.552375524764537
647,450.0,46,0.2655301301170923,34.7318623109048
648,551.0,57,0.16999999999999998,122.24692700107494
649,567.0,58,0.10965856099730655,100.60618295088267
650,666.0,68,0.2136000936329383,205.67606721863052
651,591.0,61,0.1257229096068016,94.50762935277795
652,1015.0,103,0.9033306426774196,421.149514496713
653,783.0,80,0.2499999999999999,85.05222488535834
654,1116.0,113,0.84,199.04385281016084
655,714.0,73,0.164335784295448,137.45400862844193
656,894.0,91,0.6997142273814361,38.386741121946564
657,738.0,75,0.7302439660825688,179.33367370742732
658,738.0,75,0.2464878293141468,90.55009967174735
659,783.0,80,0.27414640249326633,8.298814323773865
660,1040.0,105,0.6293647591023825,204.44379244363265
661,382.0,40,0.11939953936259554,2.1353880496186535
662,1028.0,104,0.7432361670424817,144.2029256081865
663,1112.0,113,0.8532877591996735,237.74989681673262
664,1028.0,104,0.6841235268575406,215.37246723763187
665,738.0,75,0.15999999999999992,44.31373552776528
666,871.0,89,0.32218977327035064,54.16479337894875
667,599.0,61,0.16999999999999996,34.770500141263206
668,985.0,100,0.7543374576408095,433.61676928023047
669,874.0,89,0.37088576408376744,333.8488146381964
670,940.0,95,0.744043009509531,250.3249441924604
671,458.0,47,0.11939953936259548,27.21712751340361
672,580.0,59,0.07999999999999996,2.3454360618391914
673,421.0,44,0.7136219237103076,192.63741006603516
674,967.0,98,0.2898706608127149,65.9039601071329
675,558.0,57,0.11939953936259551,45.68208321271035
676,784.0,80,0.8154140052758476,14.69570239926579
677,587.0,60,0.255,36.64026609682344
678,40.0,5,0.15000000000000002,40.54750374643158
679,418.0,43,0.054829280498653356,39.01643530120703
680,876.0,89,0.22946949688357274,69.69299396450296
681,829.0,84,0.6328951334936934,469.40722045018117
682,443.0,46,0.15524174696260026,84.95387699673748
683,558.0,57,0.08835298523536146,68.65442844340713
684,439.0,45,0.3026549190084311,46.468321935038574
685,823.0,84,0.24291202111052473,186.19771627153918
686,974.0,99,0.5665906811799856,6.1241165275036655
687,600.0,61,0.08000000000000007,22.911939989833222
688,461.0,48,0.05482928049865324,24.232561880948694
689,1101.0,112,0.923052002868744,291.50734294909114
690,674.0,69,0.20348525745124635,176.83811447443378
691,905.0,92,0.7846177413237607,332.3528043050351
692,195.0,21,0.6,159.96442021440032
693,436.0,45,0.08500000000000003,17.743482403109624
694,783.0,80,0.21360009363293822,17.62253081673369
695,1088.0,110,0.7162576352123585,206.2700945282818
696,782.0,80,0.21931712199461312,155.56106329207176
697,697.0,71,0.08835298523536146,46.98409435275082
698,530.0,54,0.054829280498653245,7.21832049949885
699,760.0,77,0.19209372712298542,1.599776639232735
700,705.0,72,0.13804437692278523,5.8803554507412
701,179.0,19,0.22499999999999998,57.858071579500326
702,668.0,68,0.2038535013189619,25.186568532840827
703,500.0,51,0.05482928049865328,3.2389859464536643
704,819.0,83,0.5772564421468158,131.0841427578401
705,461.0,48,0.11939953936259555,39.47796233901934
706,1049.0,106,0.9052658449317526,442.99178349062805
707,449.0,46,0.1917191957003784,13.01473425546234
708,544.0,56,0.23879907872519104,143.1044155883306
709,496.0,51,0.10965856099730656,50.851178200249265
710,786.0,80,0.1955920499406865,142.61674674163163
711,1003.0,102,0.6011707328205523,22.544573142862724
712,1115.0,113,0.9199048863877177,89.14230592498537
713,848.0,86,0.7518352545604655,10.985623980367434
714,660.0,67,0.2193171219946131,75.22230162423656
715,1039.0,105,0.986927048975759,329.048246318549
716,738.0,75,0.16433578429544798,40.869309198864194
717,913.0,93,0.9314504817756013,243.6648711200167
718,486.0,50,0.7136219237103076,174.20306566714154
719,814.0,83,0.7302439660825689,259.3093440883357
720,841.0,86,0.30741868843647097,142.6423026890955
721,834.0,85,0.5153215015890565,299.9489909469694
722,641.0,66,0.3074186884364711,226.80355073797486
723,832.0,85,0.25,101.01589204452759
724,533.0,55,0.08499999999999998,39.356319092261074
725,974.0,99,0.5412023651093923,31.28852594339718
726,783.0,80,0.20000000000000007,40.449930243833805
727,690.0,70,0.19209372712298547,42.404071763217395
728,913.0,93,0.7730823048033113,506.14487276780426
729,626.0,64,0.2886282210734078,194.45969696725496
730,46.0,6,0.14999999999999997,42.214184763928515
731,962.0,98,0.7394634879424405,403.81648097232164
732,938.0,95,0.7655431078652594,282.21428186842206
733,974.0,99,0.7127806464824926,201.85721097663327
734,680.0,69,0.12572290960680158,8.687115776524193
735,1006.0,102,0.6408002808988148,310.95239428132913
736,1039.0,105,0.8695149509927934,366.3002689960009
737,461.0,48,0.05482928049865328,2.339605300028721
738,600.0,61,0.23879907872519104,86.20514969645242
739,1104.0,112,0.9268528739773103,241.71688312628768
740,1079.0,109,0.9425000000000001,187.44363140352712
741,600.0,61,0.23879907872519113,84.88468731142711
742,599.0,61,0.16999999999999998,55.64362554247065
743,1011.0,103,1.0164767582192915,552.8890033458032
744,787.0,80,0.30175528164391757,287.1754082142955
745,698.0,71,0.20348525745124635,183.95576841610625
746,885.0,90,0.30175528164391757,195.96681425003447
747,1003.0,102,0.7730823048033113,145.46352937173938
748,819.0,83,0.24,50.67533340009864
749,681.0,70,0.5751575871011353,179.7885153521528
750,1032.0,105,0.36,15.829993697887755
751,922.0,94,0.85,189.5786710527898
752,600.0,61,0.27441984257702656,98.06179372230491
753,600.0,61,0.23879907872519113,87.28195816407015
754,461.0,48,0.19171919570037832,44.45905450582013
755,600.0,61,0.16999999999999996,24.98820038953714
756,460.0,47,0.15524174696260012,49.534969942456776
757,671.0,69,0.35819861808778647,80.68608910600165
758,994.0,101,0.5475000000000001,203.53421880762724
759,615.0,63,0.19559204994068652,157.08112247016405
760,652.0,67,0.8336815938954152,119.89571647646072
761,601.0,62,0.19559204994068646,110.9517111834804
762,669.0,68,0.24648782931414687,197.24747127031387
763,690.0,70,0.2,177.19894791435968
764,989.0,100,0.7424663292028805,4.204563495992611
765,1032.0,105,0.831568547986274,218.96749042177674
766,1014.0,103,0.8045223738343144,461.86206790265993
767,970.0,98,0.8357967755381687,260.2979989594376
768,691.0,71,0.1644878414959598,101.90255533608861
769,349.0,36,0.11939953936259552,0.734080444428407
770,989.0,100,0.8770547303332901,320.2474596597641
771,793.0,81,0.22946949688357282,20.191575338152962
772,925.0,94,0.8226823506068426,466.614785734636
773,741.0,76,0.3923088706618804,266.64124038574306
774,974.0,99,0.6199243905509768,9.890517871444972
775,738.0,75,0.15999999999999992,47.4583690625153
776,975.0,99,0.42720018726587644,106.2569400850803
777,783.0,80,0.19999999999999996,8.737975012888608
778,0.0,1,0.03749999999999998,10.400204746509043
779,600.0,61,0.23879907872519104,47.109107448132484
780,461.0,48,0.22852789764052878,74.6923664465802
781,1090.0,110,0.9136773226911129,24.009585335405134
782,367.0,38,0.054829280498653266,45.45764968709998
783,796.0,81,0.2294694968835728,122.53556165842811
784,581.0,60,0.2387990787251911,115.05826401664635
785,392.0,41,0.05482928049865328,19.294782928807606
786,1028.0,104,0.6963476143421473,106.59897707983468
787,1125.0,114,0.8118035476640885,196.58798222786376
788,989.0,100,0.7676099269811458,278.53987739226847
789,1050.0,106,0.9301747147713704,388.4902224080803
790,988.0,100,0.8207313811473276,378.445532103119
791,850.0,86,0.20348525745124627,1.5381670090562432
792,852.0,87,0.6637441148514991,472.63820767338456
793,1097.0,111,1.1126572922513023,478.04313274016806
794,681.0,70,0.14150971698084905,50.49008164059287
795,768.0,78,0.30103986446980735,42.33046772504654
796,492.0,51,0.6387536692653906,169.61365065817196
797,680.0,69,0.14150971698084905,12.610345503151043
798,976.0,99,0.2825,15.632312919061572
799,671.0,69,0.2038535013189619,71.19777756944097
800,497.0,51,0.22852789764052886,65.46093531281959
801,906.0,92,0.6600189391222043,355.9835633825797
802,951.0,97,0.9168560410446124,435.0832063629627
803,737.0,75,0.7668767828015136,200.2684397515104
804,738.0,75,0.2464878293141469,18.26090245786563
805,1096.0,111,0.8485318202636835,112.56552776306717
806,682.0,70,0.32897568299191965,250.46329447206404
807,1039.0,105,0.7951768671182532,178.65588293300456
808,731.0,75,0.19559204994068652,11.9613315794879
809,970.0,98,0.6293647591023825,61.132160321865015
810,355.0,37,0.054829280498653266,20.7998318699088
811,1016.0,103,0.6917414618193708,44.249258851004285
812,1098.0,111,0.6708203932499369,6.98206255228814
813,1016.0,103,0.6443795465407014,60.10377160036385
814,1104.0,112,0.7926064597263891,235.8491202476311
815,1028.0,104,0.7053766724240318,137.92669495773595
816,461.0,48,0.11939953936259554,21.82865109087021
817,461.0,48,0.1552417469626002,32.40788292822939
818,738.0,75,0.21931712199461317,77.5182259520337
819,600.0,61,0.17000000000000004,56.91073791150083
820,1058.0,107,0.7926064597263891,330.01508570807556
821,1079.0,109,0.8831902399823042,208.58433393425136
822,681.0,70,0.1644878414959598,68.06702598374409
823,1071.0,109,0.7162576352123584,128.1168642448659
824,965.0,98,0.6293647591023825,96.67787071400276
825,783.0,80,0.2741464024932664,30.01291737767286
826,461.0,48,0.08499999999999998,13.047175865653452
827,674.0,69,0.12572290960680158,22.8632805364356
828,783.0,80,0.2294694968835727,2.9288613669427486
829,1051.0,107,0.8310385069297331,370.5998761632317
830,1050.0,106,0.8832326986700617,442.7870501531591
831,724.0,74,0.16433578429544798,25.47206420420612
832,833.0,85,0.17670597047072292,3.8722876680717633
833,941.0,96,0.7141472187161412,181.77603274111607
834,600.0,61,0.8288697123191315,258.48389456839845
835,1058.0,107,1.1217062895428553,500.7631094457255
836,980.0,99,0.8520710064308021,475.85907157241945
837,945.0,96,0.7133065610240803,289.6317637691912
838,1028.0,104,0.8154140052758475,187.29918505099275
839,1109.0,112,0.8807986432777926,245.2457565466084
840,560.0,57,0.2886282210734078,179.20245328912847
841,692.0,71,0.16448784149595985,54.14847520891811
842,622.0,64,0.12572290960680163,74.71892998572456
843,500.0,51,0.13804437692278518,36.66153840230308
844,968.0,98,0.8820749684692339,57.689410356140385
845,215.0,23,0.7125,190.35353659923808
846,975.0,99,0.6678369935845123,272.1667044787783
847,696.0,71,0.20000000000000004,172.5232052458731
848,1079.0,109,0.9183170748712016,153.0271258479389
849,783.0,80,0.425,160.8778058214976
850,1044.0,106,0.6637441148514991,29.44383121658801
851,918.0,93,0.85,50.19245397306817
852,767.0,78,0.12572290960680158,1.087250068979267
853,619.0,63,0.10965856099730653,28.820049757296523
854,584.0,60,0.23879907872519107,58.895411998901096
855,961.0,98,0.743236167042482,458.30060797426944
856,712.0,73,0.2514458192136032,207.52350764862678
857,974.0,99,0.8820749684692339,335.4409305049599
858,1017.0,103,0.7238957107208192,339.42872032977436
859,1011.0,103,0.7676099269811458,186.07525634085442
860,505.0,52,0.05482928049865324,6.594626205134417
861,713.0,73,0.08835298523536153,25.651318212223476
862,301.0,32,0.75,194.42562368772138
863,128.0,14,0.22499999999999998,58.93221080259043
864,824.0,84,0.744043009509531,475.33268982665476
865,934.0,95,0.8848869984353934,485.1089780362619
866,777.0,79,0.7225346012475803,135.69794202605127
867,568.0,58,0.15524174696260024,51.46985617782246
868,941.0,96,0.8057449968817678,181.26128290733962
869,935.0,95,0.7133065610240802,142.80151751216212
870,842.0,86,0.17670597047072295,26.765920254794434
871,746.0,76,0.7133065610240804,66.06616465916332
872,668.0,68,0.1767059704707229,155.9213153853883
873,1016.0,103,0.957734958117328,82.87159017511337
874,600.0,61,0.1380443769227852,8.186955320742413
875,1120.0,113,0.9178779875342911,30.78490586285061
876,1003.0,102,0.7281182939605351,92.79588217446079
877,600.0,61,0.23879907872519107,81.03716352316631
878,600.0,61,0.08835298523536152,34.959265757824895
879,1112.0,113,0.8754463147446564,131.66977046219537
880,1016.0,103,0.7823681997627459,89.34247253193713
881,738.0,75,0.219317121994613,87.0961648118713
882,801.0,82,0.20000000000000007,17.128567440751002
883,906.0,92,0.618465843842649,415.9285073172473
884,802.0,82,0.3592005011132362,315.213331923057
885,878.0,89,0.5621888028056055,245.00349324811754
886,804.0,82,0.7225346012475803,216.48916758823165
887,794.0,81,0.6902218846139262,140.55954302278175
888,1026.0,104,0.8520710064308021,140.91019132854407
889,796.0,81,0.12000000000000005,29.07079197649534
890,661.0,68,0.08835298523536146,27.950498793332596
891,665.0,68,0.24648782931414687,63.79647668861332
892,19.0,3,0.07500000000000001,20.516226984717168
893,691.0,71,0.16433578429544796,139.88955880218228
894,616.0,63,0.1644878414959598,84.08006781989808
895,645.0,66,0.22261233119483742,62.47447362089295
896,1027.0,104,0.8590838143045182,471.29501101586965
897,1009.0,102,0.7730823048033113,382.7598181616816
898,367.0,38,0.08499999999999996,57.22007726477332
899,702.0,72,0.16433578429544796,143.0461967138913
900,425.0,44,0.30265491900843117,126.79503154561141
901,1027.0,104,0.8154140052758475,197.8609760939292
902,998.0,101,0.649812472948927,255.59457655051526
903,824.0,84,0.24291202111052473,185.38200834926798
904,919.0,93,0.5482928049865327,12.1348211565387
905,1010.0,102,0.7424663292028805,78.85379674700263
906,662.0,68,0.22261233119483748,144.28231949863047
907,989.0,100,0.87705473033329,91.06220875773313
908,1046.0,106,0.84,348.00832655494344
909,1060.0,107,0.9000868013697346,474.1259386095171
910,1060.0,107,0.6035105632878351,195.13476266963667
911,0.0,1,0.03750000000000003,10.10321434528595
912,1028.0,104,0.6892432444355187,68.33173553428433
913,903.0,92,0.33919942511743745,23.78776291973228
914,672.0,69,0.23879907872519107,48.80717420998913
915,611.0,63,0.23879907872519104,69.42250397094139
916,936.0,95,0.5545324607270524,308.5608119666765
917,549.0,56,0.13804437692278523,108.34984493440098
918,568.0,58,0.22261233119483742,164.1604107558566
919,405.0,42,0.22852789764052878,93.30808401214037
920,817.0,83,0.16000000000000003,98.58645555849017
921,531.0,55,0.19171919570037835,31.69257635383947
922,958.0,97,0.7113543420827626,136.83100911961003
923,837.0,85,0.3592005011132362,22.863215420792535
924,944.0,96,0.7500000000000001,457.3933107838125
925,608.0,62,0.1644878414959598,148.15617998707555
926,1016.0,103,0.741771528167535,304.888915060106
927,1034.0,105,0.8832326986700617,442.223675083864
928,1060.0,107,0.8544003745317532,391.69022615680535
929,1069.0,108,0.7289075730159482,264.772673060332
930,952.0,97,0.7211102550927979,373.03380783254806
931,917.0,93,0.7650000000000001,358.4165866875303
932,959.0,97,0.28,165.84708993078695
933,827.0,84,0.6462197768561405,29.28772620374571
934,1028.0,104,0.8590838143045184,42.65048115604155
935,782.0,80,0.2294694968835728,15.49297815331555
936,1019.0,103,0.9436928790660657,37.50897709772397
937,1028.0,104,0.8590838143045183,5.446288546481883
938,1089.0,110,0.78,97.77525318728368
939,837.0,85,0.21360009363293833,161.23114511417015
940,851.0,87,0.7810609771330277,118.9384561670744
941,783.0,80,0.8125,184.91643786270046
942,1068.0,108,0.8807986432777926,346.09791174786085
943,1079.0,109,1.109064921454105,140.59146720432426
944,738.0,75,0.19559204994068652,66.90141701142456
945,10.0,2,0.07500000000000001,20.497798804839093
946,842.0,86,0.6324555320336759,151.38640293306682
947,850.0,86,0.7655431078652591,196.55918480399205
948,1035.0,105,0.7354590403278758,318.27624779513246
949,465.0,48,0.9008884503644166,218.46628913540982
950,548.0,56,0.3834383914007567,31.149305887960033
951,1039.0,105,0.7951768671182532,132.15147215583713
952,599.0,61,0.7169771614214778,215.0841736791476
953,1038.0,105,0.9971083190907596,400.6499699412937
954,525.0,54,0.0883529852353615,53.950526534628985
955,0.0,1,0.03749999999999999,9.928790840149082
956,974.0,99,0.912633551870629,309.07045541339977
957,790.0,80,0.2034852574512464,20.433753258059227
958,680.0,69,0.6855836929215864,184.85551255940555
959,685.0,70,0.6855836929215864,184.85551255940555
960,863.0,88,0.7668767828015136,229.69976937854835
961,0.0,1,0.03749999999999999,9.529937511018389
962,958.0,97,0.7683749084919419,149.33690549556357
963,1084.0,110,0.92,325.39157171545133
964,649.0,66,0.3010398644698074,247.21247318523126
965,950.0,96,0.7650000000000001,4.509089242436832
966,877.0,89,0.6471524163595466,124.50639514700386
967,7.0,2,0.07499999999999996,21.55805880123299
968,782.0,80,0.21360009363293822,48.25279585373516
969,999.0,101,0.935,372.8164567113721
970,932.0,95,0.3221897732703508,139.81767581899823
971,842.0,86,0.17670597047072295,26.69574213963172
972,754.0,77,0.22261233119483745,88.04086334575476
973,874.0,89,0.5762811813689565,83.01518652821889
974,1039.0,105,1.0129443469411339,21.623657890284314
975,1064.0,108,0.9083088681720553,271.23082697355045
976,38.0,5,0.07499999999999996,21.803753385393094
977,653.0,67,0.3735053547139585,251.53689266785636
978,1003.0,102,0.610455772353739,238.39336406511148
979,738.0,75,0.2464878293141469,20.780102145761308
980,461.0,48,0.08499999999999992,32.84161551365949
981,1124.0,114,1.0129443469411339,292.1222101958866
982,518.0,53,0.3468519136461553,24.211931689848434
983,642.0,66,0.1415097169808491,116.20888584747779
984,1003.0,102,0.6408002808988148,21.7689413849681
985,1083.0,110,0.9029154168580797,79.33488853542369
986,999.0,101,0.9031195934094222,62.31888445640608
987,995.0,101,0.782368199762746,163.38531748215655
988,1028.0,104,0.6841235268575406,260.390154615789
989,1024.0,104,0.6783988502348748,306.95445222892755
990,1050.0,106,0.76,216.07736848584443
991,461.0,48,0.30265491900843106,75.82117105848964
992,1112.0,113,0.7417715281675349,175.96391821027038
993,555.0,57,0.12572290960680163,109.9265480907057
994,631.0,65,0.19209372712298547,139.74902238109306
995,881.0,90,0.24999999999999994,140.1109172459189
996,694.0,71,0.14150971698084905,40.16886009644331
997,935.0,95,0.6091182151274086,146.70476471838745
998,538.0,55,0.7915530620242713,301.8612448037499
999,1060.0,107,1.0,477.6403523729098
