test_batch,output,strategy,learned_kernel
36,Cb,full,"1.8**2 * RBF(length_scale=[0.792, 1.85, 20, 5.11, 20, 6.46]) + WhiteKernel(noise_level=4.41e-05)"
36,T,full,"3.04**2 * RBF(length_scale=[0.487, 2.87, 12.9, 3.4, 20, 11.7]) + WhiteKernel(noise_level=3.17e-06)"
36,Cb,without_delta_frac_A,"1.8**2 * RBF(length_scale=[0.792, 1.85, 20, 5.11, 20, 6.46]) + WhiteKernel(noise_level=4.41e-05)"
36,T,without_delta_frac_A,"3.04**2 * RBF(length_scale=[0.487, 2.87, 12.9, 3.4, 20, 11.7]) + WhiteKernel(noise_level=3.17e-06)"
36,Cb,without_delta_Tc,"1.76**2 * RBF(length_scale=[0.975, 1.91, 20, 3.76, 20, 7.14]) + WhiteKernel(noise_level=2.93e-05)"
36,T,without_delta_Tc,"3.88**2 * RBF(length_scale=[0.495, 3.08, 13.3, 5.01, 20, 18.8]) + WhiteKernel(noise_level=1.12e-06)"
36,Cb,initial_only,"2.02**2 * RBF(length_scale=[0.752, 1.99, 20, 4.42, 20, 7.17]) + WhiteKernel(noise_level=7.05e-05)"
36,T,initial_only,"2.61**2 * RBF(length_scale=[0.48, 2.78, 8.72, 3.54, 20, 10.2]) + WhiteKernel(noise_level=1.62e-05)"
36,Cb,disturbance_only,"1.83**2 * RBF(length_scale=[0.823, 1.89, 20, 4.3, 20, 6.7]) + WhiteKernel(noise_level=4.11e-05)"
36,T,disturbance_only,"3.04**2 * RBF(length_scale=[0.488, 3.17, 13.2, 3.38, 20, 11.9]) + WhiteKernel(noise_level=2.07e-06)"
65,Cb,full,"1.99**2 * RBF(length_scale=[0.903, 1.8, 20, 4.3, 20, 8.36]) + WhiteKernel(noise_level=2.86e-05)"
65,T,full,"2.32**2 * RBF(length_scale=[0.506, 2.92, 11.1, 4.57, 20, 18.9]) + WhiteKernel(noise_level=2.5e-06)"
65,Cb,without_delta_frac_A,"2.1**2 * RBF(length_scale=[0.803, 1.96, 20, 4.03, 20, 9.22]) + WhiteKernel(noise_level=7.69e-05)"
65,T,without_delta_frac_A,"1.88**2 * RBF(length_scale=[0.479, 2.74, 11.2, 3.06, 20, 9.96]) + WhiteKernel(noise_level=8.55e-06)"
65,Cb,without_delta_Tc,"2.2**2 * RBF(length_scale=[1.25, 2.1, 20, 6.35, 20, 7.62]) + WhiteKernel(noise_level=2.47e-05)"
65,T,without_delta_Tc,"3.09**2 * RBF(length_scale=[0.512, 3.1, 9.61, 8.44, 20, 18.4]) + WhiteKernel(noise_level=1.22e-06)"
65,Cb,initial_only,"1.9**2 * RBF(length_scale=[0.845, 1.78, 20, 3.59, 20, 7.65]) + WhiteKernel(noise_level=3.04e-05)"
65,T,initial_only,"2.44**2 * RBF(length_scale=[0.477, 2.69, 11.3, 3.53, 20, 19.6]) + WhiteKernel(noise_level=9.94e-07)"
65,Cb,disturbance_only,"2.14**2 * RBF(length_scale=[1.31, 1.93, 20, 5.98, 20, 7.46]) + WhiteKernel(noise_level=2.23e-05)"
65,T,disturbance_only,"2.69**2 * RBF(length_scale=[0.516, 3.01, 13.3, 8.34, 20, 13.6]) + WhiteKernel(noise_level=9.35e-07)"
165,Cb,full,"1.31**2 * RBF(length_scale=[0.448, 2.59, 20, 6.36, 20, 7.09]) + WhiteKernel(noise_level=7.32e-07)"
165,T,full,"2.34**2 * RBF(length_scale=[0.401, 3.64, 19.5, 8.48, 20, 8.76]) + WhiteKernel(noise_level=5.82e-06)"
165,Cb,without_delta_frac_A,"1.45**2 * RBF(length_scale=[0.477, 1.73, 20, 4.49, 20, 7.15]) + WhiteKernel(noise_level=1.66e-06)"
165,T,without_delta_frac_A,"2.14**2 * RBF(length_scale=[0.436, 2.46, 17.4, 5.65, 20, 8.69]) + WhiteKernel(noise_level=8.9e-06)"
165,Cb,without_delta_Tc,"1.43**2 * RBF(length_scale=[0.442, 2.93, 20, 7.48, 20, 8.3]) + WhiteKernel(noise_level=5.63e-07)"
165,T,without_delta_Tc,"2.91**2 * RBF(length_scale=[0.392, 4.12, 20, 8.78, 20, 15.3]) + WhiteKernel(noise_level=3.77e-06)"
165,Cb,initial_only,"2.09**2 * RBF(length_scale=[0.545, 1.71, 20, 7.64, 20, 9.93]) + WhiteKernel(noise_level=5.46e-06)"
165,T,initial_only,"2.87**2 * RBF(length_scale=[0.469, 2.48, 15.1, 5.9, 20, 20]) + WhiteKernel(noise_level=4.23e-06)"
165,Cb,disturbance_only,"1.31**2 * RBF(length_scale=[0.442, 2.88, 20, 6.8, 20, 7.22]) + WhiteKernel(noise_level=5.62e-07)"
165,T,disturbance_only,"2.14**2 * RBF(length_scale=[0.394, 3.77, 19.3, 8, 20, 8.04]) + WhiteKernel(noise_level=4.74e-06)"
174,Cb,full,"1.22**2 * RBF(length_scale=[0.513, 1.64, 20, 4.24, 20, 5.53]) + WhiteKernel(noise_level=3.98e-07)"
174,T,full,"1.9**2 * RBF(length_scale=[0.461, 2.25, 10.7, 6.55, 20, 6.91]) + WhiteKernel(noise_level=1.67e-06)"
174,Cb,without_delta_frac_A,"1.35**2 * RBF(length_scale=[0.466, 1.89, 20, 4.37, 20, 6.57]) + WhiteKernel(noise_level=1.27e-06)"
174,T,without_delta_frac_A,"1.94**2 * RBF(length_scale=[0.423, 2.63, 20, 5.13, 20, 7.84]) + WhiteKernel(noise_level=8.03e-06)"
174,Cb,without_delta_Tc,"1.91**2 * RBF(length_scale=[0.602, 2.3, 20, 8.05, 20, 10.3]) + WhiteKernel(noise_level=2.23e-06)"
174,T,without_delta_Tc,"4.22**2 * RBF(length_scale=[0.527, 3.55, 19.7, 9.71, 20, 20]) + WhiteKernel(noise_level=2.65e-06)"
174,Cb,initial_only,"1.86**2 * RBF(length_scale=[0.525, 1.5, 20, 10.5, 20, 9.91]) + WhiteKernel(noise_level=3.68e-06)"
174,T,initial_only,"2.61**2 * RBF(length_scale=[0.467, 2.17, 13.8, 6.9, 20, 20]) + WhiteKernel(noise_level=8.03e-06)"
174,Cb,disturbance_only,"1.48**2 * RBF(length_scale=[0.521, 1.9, 20, 5.36, 20, 6.78]) + WhiteKernel(noise_level=7.93e-07)"
174,T,disturbance_only,"2.05**2 * RBF(length_scale=[0.454, 2.53, 10.7, 6.78, 20, 6.59]) + WhiteKernel(noise_level=2.34e-06)"
204,Cb,full,"1.37**2 * RBF(length_scale=[0.444, 2.93, 20, 6.97, 20, 7.9]) + WhiteKernel(noise_level=5.95e-07)"
204,T,full,"2.41**2 * RBF(length_scale=[0.381, 4.13, 20, 8.83, 20, 11.2]) + WhiteKernel(noise_level=3.5e-06)"
204,Cb,without_delta_frac_A,"1.52**2 * RBF(length_scale=[0.511, 1.49, 20, 6.83, 20, 10.5]) + WhiteKernel(noise_level=2.56e-06)"
204,T,without_delta_frac_A,"2.01**2 * RBF(length_scale=[0.44, 2.03, 15.3, 6.31, 20, 15.3]) + WhiteKernel(noise_level=3.73e-06)"
204,Cb,without_delta_Tc,"1.35**2 * RBF(length_scale=[0.434, 3.19, 20, 7.88, 20, 8.48]) + WhiteKernel(noise_level=4.51e-07)"
204,T,without_delta_Tc,"2.82**2 * RBF(length_scale=[0.378, 4.73, 20, 9.77, 20, 16]) + WhiteKernel(noise_level=2.95e-06)"
204,Cb,initial_only,"1.96**2 * RBF(length_scale=[0.524, 1.6, 20, 7.54, 20, 13.7]) + WhiteKernel(noise_level=3.81e-06)"
204,T,initial_only,"2.6**2 * RBF(length_scale=[0.469, 2.2, 14.8, 5.86, 20, 20]) + WhiteKernel(noise_level=6.83e-06)"
204,Cb,disturbance_only,"1.24**2 * RBF(length_scale=[0.433, 3.14, 20, 7.38, 20, 7.98]) + WhiteKernel(noise_level=3.51e-07)"
204,T,disturbance_only,"2.23**2 * RBF(length_scale=[0.353, 4.23, 20, 8.55, 20, 13.6]) + WhiteKernel(noise_level=1.44e-06)"
207,Cb,full,"2.58**2 * RBF(length_scale=[1.28, 3.47, 20, 13.5, 20, 10.9]) + WhiteKernel(noise_level=2.04e-05)"
207,T,full,"2.64**2 * RBF(length_scale=[0.464, 5.31, 17.9, 10.1, 20, 20]) + WhiteKernel(noise_level=1e-08)"
207,Cb,without_delta_frac_A,"1.6**2 * RBF(length_scale=[0.51, 1.9, 20, 3.23, 20, 9.1]) + WhiteKernel(noise_level=9.21e-08)"
207,T,without_delta_frac_A,"1.77**2 * RBF(length_scale=[0.437, 2.35, 19.7, 3.62, 20, 20]) + WhiteKernel(noise_level=1.51e-08)"
207,Cb,without_delta_Tc,"2.99**2 * RBF(length_scale=[1.25, 5.34, 20, 20, 20, 12.8]) + WhiteKernel(noise_level=2.55e-05)"
207,T,without_delta_Tc,"3.41**2 * RBF(length_scale=[0.468, 8.58, 20, 20, 20, 20]) + WhiteKernel(noise_level=1e-08)"
207,Cb,initial_only,"2.99**2 * RBF(length_scale=[1.25, 1.87, 20, 6.5, 20, 12.5]) + WhiteKernel(noise_level=2.99e-05)"
207,T,initial_only,"2.04**2 * RBF(length_scale=[0.475, 2.45, 16.5, 5.38, 20, 20]) + WhiteKernel(noise_level=1e-08)"
207,Cb,disturbance_only,"2.54**2 * RBF(length_scale=[1.27, 3.74, 20, 12.3, 20, 11.1]) + WhiteKernel(noise_level=1.9e-05)"
207,T,disturbance_only,"2.95**2 * RBF(length_scale=[0.462, 6.16, 20, 10, 20, 20]) + WhiteKernel(noise_level=1e-08)"
229,Cb,full,"1.98**2 * RBF(length_scale=[1.31, 1.92, 20, 3.59, 20, 8.56]) + WhiteKernel(noise_level=2.21e-05)"
229,T,full,"3.05**2 * RBF(length_scale=[0.557, 2.52, 18.2, 6.39, 20, 20]) + WhiteKernel(noise_level=1.67e-05)"
229,Cb,without_delta_frac_A,"2.39**2 * RBF(length_scale=[1.25, 2.17, 20, 3.25, 20, 10.1]) + WhiteKernel(noise_level=3.11e-05)"
229,T,without_delta_frac_A,"2.77**2 * RBF(length_scale=[0.57, 2.23, 19.7, 4.79, 20, 20]) + WhiteKernel(noise_level=1.94e-05)"
229,Cb,without_delta_Tc,"3.12**2 * RBF(length_scale=[1.31, 2.36, 20, 12.9, 20, 11.6]) + WhiteKernel(noise_level=2.92e-05)"
229,T,without_delta_Tc,"3.72**2 * RBF(length_scale=[0.487, 3.32, 13.8, 12, 20, 20]) + WhiteKernel(noise_level=7.46e-08)"
229,Cb,initial_only,"2.69**2 * RBF(length_scale=[1.25, 1.83, 20, 5.29, 20, 11.9]) + WhiteKernel(noise_level=2.72e-05)"
229,T,initial_only,"3.51**2 * RBF(length_scale=[0.532, 2.54, 12.4, 8.66, 20, 20]) + WhiteKernel(noise_level=1.89e-05)"
229,Cb,disturbance_only,"2.24**2 * RBF(length_scale=[1.43, 1.97, 20, 15, 20, 7.84]) + WhiteKernel(noise_level=2.39e-05)"
229,T,disturbance_only,"2.04**2 * RBF(length_scale=[0.522, 2.95, 14, 6.32, 20, 15.9]) + WhiteKernel(noise_level=3.97e-08)"
232,Cb,full,"1.59**2 * RBF(length_scale=[0.818, 2.14, 20, 9.55, 20, 7.94]) + WhiteKernel(noise_level=1.08e-05)"
232,T,full,"2.6**2 * RBF(length_scale=[0.527, 2.72, 14.7, 5.76, 20, 8.04]) + WhiteKernel(noise_level=9.76e-06)"
232,Cb,without_delta_frac_A,"1.66**2 * RBF(length_scale=[0.921, 1.89, 20, 4.09, 20, 8.53]) + WhiteKernel(noise_level=2.29e-05)"
232,T,without_delta_frac_A,"1.85**2 * RBF(length_scale=[0.487, 2.41, 15.5, 4.06, 20, 8.36]) + WhiteKernel(noise_level=2.22e-06)"
232,Cb,without_delta_Tc,"2.14**2 * RBF(length_scale=[0.573, 2.26, 20, 8.3, 20, 16]) + WhiteKernel(noise_level=3.37e-07)"
232,T,without_delta_Tc,"3.7**2 * RBF(length_scale=[0.512, 3.02, 13.2, 6.8, 20, 17.3]) + WhiteKernel(noise_level=6.49e-07)"
232,Cb,initial_only,"2.12**2 * RBF(length_scale=[0.527, 2.02, 20, 4.1, 20, 17.9]) + WhiteKernel(noise_level=1.12e-07)"
232,T,initial_only,"2.48**2 * RBF(length_scale=[0.474, 2.45, 11.6, 3.66, 20, 20]) + WhiteKernel(noise_level=1.18e-07)"
232,Cb,disturbance_only,"1.79**2 * RBF(length_scale=[1.12, 1.96, 20, 19.8, 20, 8.14]) + WhiteKernel(noise_level=2.05e-05)"
232,T,disturbance_only,"1.97**2 * RBF(length_scale=[0.538, 2.7, 11.2, 9.92, 20, 10.3]) + WhiteKernel(noise_level=2.46e-08)"
234,Cb,full,"1.52**2 * RBF(length_scale=[0.52, 1.74, 20, 4.23, 20, 8.02]) + WhiteKernel(noise_level=1.42e-06)"
234,T,full,"1.95**2 * RBF(length_scale=[0.454, 2.11, 16.6, 4.91, 20, 11.6]) + WhiteKernel(noise_level=1.76e-06)"
234,Cb,without_delta_frac_A,"1.71**2 * RBF(length_scale=[0.505, 1.91, 20, 4.31, 20, 7.96]) + WhiteKernel(noise_level=3.87e-06)"
234,T,without_delta_frac_A,"1.51**2 * RBF(length_scale=[0.439, 2.13, 20, 3.83, 20, 8.07]) + WhiteKernel(noise_level=5.25e-06)"
234,Cb,without_delta_Tc,"1.64**2 * RBF(length_scale=[0.541, 1.74, 20, 6.04, 20, 8.23]) + WhiteKernel(noise_level=1e-06)"
234,T,without_delta_Tc,"2.64**2 * RBF(length_scale=[0.487, 2.41, 11.7, 6.11, 20, 15.7]) + WhiteKernel(noise_level=3.3e-06)"
234,Cb,initial_only,"1.95**2 * RBF(length_scale=[0.536, 1.62, 20, 4.63, 20, 15.9]) + WhiteKernel(noise_level=1.6e-06)"
234,T,initial_only,"2.62**2 * RBF(length_scale=[0.471, 2.46, 13.9, 6.5, 20, 20]) + WhiteKernel(noise_level=1.41e-06)"
234,Cb,disturbance_only,"1.39**2 * RBF(length_scale=[0.519, 1.81, 20, 4.3, 20, 6.44]) + WhiteKernel(noise_level=1.24e-06)"
234,T,disturbance_only,"1.91**2 * RBF(length_scale=[0.461, 2.34, 15.1, 4.35, 20, 7.96]) + WhiteKernel(noise_level=2.87e-06)"
250,Cb,full,"3.17**2 * RBF(length_scale=[1.27, 3.39, 20, 20, 20, 12.8]) + WhiteKernel(noise_level=2.91e-05)"
250,T,full,"3.11**2 * RBF(length_scale=[0.48, 5.19, 20, 20, 20, 20]) + WhiteKernel(noise_level=1e-08)"
250,Cb,without_delta_frac_A,"2.52**2 * RBF(length_scale=[1.22, 1.92, 20, 2.75, 20, 10.2]) + WhiteKernel(noise_level=3.36e-05)"
250,T,without_delta_frac_A,"2.2**2 * RBF(length_scale=[0.534, 2.41, 20, 6, 20, 20]) + WhiteKernel(noise_level=1.46e-06)"
250,Cb,without_delta_Tc,"3.14**2 * RBF(length_scale=[1.29, 6.06, 20, 20, 20, 13.5]) + WhiteKernel(noise_level=2.67e-05)"
250,T,without_delta_Tc,"2.96**2 * RBF(length_scale=[0.473, 9.59, 20, 20, 20, 20]) + WhiteKernel(noise_level=1e-08)"
250,Cb,initial_only,"3.12**2 * RBF(length_scale=[1.21, 1.9, 20, 3.74, 20, 14.4]) + WhiteKernel(noise_level=3.17e-05)"
250,T,initial_only,"1.88**2 * RBF(length_scale=[0.48, 2.76, 14.1, 3.23, 20, 20]) + WhiteKernel(noise_level=1e-08)"
250,Cb,disturbance_only,"2.95**2 * RBF(length_scale=[1.28, 4.74, 20, 20, 20, 11.8]) + WhiteKernel(noise_level=2.35e-05)"
250,T,disturbance_only,"3.87**2 * RBF(length_scale=[0.462, 8.02, 20, 20, 20, 16]) + WhiteKernel(noise_level=1e-08)"
257,Cb,full,"1.61**2 * RBF(length_scale=[1.02, 3.43, 20, 7.71, 20, 4.96]) + WhiteKernel(noise_level=1.34e-05)"
257,T,full,"3.73**2 * RBF(length_scale=[0.711, 4.74, 16.1, 6.37, 20, 15.8]) + WhiteKernel(noise_level=5.38e-05)"
257,Cb,without_delta_frac_A,"1.84**2 * RBF(length_scale=[1.12, 1.75, 20, 2.63, 20, 6.82]) + WhiteKernel(noise_level=1.85e-05)"
257,T,without_delta_frac_A,"2.04**2 * RBF(length_scale=[0.517, 2.5, 20, 4.19, 20, 20]) + WhiteKernel(noise_level=1.24e-06)"
257,Cb,without_delta_Tc,"1.43**2 * RBF(length_scale=[0.599, 3.39, 20, 6.07, 20, 5.11]) + WhiteKernel(noise_level=1.79e-06)"
257,T,without_delta_Tc,"3.17**2 * RBF(length_scale=[0.505, 5.06, 10.1, 5.85, 12.9, 20]) + WhiteKernel(noise_level=1.69e-05)"
257,Cb,initial_only,"2.81**2 * RBF(length_scale=[1.01, 2.07, 20, 3.59, 20, 13.3]) + WhiteKernel(noise_level=1.93e-05)"
257,T,initial_only,"1.73**2 * RBF(length_scale=[0.464, 2.69, 13, 4.53, 20, 20]) + WhiteKernel(noise_level=1e-08)"
257,Cb,disturbance_only,"1.93**2 * RBF(length_scale=[1.22, 1.96, 20, 16.1, 20, 8.7]) + WhiteKernel(noise_level=1.76e-05)"
257,T,disturbance_only,"2.22**2 * RBF(length_scale=[0.593, 3.68, 18.7, 5.68, 20, 7.16]) + WhiteKernel(noise_level=1.33e-06)"
314,Cb,full,"2.95**2 * RBF(length_scale=[1.33, 5.39, 20, 15.6, 20, 9.06]) + WhiteKernel(noise_level=4e-05)"
314,T,full,"2.2**2 * RBF(length_scale=[0.453, 6.35, 20, 8.43, 20, 20]) + WhiteKernel(noise_level=1e-08)"
314,Cb,without_delta_frac_A,"2.1**2 * RBF(length_scale=[0.52, 2.15, 20, 3.94, 20, 11.8]) + WhiteKernel(noise_level=1.95e-07)"
314,T,without_delta_frac_A,"2.18**2 * RBF(length_scale=[0.449, 2.57, 20, 4.33, 19.3, 20]) + WhiteKernel(noise_level=1.14e-07)"
314,Cb,without_delta_Tc,"4.33**2 * RBF(length_scale=[1.37, 4.69, 20, 20, 20, 13.1]) + WhiteKernel(noise_level=3.81e-05)"
314,T,without_delta_Tc,"3.8**2 * RBF(length_scale=[0.471, 6.47, 15.6, 16, 20, 20]) + WhiteKernel(noise_level=3.13e-08)"
314,Cb,initial_only,"2.35**2 * RBF(length_scale=[0.632, 1.72, 20, 5.31, 20, 13.1]) + WhiteKernel(noise_level=5.15e-06)"
314,T,initial_only,"2.96**2 * RBF(length_scale=[0.476, 2.77, 10.1, 4.47, 20, 20]) + WhiteKernel(noise_level=4.4e-07)"
314,Cb,disturbance_only,"2.84**2 * RBF(length_scale=[1.33, 5.45, 20, 20, 20, 8.22]) + WhiteKernel(noise_level=3.5e-05)"
314,T,disturbance_only,"2.5**2 * RBF(length_scale=[0.453, 6.82, 20, 10.1, 20, 20]) + WhiteKernel(noise_level=1e-08)"
332,Cb,full,"3.2**2 * RBF(length_scale=[1.33, 3.77, 20, 20, 20, 11.2]) + WhiteKernel(noise_level=3.45e-05)"
332,T,full,"3.88**2 * RBF(length_scale=[0.462, 6.2, 17, 10.5, 20, 20]) + WhiteKernel(noise_level=1e-08)"
332,Cb,without_delta_frac_A,"2.12**2 * RBF(length_scale=[1.13, 2.04, 20, 4.6, 20, 9.48]) + WhiteKernel(noise_level=2.96e-05)"
332,T,without_delta_frac_A,"2.5**2 * RBF(length_scale=[0.511, 2.59, 15, 4.01, 20, 20]) + WhiteKernel(noise_level=3.06e-06)"
332,Cb,without_delta_Tc,"3.25**2 * RBF(length_scale=[1.26, 5.49, 20, 20, 20, 12.1]) + WhiteKernel(noise_level=4.01e-05)"
332,T,without_delta_Tc,"3.6**2 * RBF(length_scale=[0.467, 8.05, 16.4, 20, 20, 20]) + WhiteKernel(noise_level=1e-08)"
332,Cb,initial_only,"2.51**2 * RBF(length_scale=[1.01, 1.96, 20, 4.19, 20, 14.6]) + WhiteKernel(noise_level=4.23e-05)"
332,T,initial_only,"2.86**2 * RBF(length_scale=[0.484, 2.94, 12.2, 3.85, 20, 20]) + WhiteKernel(noise_level=6.79e-08)"
332,Cb,disturbance_only,"2.79**2 * RBF(length_scale=[1.26, 5.63, 20, 20, 20, 10.1]) + WhiteKernel(noise_level=2.86e-05)"
332,T,disturbance_only,"4.24**2 * RBF(length_scale=[0.467, 9.56, 20, 19.9, 20, 20]) + WhiteKernel(noise_level=1e-08)"
401,Cb,full,"3.33**2 * RBF(length_scale=[1.27, 10.6, 20, 20, 20, 12.3]) + WhiteKernel(noise_level=3e-05)"
401,T,full,"2.98**2 * RBF(length_scale=[0.474, 16.2, 20, 20, 20, 20]) + WhiteKernel(noise_level=1e-08)"
401,Cb,without_delta_frac_A,"2.49**2 * RBF(length_scale=[1.21, 1.61, 20, 4.93, 20, 9.38]) + WhiteKernel(noise_level=3.6e-05)"
401,T,without_delta_frac_A,"1.9**2 * RBF(length_scale=[0.534, 1.81, 19.9, 4.58, 20, 20]) + WhiteKernel(noise_level=1.84e-06)"
401,Cb,without_delta_Tc,"3.87**2 * RBF(length_scale=[1.26, 10.7, 20, 20, 20, 14.6]) + WhiteKernel(noise_level=2.77e-05)"
401,T,without_delta_Tc,"2.89**2 * RBF(length_scale=[0.473, 16.2, 20, 20, 20, 20]) + WhiteKernel(noise_level=1e-08)"
401,Cb,initial_only,"3.19**2 * RBF(length_scale=[1.23, 1.74, 20, 5.23, 20, 15.2]) + WhiteKernel(noise_level=2.61e-05)"
401,T,initial_only,"2.25**2 * RBF(length_scale=[0.511, 2.45, 16.3, 6.38, 20, 20]) + WhiteKernel(noise_level=1.2e-06)"
401,Cb,disturbance_only,"3.17**2 * RBF(length_scale=[1.28, 11.3, 20, 20, 20, 10.3]) + WhiteKernel(noise_level=3.31e-05)"
401,T,disturbance_only,"3.27**2 * RBF(length_scale=[0.477, 18.4, 20, 20, 20, 19.2]) + WhiteKernel(noise_level=1e-08)"
424,Cb,full,"1.36**2 * RBF(length_scale=[0.553, 3.11, 20, 4.89, 20, 6.45]) + WhiteKernel(noise_level=1.28e-06)"
424,T,full,"3.33**2 * RBF(length_scale=[0.503, 5.06, 10, 4.68, 20, 16.1]) + WhiteKernel(noise_level=6.27e-06)"
424,Cb,without_delta_frac_A,"1.48**2 * RBF(length_scale=[0.514, 1.84, 20, 2.61, 20, 8.07]) + WhiteKernel(noise_level=3.51e-07)"
424,T,without_delta_frac_A,"1.74**2 * RBF(length_scale=[0.433, 2.42, 20, 3.17, 20, 20]) + WhiteKernel(noise_level=9.36e-08)"
424,Cb,without_delta_Tc,"1.68**2 * RBF(length_scale=[0.692, 5.33, 20, 14.6, 20, 8.62]) + WhiteKernel(noise_level=3.14e-06)"
424,T,without_delta_Tc,"3.54**2 * RBF(length_scale=[0.527, 7.65, 11.6, 8.89, 20, 20]) + WhiteKernel(noise_level=4.36e-06)"
424,Cb,initial_only,"2.72**2 * RBF(length_scale=[1.04, 1.94, 20, 4.3, 20, 14.1]) + WhiteKernel(noise_level=3.18e-05)"
424,T,initial_only,"2.4**2 * RBF(length_scale=[0.488, 2.84, 16, 4.68, 20, 20]) + WhiteKernel(noise_level=2.17e-07)"
424,Cb,disturbance_only,"1.42**2 * RBF(length_scale=[0.564, 1.8, 20, 7.61, 20, 6.38]) + WhiteKernel(noise_level=5.78e-07)"
424,T,disturbance_only,"2.05**2 * RBF(length_scale=[0.501, 2.28, 9.57, 4.52, 20, 9.57]) + WhiteKernel(noise_level=2.29e-06)"
496,Cb,full,"1.13**2 * RBF(length_scale=[0.601, 5.47, 20, 2.56, 20, 6.69]) + WhiteKernel(noise_level=4.51e-08)"
496,T,full,"2.46**2 * RBF(length_scale=[0.503, 2.75, 20, 7.44, 20, 8.99]) + WhiteKernel(noise_level=1.11e-08)"
496,Cb,without_delta_frac_A,"2.89**2 * RBF(length_scale=[1.25, 1.76, 20, 4.54, 20, 11.6]) + WhiteKernel(noise_level=4.21e-05)"
496,T,without_delta_frac_A,"1.9**2 * RBF(length_scale=[0.5, 2.27, 20, 5, 20, 20]) + WhiteKernel(noise_level=2.11e-08)"
496,Cb,without_delta_Tc,"2.03**2 * RBF(length_scale=[1.34, 4.43, 20, 10.1, 20, 9.84]) + WhiteKernel(noise_level=1.71e-05)"
496,T,without_delta_Tc,"4.08**2 * RBF(length_scale=[0.618, 6.16, 11.5, 16.2, 20, 20]) + WhiteKernel(noise_level=1.04e-05)"
496,Cb,initial_only,"3.33**2 * RBF(length_scale=[1.24, 1.86, 20, 7.16, 20, 15.8]) + WhiteKernel(noise_level=3.71e-05)"
496,T,initial_only,"2.42**2 * RBF(length_scale=[0.511, 2.46, 12.1, 13.9, 20, 20]) + WhiteKernel(noise_level=7.14e-07)"
496,Cb,disturbance_only,"1.94**2 * RBF(length_scale=[1.46, 2.26, 20, 20, 20, 6.99]) + WhiteKernel(noise_level=2.21e-05)"
496,T,disturbance_only,"1.83**2 * RBF(length_scale=[0.532, 3.12, 15.9, 15.6, 20, 13.6]) + WhiteKernel(noise_level=1e-08)"
569,Cb,full,"1.36**2 * RBF(length_scale=[0.398, 6.2, 20, 12, 20, 7.56]) + WhiteKernel(noise_level=3.53e-08)"
569,T,full,"2.66**2 * RBF(length_scale=[0.354, 8.98, 19.6, 14.8, 20, 15.1]) + WhiteKernel(noise_level=9.46e-07)"
569,Cb,without_delta_frac_A,"1.65**2 * RBF(length_scale=[0.523, 1.69, 20, 6.08, 20, 8.5]) + WhiteKernel(noise_level=1.42e-06)"
569,T,without_delta_frac_A,"1.79**2 * RBF(length_scale=[0.447, 2.23, 20, 5.68, 20, 18.6]) + WhiteKernel(noise_level=9.72e-07)"
569,Cb,without_delta_Tc,"1.78**2 * RBF(length_scale=[0.434, 5.14, 20, 18.2, 20, 12.1]) + WhiteKernel(noise_level=1.03e-07)"
569,T,without_delta_Tc,"2.31**2 * RBF(length_scale=[0.399, 7.1, 12, 16.8, 20, 20]) + WhiteKernel(noise_level=5.64e-07)"
569,Cb,initial_only,"1.66**2 * RBF(length_scale=[0.487, 1.82, 20, 7.12, 20, 11.2]) + WhiteKernel(noise_level=5.05e-07)"
569,T,initial_only,"2.02**2 * RBF(length_scale=[0.451, 2.38, 15.3, 5.77, 20, 20]) + WhiteKernel(noise_level=1.8e-06)"
569,Cb,disturbance_only,"1.32**2 * RBF(length_scale=[0.389, 5.36, 20, 12.3, 20, 8.57]) + WhiteKernel(noise_level=3.34e-08)"
569,T,disturbance_only,"2.45**2 * RBF(length_scale=[0.356, 7.78, 18.7, 15.3, 20, 13.9]) + WhiteKernel(noise_level=1e-06)"
653,Cb,full,"1.96**2 * RBF(length_scale=[1.1, 5.27, 20, 10.4, 20, 9.93]) + WhiteKernel(noise_level=1.36e-05)"
653,T,full,"4.32**2 * RBF(length_scale=[0.79, 6.1, 20, 7.82, 20, 20]) + WhiteKernel(noise_level=0.000125)"
653,Cb,without_delta_frac_A,"2.24**2 * RBF(length_scale=[1.21, 2.01, 20, 3.87, 20, 10.1]) + WhiteKernel(noise_level=3.04e-05)"
653,T,without_delta_frac_A,"1.42**2 * RBF(length_scale=[0.486, 2.5, 7.8, 4.13, 20, 20]) + WhiteKernel(noise_level=1e-08)"
653,Cb,without_delta_Tc,"2.29**2 * RBF(length_scale=[0.66, 6.7, 20, 6.96, 20, 10.2]) + WhiteKernel(noise_level=2.48e-06)"
653,T,without_delta_Tc,"3.11**2 * RBF(length_scale=[0.548, 7.57, 11.8, 8.46, 16.4, 20]) + WhiteKernel(noise_level=2.15e-05)"
653,Cb,initial_only,"2.98**2 * RBF(length_scale=[1.23, 1.73, 20, 5.89, 20, 15]) + WhiteKernel(noise_level=3.62e-05)"
653,T,initial_only,"1.65**2 * RBF(length_scale=[0.513, 2.65, 11.5, 4.23, 20, 20]) + WhiteKernel(noise_level=1.49e-07)"
653,Cb,disturbance_only,"1.4**2 * RBF(length_scale=[0.606, 1.99, 20, 18.5, 20, 6.57]) + WhiteKernel(noise_level=1.26e-07)"
653,T,disturbance_only,"1.75**2 * RBF(length_scale=[0.546, 2.78, 15.8, 11.6, 20, 7.34]) + WhiteKernel(noise_level=2.58e-08)"
748,Cb,full,"1.38**2 * RBF(length_scale=[0.601, 7.74, 20, 4.29, 20, 14.3]) + WhiteKernel(noise_level=1e-08)"
748,T,full,"4.37**2 * RBF(length_scale=[0.547, 10.9, 20, 16.1, 20, 20]) + WhiteKernel(noise_level=2.51e-06)"
748,Cb,without_delta_frac_A,"2.35**2 * RBF(length_scale=[1.22, 1.53, 20, 2.99, 20, 10.6]) + WhiteKernel(noise_level=3.61e-05)"
748,T,without_delta_frac_A,"1.88**2 * RBF(length_scale=[0.522, 2.01, 18.1, 5.11, 20, 20]) + WhiteKernel(noise_level=8.7e-07)"
748,Cb,without_delta_Tc,"1.62**2 * RBF(length_scale=[0.602, 10.9, 20, 4.11, 20, 13]) + WhiteKernel(noise_level=1e-08)"
748,T,without_delta_Tc,"4.51**2 * RBF(length_scale=[0.529, 11.5, 20, 17.8, 20, 20]) + WhiteKernel(noise_level=2.69e-06)"
748,Cb,initial_only,"2.65**2 * RBF(length_scale=[1.22, 1.59, 20, 4.59, 20, 16.5]) + WhiteKernel(noise_level=2.88e-05)"
748,T,initial_only,"2.22**2 * RBF(length_scale=[0.493, 2.24, 19.4, 8.16, 20, 20]) + WhiteKernel(noise_level=3.18e-07)"
748,Cb,disturbance_only,"1.99**2 * RBF(length_scale=[1.38, 2.34, 20, 20, 20, 7.34]) + WhiteKernel(noise_level=2.67e-05)"
748,T,disturbance_only,"2.42**2 * RBF(length_scale=[0.533, 3.62, 19.6, 17.1, 20, 17.6]) + WhiteKernel(noise_level=1e-08)"
788,Cb,full,"1.1**2 * RBF(length_scale=[0.443, 3.96, 20, 9.53, 20, 5.47]) + WhiteKernel(noise_level=1.42e-07)"
788,T,full,"1.46**2 * RBF(length_scale=[0.398, 4.02, 18, 9.2, 20, 11.4]) + WhiteKernel(noise_level=9.28e-07)"
788,Cb,without_delta_frac_A,"1.26**2 * RBF(length_scale=[0.478, 1.94, 20, 3.75, 20, 5.89]) + WhiteKernel(noise_level=3e-07)"
788,T,without_delta_frac_A,"1.46**2 * RBF(length_scale=[0.424, 2.38, 17.3, 4.88, 20, 9.25]) + WhiteKernel(noise_level=1.35e-06)"
788,Cb,without_delta_Tc,"1.41**2 * RBF(length_scale=[0.427, 3.85, 20, 11.6, 20, 7.82]) + WhiteKernel(noise_level=1.95e-07)"
788,T,without_delta_Tc,"2.17**2 * RBF(length_scale=[0.401, 4.24, 12.8, 11.5, 20, 16]) + WhiteKernel(noise_level=1.64e-06)"
788,Cb,initial_only,"1.79**2 * RBF(length_scale=[0.505, 1.6, 20, 5.29, 20, 15.9]) + WhiteKernel(noise_level=5.09e-07)"
788,T,initial_only,"1.73**2 * RBF(length_scale=[0.465, 2.27, 14.3, 4.25, 20, 20]) + WhiteKernel(noise_level=8.2e-07)"
788,Cb,disturbance_only,"1.13**2 * RBF(length_scale=[0.441, 4.24, 20, 10.6, 20, 5.24]) + WhiteKernel(noise_level=6.18e-08)"
788,T,disturbance_only,"1.32**2 * RBF(length_scale=[0.411, 4.43, 16.4, 9.51, 20, 8.64]) + WhiteKernel(noise_level=1.11e-06)"
803,Cb,full,"1.64**2 * RBF(length_scale=[0.593, 2.5, 20, 4.44, 20, 14.6]) + WhiteKernel(noise_level=1.12e-05)"
803,T,full,"1.99**2 * RBF(length_scale=[0.489, 3.03, 20, 7.33, 20, 16]) + WhiteKernel(noise_level=6.16e-06)"
803,Cb,without_delta_frac_A,"2.11**2 * RBF(length_scale=[0.589, 1.92, 20, 5.79, 20, 16.4]) + WhiteKernel(noise_level=6.04e-06)"
803,T,without_delta_frac_A,"1.06**2 * RBF(length_scale=[0.442, 1.95, 20, 4.88, 20, 20]) + WhiteKernel(noise_level=6.32e-08)"
803,Cb,without_delta_Tc,"2.62**2 * RBF(length_scale=[0.745, 3.72, 20, 16.2, 20, 16.1]) + WhiteKernel(noise_level=1.47e-05)"
803,T,without_delta_Tc,"2.6**2 * RBF(length_scale=[0.521, 4.44, 7.23, 11.2, 20, 20]) + WhiteKernel(noise_level=3.45e-06)"
803,Cb,initial_only,"1.51**2 * RBF(length_scale=[0.576, 1.32, 20, 3.06, 20, 13.4]) + WhiteKernel(noise_level=2.28e-06)"
803,T,initial_only,"1.59**2 * RBF(length_scale=[0.465, 2.39, 11.3, 5.67, 20, 20]) + WhiteKernel(noise_level=1.3e-07)"
803,Cb,disturbance_only,"2.19**2 * RBF(length_scale=[0.631, 2.93, 20, 5.43, 20, 10.4]) + WhiteKernel(noise_level=6.75e-06)"
803,T,disturbance_only,"2.07**2 * RBF(length_scale=[0.528, 3.96, 20, 6.76, 20, 9.5]) + WhiteKernel(noise_level=1.35e-06)"
815,Cb,full,"1.16**2 * RBF(length_scale=[0.401, 5.9, 20, 10.2, 20, 6.33]) + WhiteKernel(noise_level=3.52e-08)"
815,T,full,"2.03**2 * RBF(length_scale=[0.32, 6.71, 20, 10.3, 20, 14.5]) + WhiteKernel(noise_level=1.32e-07)"
815,Cb,without_delta_frac_A,"1.2**2 * RBF(length_scale=[0.519, 1.43, 20, 3.97, 20, 8.16]) + WhiteKernel(noise_level=1.04e-06)"
815,T,without_delta_frac_A,"1.44**2 * RBF(length_scale=[0.447, 2.04, 20, 5.58, 20, 15.1]) + WhiteKernel(noise_level=1.23e-06)"
815,Cb,without_delta_Tc,"1.42**2 * RBF(length_scale=[0.413, 5.2, 20, 17.6, 20, 10.8]) + WhiteKernel(noise_level=5.66e-08)"
815,T,without_delta_Tc,"2.5**2 * RBF(length_scale=[0.372, 7.43, 15.8, 20, 20, 20]) + WhiteKernel(noise_level=3.99e-07)"
815,Cb,initial_only,"1.78**2 * RBF(length_scale=[0.497, 1.49, 20, 6.12, 20, 13.1]) + WhiteKernel(noise_level=6.87e-07)"
815,T,initial_only,"2.06**2 * RBF(length_scale=[0.447, 2.18, 17.7, 6.87, 20, 20]) + WhiteKernel(noise_level=8.97e-07)"
815,Cb,disturbance_only,"1.03**2 * RBF(length_scale=[0.399, 5.02, 20, 11.3, 20, 5.97]) + WhiteKernel(noise_level=1e-08)"
815,T,disturbance_only,"1.72**2 * RBF(length_scale=[0.346, 6.69, 18.1, 12.9, 20, 9.19]) + WhiteKernel(noise_level=2.75e-07)"
830,Cb,full,"1.13**2 * RBF(length_scale=[0.417, 4.59, 20, 11.8, 20, 6.43]) + WhiteKernel(noise_level=1.08e-07)"
830,T,full,"1.47**2 * RBF(length_scale=[0.357, 5.17, 18.1, 10.3, 20, 16.4]) + WhiteKernel(noise_level=4.46e-07)"
830,Cb,without_delta_frac_A,"1.34**2 * RBF(length_scale=[0.491, 1.45, 20, 5.79, 20, 9.58]) + WhiteKernel(noise_level=5.34e-07)"
830,T,without_delta_frac_A,"1.36**2 * RBF(length_scale=[0.423, 2.05, 20, 7.08, 20, 15.3]) + WhiteKernel(noise_level=6.15e-07)"
830,Cb,without_delta_Tc,"1.54**2 * RBF(length_scale=[0.386, 4.59, 20, 12.5, 20, 11]) + WhiteKernel(noise_level=1.13e-07)"
830,T,without_delta_Tc,"2.15**2 * RBF(length_scale=[0.32, 5.96, 16.5, 12.7, 20, 20]) + WhiteKernel(noise_level=3.47e-07)"
830,Cb,initial_only,"1.14**2 * RBF(length_scale=[0.519, 1.27, 20, 2.18, 20, 13.6]) + WhiteKernel(noise_level=5.41e-08)"
830,T,initial_only,"1.28**2 * RBF(length_scale=[0.449, 2.06, 15.9, 16.8, 20, 20]) + WhiteKernel(noise_level=1e-08)"
830,Cb,disturbance_only,"1.04**2 * RBF(length_scale=[0.432, 5.2, 20, 11, 20, 4.51]) + WhiteKernel(noise_level=1.56e-07)"
830,T,disturbance_only,"1.51**2 * RBF(length_scale=[0.386, 5.38, 18.8, 9.55, 20, 14.5]) + WhiteKernel(noise_level=9.51e-07)"
857,Cb,full,"1.15**2 * RBF(length_scale=[0.451, 3.07, 20, 8.18, 20, 7.51]) + WhiteKernel(noise_level=8.05e-08)"
857,T,full,"1.53**2 * RBF(length_scale=[0.41, 3.74, 20, 7.58, 20, 11.2]) + WhiteKernel(noise_level=5.21e-07)"
857,Cb,without_delta_frac_A,"1.59**2 * RBF(length_scale=[0.506, 1.83, 20, 4.24, 20, 8.53]) + WhiteKernel(noise_level=2.89e-07)"
857,T,without_delta_frac_A,"1.24**2 * RBF(length_scale=[0.45, 2.14, 20, 4.01, 20, 10.2]) + WhiteKernel(noise_level=2.81e-07)"
857,Cb,without_delta_Tc,"1.24**2 * RBF(length_scale=[0.443, 2.96, 20, 8.64, 20, 7.31]) + WhiteKernel(noise_level=1.1e-07)"
857,T,without_delta_Tc,"1.86**2 * RBF(length_scale=[0.417, 3.49, 15.6, 7.03, 20, 13.3]) + WhiteKernel(noise_level=8.98e-07)"
857,Cb,initial_only,"2.11**2 * RBF(length_scale=[0.561, 2.01, 20, 6.47, 20, 12]) + WhiteKernel(noise_level=8.99e-07)"
857,T,initial_only,"2.39**2 * RBF(length_scale=[0.478, 2.72, 13.4, 9.53, 20, 20]) + WhiteKernel(noise_level=5.11e-08)"
857,Cb,disturbance_only,"1.13**2 * RBF(length_scale=[0.447, 3.72, 20, 8.78, 20, 6.76]) + WhiteKernel(noise_level=4.38e-08)"
857,T,disturbance_only,"1.38**2 * RBF(length_scale=[0.403, 3.98, 20, 8.85, 20, 9.65]) + WhiteKernel(noise_level=3.1e-07)"
881,Cb,full,"1.79**2 * RBF(length_scale=[1.29, 5.15, 20, 14.3, 20, 10.9]) + WhiteKernel(noise_level=2.05e-05)"
881,T,full,"3.85**2 * RBF(length_scale=[0.853, 5.4, 20, 10.7, 20, 15.9]) + WhiteKernel(noise_level=6.59e-05)"
881,Cb,without_delta_frac_A,"2.22**2 * RBF(length_scale=[1.33, 2.16, 20, 3.05, 20, 11.5]) + WhiteKernel(noise_level=3.46e-05)"
881,T,without_delta_frac_A,"3.03**2 * RBF(length_scale=[0.575, 2.2, 19.7, 5.24, 20, 20]) + WhiteKernel(noise_level=2.42e-05)"
881,Cb,without_delta_Tc,"1.42**2 * RBF(length_scale=[0.597, 3.87, 20, 4.12, 20, 19.6]) + WhiteKernel(noise_level=4.8e-08)"
881,T,without_delta_Tc,"4.28**2 * RBF(length_scale=[0.619, 7.09, 11.4, 20, 20, 20]) + WhiteKernel(noise_level=4.84e-05)"
881,Cb,initial_only,"2.52**2 * RBF(length_scale=[1.25, 1.95, 20, 3.69, 20, 19.8]) + WhiteKernel(noise_level=2.97e-05)"
881,T,initial_only,"3.8**2 * RBF(length_scale=[0.513, 2.51, 14.8, 9.21, 20, 20]) + WhiteKernel(noise_level=7.31e-06)"
881,Cb,disturbance_only,"1.85**2 * RBF(length_scale=[1.49, 2.26, 20, 20, 20, 6.87]) + WhiteKernel(noise_level=1.11e-05)"
881,T,disturbance_only,"1.56**2 * RBF(length_scale=[0.56, 2.87, 18.8, 14.5, 20, 10.9]) + WhiteKernel(noise_level=1e-08)"
883,Cb,full,"2.53**2 * RBF(length_scale=[1.28, 9.82, 20, 20, 20, 10.9]) + WhiteKernel(noise_level=4.93e-05)"
883,T,full,"1.97**2 * RBF(length_scale=[0.468, 13.8, 20, 20, 20, 20]) + WhiteKernel(noise_level=1e-08)"
883,Cb,without_delta_frac_A,"1.65**2 * RBF(length_scale=[1.06, 1.67, 20, 4.03, 20, 12]) + WhiteKernel(noise_level=3.16e-05)"
883,T,without_delta_frac_A,"1.14**2 * RBF(length_scale=[0.468, 2.23, 20, 3.4, 20, 20]) + WhiteKernel(noise_level=1e-08)"
883,Cb,without_delta_Tc,"2.18**2 * RBF(length_scale=[1.28, 7, 20, 20, 20, 13.2]) + WhiteKernel(noise_level=5.75e-05)"
883,T,without_delta_Tc,"2.51**2 * RBF(length_scale=[0.484, 13.1, 17.4, 20, 20, 20]) + WhiteKernel(noise_level=1e-08)"
883,Cb,initial_only,"1.41**2 * RBF(length_scale=[0.573, 1.3, 20, 4.33, 20, 14.5]) + WhiteKernel(noise_level=3.86e-07)"
883,T,initial_only,"1.68**2 * RBF(length_scale=[0.484, 2.46, 14.9, 3.38, 20, 20]) + WhiteKernel(noise_level=2.73e-08)"
883,Cb,disturbance_only,"2.61**2 * RBF(length_scale=[1.29, 7.92, 20, 20, 20, 9.9]) + WhiteKernel(noise_level=4.42e-05)"
883,T,disturbance_only,"2.55**2 * RBF(length_scale=[0.475, 13.4, 17.9, 20, 20, 20]) + WhiteKernel(noise_level=1e-08)"
907,Cb,full,"1.38**2 * RBF(length_scale=[0.449, 3.35, 20, 9.48, 20, 7.89]) + WhiteKernel(noise_level=4.68e-07)"
907,T,full,"1.75**2 * RBF(length_scale=[0.374, 3.34, 18.7, 7.9, 20, 11.3]) + WhiteKernel(noise_level=2.12e-06)"
907,Cb,without_delta_frac_A,"1.59**2 * RBF(length_scale=[0.49, 1.83, 20, 5.11, 20, 8.82]) + WhiteKernel(noise_level=6.15e-07)"
907,T,without_delta_frac_A,"1.25**2 * RBF(length_scale=[0.431, 2.07, 20, 4.15, 20, 11.9]) + WhiteKernel(noise_level=1.74e-06)"
907,Cb,without_delta_Tc,"1.22**2 * RBF(length_scale=[0.405, 3.58, 20, 11.9, 20, 9.89]) + WhiteKernel(noise_level=3.97e-08)"
907,T,without_delta_Tc,"2.57**2 * RBF(length_scale=[0.387, 4.88, 14.4, 11.3, 20, 20]) + WhiteKernel(noise_level=1.38e-06)"
907,Cb,initial_only,"1.73**2 * RBF(length_scale=[0.521, 1.47, 20, 6.53, 20, 17]) + WhiteKernel(noise_level=1e-06)"
907,T,initial_only,"2.27**2 * RBF(length_scale=[0.46, 1.95, 13.9, 4.78, 20, 20]) + WhiteKernel(noise_level=2e-06)"
907,Cb,disturbance_only,"1.05**2 * RBF(length_scale=[0.436, 3.32, 20, 8.17, 20, 5.33]) + WhiteKernel(noise_level=2.55e-07)"
907,T,disturbance_only,"1.45**2 * RBF(length_scale=[0.389, 3.34, 18.5, 6.1, 20, 7.11]) + WhiteKernel(noise_level=4.53e-06)"
974,Cb,full,"1.07**2 * RBF(length_scale=[0.418, 2.99, 20, 8.91, 20, 7.45]) + WhiteKernel(noise_level=3.21e-07)"
974,T,full,"1.59**2 * RBF(length_scale=[0.331, 3.43, 20, 7.75, 20, 14.6]) + WhiteKernel(noise_level=1.81e-06)"
974,Cb,without_delta_frac_A,"1.19**2 * RBF(length_scale=[0.471, 1.62, 20, 7.56, 20, 7.27]) + WhiteKernel(noise_level=9.1e-07)"
974,T,without_delta_frac_A,"1.21**2 * RBF(length_scale=[0.405, 1.95, 20, 6.48, 20, 10.1]) + WhiteKernel(noise_level=4.26e-06)"
974,Cb,without_delta_Tc,"1.18**2 * RBF(length_scale=[0.399, 4.27, 20, 19.5, 20, 8.71]) + WhiteKernel(noise_level=5.14e-08)"
974,T,without_delta_Tc,"2.18**2 * RBF(length_scale=[0.358, 5.19, 19.8, 17.4, 20, 20]) + WhiteKernel(noise_level=5.11e-07)"
974,Cb,initial_only,"1.6**2 * RBF(length_scale=[0.535, 1.16, 20, 12.2, 20, 15.6]) + WhiteKernel(noise_level=5.68e-06)"
974,T,initial_only,"2.08**2 * RBF(length_scale=[0.454, 1.77, 12.2, 8.92, 20, 20]) + WhiteKernel(noise_level=7.93e-07)"
974,Cb,disturbance_only,"1.05**2 * RBF(length_scale=[0.425, 3, 20, 8.34, 20, 5.65]) + WhiteKernel(noise_level=2.84e-07)"
974,T,disturbance_only,"1.66**2 * RBF(length_scale=[0.341, 3.57, 20, 8, 20, 12.8]) + WhiteKernel(noise_level=2.48e-06)"
992,Cb,full,"2.6**2 * RBF(length_scale=[1.25, 7.05, 20, 20, 20, 10.7]) + WhiteKernel(noise_level=3.38e-05)"
992,T,full,"1.57**2 * RBF(length_scale=[0.456, 8.71, 20, 20, 20, 20]) + WhiteKernel(noise_level=1e-08)"
992,Cb,without_delta_frac_A,"2.67**2 * RBF(length_scale=[1.26, 2.08, 20, 6.54, 20, 12.9]) + WhiteKernel(noise_level=2.76e-05)"
992,T,without_delta_frac_A,"1.27**2 * RBF(length_scale=[0.454, 1.82, 20, 8.38, 20, 20]) + WhiteKernel(noise_level=1e-08)"
992,Cb,without_delta_Tc,"3.55**2 * RBF(length_scale=[1.23, 7.81, 20, 20, 20, 18.3]) + WhiteKernel(noise_level=3.07e-05)"
992,T,without_delta_Tc,"3.09**2 * RBF(length_scale=[0.477, 12.4, 14.3, 20, 20, 20]) + WhiteKernel(noise_level=1e-08)"
992,Cb,initial_only,"2.69**2 * RBF(length_scale=[1.23, 1.76, 20, 4.09, 20, 17.2]) + WhiteKernel(noise_level=2.99e-05)"
992,T,initial_only,"2**2 * RBF(length_scale=[0.485, 2.45, 17.6, 6.11, 20, 20]) + WhiteKernel(noise_level=1e-08)"
992,Cb,disturbance_only,"2.31**2 * RBF(length_scale=[1.28, 6.7, 20, 20, 20, 8.39]) + WhiteKernel(noise_level=5.18e-05)"
992,T,disturbance_only,"1.72**2 * RBF(length_scale=[0.468, 9.64, 20, 20, 20, 20]) + WhiteKernel(noise_level=1e-08)"
