test_batch,strategy,history_batches,selection_time_ms
165,unrestricted,"75,99,23,136,134,40,48,122,117,87,150,106,13,84,52,30,68,143,59,111,70,159,142,79,104,119,155,126,94,145",0.4817000008188188
165,same_delta_frac_A,"75,99,23,136,134,40,48,122,117,87,150,106,13,84,52,30,68,143,59,111,70,159,142,79,104,119,155,126,94,145",0.6004000024404377
165,same_delta_Tc,"75,99,23,136,134,40,48,122,117,87,150,106,13,84,52,30,68,143,59,111,70,159,142,79,104,119,155,126,94,145",0.8578999986639246
165,same_both,"75,99,23,136,134,40,48,122,117,87,150,106,13,84,52,30,68,143,59,111,70,159,142,79,104,119,155,126,94,145",0.628800000413321
174,unrestricted,"126,70,171,37,145,84,143,34,131,68,52,136,11,16,111,87,94,30,13,169,142,43,117,122,116,149,27,106,104,54",0.637700009974651
174,same_delta_frac_A,"126,70,171,145,84,143,34,131,68,52,136,11,111,87,94,30,13,169,142,117,122,116,149,106,104,54,51,150,99,165",0.6317000079434365
174,same_delta_Tc,"126,70,171,37,145,84,143,34,131,68,52,136,11,16,111,87,94,30,13,169,142,43,117,122,116,149,27,106,104,54",0.6839000125182793
174,same_both,"126,70,171,145,84,143,34,131,68,52,136,11,111,87,94,30,13,169,142,117,122,116,149,106,104,54,51,150,99,165",0.8356000034837052
204,unrestricted,"48,99,40,134,150,122,117,165,159,75,106,13,59,136,155,79,23,87,179,119,30,52,104,171,142,194,73,200,143,109",0.6720999954268336
204,same_delta_frac_A,"48,99,40,134,150,122,117,165,159,75,106,13,59,136,155,79,23,87,179,119,30,52,104,171,142,194,73,200,143,109",0.9123000054387376
204,same_delta_Tc,"48,99,40,134,150,122,117,165,159,75,106,13,59,136,155,79,23,87,179,119,30,52,104,171,142,194,73,200,143,109",0.7609000022057444
204,same_both,"48,99,40,134,150,122,117,165,159,75,106,13,59,136,155,79,23,87,179,119,30,52,104,171,142,194,73,200,143,109",0.8416999917244539
207,unrestricted,"57,197,191,182,8,162,72,186,103,154,4,100,86,18,180,148,160,39,65,139,113,158,137,62,93,118,10,49,43,129",0.6992999988142401
207,same_delta_frac_A,"57,197,191,182,8,162,72,186,103,154,4,100,86,18,180,148,160,39,65,139,113,158,137,62,93,118,10,49,43,129",0.6229999999050051
207,same_delta_Tc,"57,197,191,182,8,162,72,186,103,154,4,100,86,18,180,148,160,39,65,139,113,62,43,89,1,124,130,41,91,156",0.6051000091247261
207,same_both,"57,197,191,182,8,162,72,186,103,154,4,100,86,18,180,148,160,39,65,139,113,62,43,1,124,130,41,91,156,27",0.6239000067580491
229,unrestricted,"217,195,107,31,210,118,185,41,24,137,156,157,166,97,167,76,152,124,172,77,205,95,14,160,212,180,100,158,25,177",0.4445999948075041
229,same_delta_frac_A,"217,195,107,31,210,118,185,41,24,137,156,157,97,152,124,172,205,160,212,180,100,158,105,78,80,190,153,214,32,53",0.6132999988039955
229,same_delta_Tc,"210,41,156,166,76,124,160,180,100,25,103,91,186,211,39,225,154,65,72,7,227,148,1,57,197,130,2,207,182,86",0.6207999977050349
229,same_both,"210,41,156,124,160,180,100,103,91,186,39,225,154,65,72,227,148,1,57,197,130,207,182,86,8,191,4,219,222,18",0.6106000073486939
232,unrestricted,"66,123,35,230,177,211,101,198,5,231,96,19,14,192,25,41,95,127,151,77,172,76,223,73,55,107,166,189,188,124",0.46400001156143844
232,same_delta_frac_A,"66,123,35,230,177,211,101,198,96,19,192,25,151,77,223,73,55,189,188,208,104,163,51,183,45,46,28,170,54,64",0.5784999957541004
232,same_delta_Tc,"211,101,231,25,41,76,73,55,166,124,104,156,51,183,210,170,54,64,59,29,52,13,119,213,219,171,30,50,133,229",0.5948000034550205
232,same_both,"211,101,25,73,55,104,51,183,170,54,64,59,52,13,119,213,171,30,50,106,131,150,2,143,149,216,194,159,215,155",0.7089999999152496
234,unrestricted,"145,94,176,34,16,84,70,62,111,131,200,37,143,174,126,43,179,68,216,113,136,30,171,52,11,18,65,27,139,13",0.4495000030146912
234,same_delta_frac_A,"145,94,176,34,84,70,111,131,200,143,174,126,179,68,216,136,30,171,52,11,13,142,87,64,169,165,75,99,117,23",0.524200004292652
234,same_delta_Tc,"145,94,176,34,16,84,70,62,111,131,200,37,143,174,126,43,179,68,216,113,136,30,171,52,11,18,65,27,139,13",0.5892000044696033
234,same_both,"145,94,176,34,84,70,111,131,200,143,174,126,179,68,216,136,30,171,52,11,13,142,87,64,169,165,75,99,117,23",0.6080000021029264
250,unrestricted,"10,243,39,158,227,148,248,98,49,214,160,115,103,137,32,86,180,118,129,212,154,93,186,221,100,182,80,72,168,185",0.4687999899033457
250,same_delta_frac_A,"10,243,39,158,227,148,248,98,49,214,160,115,103,137,32,86,180,118,129,212,154,93,186,221,100,182,80,72,168,185",0.606099987635389
250,same_delta_Tc,"10,243,158,98,49,214,115,137,32,118,129,212,221,80,168,185,78,15,92,201,152,190,205,132,153,105,74,53,135,120",0.5699000030290335
250,same_both,"10,243,158,98,49,214,115,137,32,118,129,212,221,80,168,185,78,15,92,201,152,190,205,132,153,105,74,53,135,120",0.6121000042185187
257,unrestricted,"226,189,188,206,3,153,61,2,242,90,64,29,190,92,151,91,236,147,110,130,14,7,28,205,225,123,211,81,157,221",0.46039999870117754
257,same_delta_frac_A,"189,188,3,61,2,242,64,151,236,110,28,123,211,247,96,177,51,25,241,237,170,246,230,83,46,232,66,109,30,33",0.6923000037204474
257,same_delta_Tc,"226,206,3,153,61,90,190,92,151,236,110,14,28,205,81,157,221,247,152,129,12,97,47,96,82,177,185,203,241,141",0.600500003201887
257,same_both,"3,61,151,236,110,28,247,96,177,241,246,230,46,66,33,77,161,6,35,223,220,254,0,56,128,45,19,85,224,175",0.592800002777949
314,unrestricted,"218,132,42,105,120,67,108,178,274,144,140,36,74,53,125,60,201,238,233,80,15,26,112,173,135,285,69,32,20,164",0.46150000707712024
314,same_delta_frac_A,"218,132,42,105,120,67,108,178,274,144,140,36,74,53,125,60,201,238,233,80,15,26,112,173,135,285,69,32,20,164",0.7806999929016456
314,same_delta_Tc,"218,132,42,105,120,67,108,178,274,144,140,36,74,53,125,60,201,238,233,80,15,26,112,173,135,285,69,32,20,164",0.9973999985959381
314,same_both,"218,132,42,105,120,67,108,178,274,144,140,36,74,53,125,60,201,238,233,80,15,26,112,173,135,285,69,32,20,164",0.6086000066716224
332,unrestricted,"105,118,137,53,132,329,32,274,212,120,240,314,78,265,214,195,280,201,321,80,158,172,74,292,290,107,108,229,15,98",0.6051000091247261
332,same_delta_frac_A,"105,118,137,53,132,329,32,274,212,120,240,314,78,265,214,195,280,201,321,80,158,172,74,292,290,107,108,229,15,98",0.7697999972151592
332,same_delta_Tc,"105,118,137,53,132,329,32,274,212,120,240,314,78,265,214,280,201,321,80,158,172,74,292,107,108,15,98,125,262,178",0.7784000044921413
332,same_both,"105,118,137,53,132,329,32,274,212,120,240,314,78,265,214,280,201,321,80,158,172,74,292,107,108,15,98,125,262,178",0.6256999913603067
401,unrestricted,"248,243,377,49,369,250,158,297,39,262,115,260,10,271,227,280,180,137,148,103,214,98,265,86,391,212,160,32,290,118",0.7172999903559685
401,same_delta_frac_A,"248,243,377,49,369,250,158,297,39,262,115,260,10,271,227,280,180,137,148,103,214,98,265,86,391,212,160,32,290,118",0.5659000016748905
401,same_delta_Tc,"243,49,369,250,158,297,262,115,10,280,137,214,98,265,391,212,32,118,78,351,168,80,332,379,201,53,129,274,264,185",0.8786000107647851
401,same_both,"243,49,369,250,158,297,262,115,10,280,137,214,98,265,391,212,32,118,78,351,168,80,332,379,201,53,129,274,264,185",0.8753000001888722
424,unrestricted,"372,131,384,176,237,143,396,242,306,284,319,364,296,124,211,363,343,30,65,52,111,64,25,412,76,189,216,41,188,259",0.6969999958528206
424,same_delta_frac_A,"372,131,176,237,143,396,242,284,319,364,296,211,30,52,111,64,25,412,189,216,188,259,408,399,407,353,171,123,2,380",0.8140999998431653
424,same_delta_Tc,"372,131,384,176,237,143,396,242,306,284,319,364,296,124,211,363,343,30,65,52,111,64,25,412,76,216,41,259,399,407",0.8871999889379367
424,same_both,"372,131,176,237,143,396,242,284,319,364,296,211,30,52,111,64,25,412,216,259,399,407,353,171,2,380,316,145,126,338",0.6602000066777691
496,unrestricted,"308,264,157,97,423,185,279,31,307,153,205,14,152,107,190,210,156,485,472,493,167,247,446,494,469,24,342,292,386,240",0.651299997116439
496,same_delta_frac_A,"308,264,157,97,423,185,279,31,307,153,205,152,107,190,210,156,485,472,493,446,494,24,342,292,240,92,366,217,172,484",0.8199000003514811
496,same_delta_Tc,"308,264,157,97,423,185,279,307,153,205,14,152,107,190,485,472,167,247,446,469,24,342,292,386,240,206,92,151,365,90",0.7580000092275441
496,same_both,"308,264,157,97,423,185,279,307,153,205,152,107,190,485,472,446,24,342,292,240,92,172,471,221,235,15,391,129,358,312",0.5933999927947298
569,unrestricted,"213,464,59,159,445,150,73,155,119,79,350,542,437,328,106,104,338,13,278,376,263,352,220,48,498,402,117,194,400,556",0.596500001847744
569,same_delta_frac_A,"213,464,59,159,445,150,73,155,119,79,350,542,437,328,106,104,338,13,278,376,263,352,220,48,498,402,117,194,400,556",0.592500000493601
569,same_delta_Tc,"213,464,59,159,445,150,73,155,119,79,350,542,437,328,106,104,338,13,278,263,48,402,117,194,400,556,422,378,122,523",0.7637999951839447
569,same_both,"213,464,59,159,445,150,73,155,119,79,350,542,437,328,106,104,338,13,278,263,48,402,117,194,400,556,422,378,122,523",0.7538999925600365
653,unrestricted,"2,632,259,548,353,242,362,546,268,361,296,64,624,363,492,427,383,428,7,3,364,357,130,295,189,595,89,367,225,147",0.6657999911112711
653,same_delta_frac_A,"2,632,259,548,353,242,362,268,296,64,492,3,364,295,189,367,576,188,61,257,571,582,309,399,408,537,110,407,365,372",0.8352000004379079
653,same_delta_Tc,"2,632,259,548,353,242,546,268,361,296,64,624,363,492,427,383,428,7,364,357,130,595,89,225,576,294,1,614,258,623",0.817699998151511
653,same_both,"2,632,259,548,353,242,268,296,64,492,364,576,571,399,537,407,372,131,30,424,501,481,400,466,626,500,111,176,535,525",0.621499988483265
788,unrestricted,"733,128,554,747,770,56,731,652,6,356,404,311,431,670,715,507,609,38,565,415,161,662,612,691,224,736,468,187,267,580",0.7649999897694215
788,same_delta_frac_A,"733,128,554,747,770,56,731,652,6,356,404,311,431,670,715,507,609,38,565,415,161,662,612,691,224,736,468,187,267,580",0.7745000038994476
788,same_delta_Tc,"733,128,554,747,770,56,731,652,6,356,404,311,431,670,715,507,609,38,565,415,161,662,612,691,224,736,468,187,267,580",0.9023999882629141
788,same_both,"733,128,554,747,770,56,731,652,6,356,404,311,431,670,715,507,609,38,565,415,161,662,612,691,224,736,468,187,267,580",0.7889999978942797
803,unrestricted,"176,234,474,673,478,145,313,384,131,521,615,626,483,535,692,94,111,62,591,796,16,518,34,372,380,70,719,412,143,284",0.708799998392351
803,same_delta_frac_A,"176,234,474,673,478,145,131,521,626,483,535,94,111,591,518,34,372,380,70,412,284,143,749,84,656,200,490,239,174,424",0.8459999953629449
803,same_delta_Tc,"176,234,474,673,478,145,313,384,131,521,615,626,483,535,692,94,111,62,591,796,16,518,34,372,380,70,719,412,284,143",0.5815000040456653
803,same_both,"176,234,474,673,478,145,131,521,626,483,535,94,111,591,518,34,372,380,70,412,143,284,749,84,656,200,490,239,174,424",0.9444000024814159
815,unrestricted,"59,445,119,569,664,464,213,73,328,79,150,350,106,155,686,104,194,774,599,338,159,542,811,263,117,13,711,437,402,378",0.4844999930355698
815,same_delta_frac_A,"59,445,119,569,664,464,213,73,328,79,150,350,106,155,686,104,194,774,599,338,159,542,811,263,117,13,711,437,402,378",0.8357000042451546
815,same_delta_Tc,"59,445,119,569,664,464,213,73,328,79,150,350,106,155,686,104,194,774,338,159,542,811,263,117,13,437,402,378,278,813",0.644800005829893
815,same_both,"59,445,119,569,664,464,213,73,328,79,150,350,106,155,686,104,194,774,338,159,542,811,263,117,13,437,402,378,278,813",0.6625999958487228
830,unrestricted,"341,404,468,187,554,636,441,507,181,305,9,209,114,793,736,652,790,138,415,256,715,788,662,38,224,431,360,184,601,56",0.6360999977914616
830,same_delta_frac_A,"341,404,468,187,554,636,441,507,181,305,9,209,114,793,736,652,790,138,415,256,715,788,662,38,224,431,360,184,601,56",0.636800003121607
830,same_delta_Tc,"341,404,468,187,554,636,441,507,181,305,9,209,114,793,736,652,790,138,415,256,715,788,662,38,224,431,360,184,601,56",0.9310000023106113
830,same_both,"341,404,468,187,554,636,441,507,181,305,9,209,114,793,736,652,790,138,415,256,715,788,662,38,224,431,360,184,601,56",0.7796999998390675
857,unrestricted,"38,770,691,790,415,580,491,836,802,311,196,17,788,431,102,733,751,612,747,715,593,652,609,128,601,731,838,356,670,453",0.6326000002445653
857,same_delta_frac_A,"38,770,691,790,415,580,491,836,802,311,196,17,788,431,102,733,751,612,747,715,593,652,609,128,601,731,838,356,670,453",0.7902999932412058
857,same_delta_Tc,"38,770,691,790,415,580,491,836,802,311,196,17,788,431,102,733,751,612,747,715,593,652,609,128,601,731,838,356,670,453",0.8336000028066337
857,same_both,"38,770,691,790,415,580,491,836,802,311,196,17,788,431,102,733,751,612,747,715,593,652,609,128,601,731,838,356,670,453",0.8876000065356493
881,unrestricted,"822,307,24,97,167,423,157,539,496,446,31,292,107,524,538,217,264,827,816,185,817,485,666,308,741,536,77,818,874,279",0.5146000039530918
881,same_delta_frac_A,"822,307,24,97,423,157,539,496,446,31,292,107,217,264,827,185,485,666,308,741,536,818,279,617,512,156,240,776,627,849",0.7407000084640458
881,same_delta_Tc,"822,307,24,97,167,423,157,539,496,446,292,107,524,538,264,827,816,185,817,485,308,741,536,77,818,874,279,617,247,512",0.651599999400787
881,same_both,"822,307,24,97,423,157,539,496,446,292,107,264,827,185,485,308,741,536,818,279,617,512,240,776,627,849,205,798,753,152",0.6589999975403771
883,unrestricted,"451,387,668,344,855,290,487,497,160,323,265,735,118,180,540,280,429,820,645,695,681,829,137,403,438,186,405,158,271,416",0.5077999958302826
883,same_delta_frac_A,"451,387,668,344,855,290,487,497,160,323,265,735,118,180,540,280,429,820,645,695,681,829,137,403,438,186,405,158,271,416",0.6776000082027167
883,same_delta_Tc,"451,387,668,855,290,497,160,323,735,180,540,429,820,645,695,681,829,403,438,186,405,271,416,100,660,39,792,674,758,858",0.7627000013599172
883,same_both,"451,387,668,855,290,497,160,323,735,180,540,429,820,645,695,681,829,403,438,186,405,271,416,100,660,39,792,674,758,858",0.640500002191402
907,unrestricted,"239,873,136,216,322,851,392,844,412,179,656,200,84,764,380,888,880,143,273,833,245,52,591,523,859,876,70,171,458,483",0.4833999992115423
907,same_delta_frac_A,"239,873,136,216,322,851,392,844,412,179,656,200,84,764,380,888,880,143,273,833,245,52,591,523,859,876,70,171,458,483",0.7588999869767576
907,same_delta_Tc,"239,873,136,216,322,851,392,844,412,179,656,200,84,764,380,888,880,143,273,833,245,52,591,523,859,876,70,171,458,483",0.6132999988039955
907,same_both,"239,873,136,216,322,851,392,844,412,179,656,200,84,764,380,888,880,143,273,833,245,52,591,523,859,876,70,171,458,483",0.647299995762296
974,unrestricted,"873,458,410,418,23,907,934,273,630,75,136,165,943,245,844,888,937,392,239,322,859,87,901,99,523,764,876,880,228,179",0.4861999914282933
974,same_delta_frac_A,"873,458,410,418,23,907,934,273,630,75,136,165,943,245,844,888,937,392,239,322,859,87,901,99,523,764,876,880,228,179",0.6852000078652054
974,same_delta_Tc,"873,458,410,418,23,907,934,273,630,75,136,165,943,245,844,888,937,392,239,322,859,87,901,99,523,764,876,880,228,179",0.5870000022696331
974,same_both,"873,458,410,418,23,907,934,273,630,75,136,165,943,245,844,888,937,392,239,322,859,87,901,99,523,764,876,880,228,179",0.9009999921545386
992,unrestricted,"100,787,600,929,910,820,323,989,103,186,927,814,639,706,855,660,346,403,695,735,607,829,668,429,180,160,663,290,924,438",0.5001999961677939
992,same_delta_frac_A,"100,787,600,929,910,820,323,989,103,186,927,814,639,706,855,660,346,403,695,735,607,829,668,429,180,160,663,290,924,438",0.5842999962624162
992,same_delta_Tc,"100,787,600,929,910,820,323,989,103,186,927,814,639,706,855,660,346,403,695,735,607,829,668,429,180,160,663,290,924,438",0.6216999900061637
992,same_both,"100,787,600,929,910,820,323,989,103,186,927,814,639,706,855,660,346,403,695,735,607,829,668,429,180,160,663,290,924,438",0.738900009309873
