test_batch,output,history_size,learned_kernel
36,Cb,1,"1.01**2 * RBF(length_scale=[0.584, 1, 1, 1, 1, 1]) + WhiteKernel(noise_level=1e-08)"
36,T,1,"2.56**2 * RBF(length_scale=[1.42, 1.01, 1.01, 1.01, 1.01, 1.01]) + WhiteKernel(noise_level=0.0066)"
36,Cb,3,"1.4**2 * RBF(length_scale=[1.47, 20, 20, 2.63, 20, 1.93]) + WhiteKernel(noise_level=5.59e-05)"
36,T,3,"1.86**2 * RBF(length_scale=[0.763, 20, 11.8, 20, 20, 2.01]) + WhiteKernel(noise_level=0.000653)"
36,Cb,5,"1.21**2 * RBF(length_scale=[1.42, 20, 20, 1.99, 20, 2.58]) + WhiteKernel(noise_level=3.68e-05)"
36,T,5,"1.8**2 * RBF(length_scale=[1.53, 2.74, 6.62, 20, 20, 1.43]) + WhiteKernel(noise_level=0.00156)"
36,Cb,7,"0.936**2 * RBF(length_scale=[1, 1.01, 20, 20, 20, 1.72]) + WhiteKernel(noise_level=6.8e-05)"
36,T,7,"1.04**2 * RBF(length_scale=[0.754, 20, 20, 20, 0.219, 2.3]) + WhiteKernel(noise_level=0.00039)"
36,Cb,9,"1.09**2 * RBF(length_scale=[1.02, 1.31, 20, 20, 20, 2.32]) + WhiteKernel(noise_level=6.12e-05)"
36,T,9,"0.958**2 * RBF(length_scale=[0.769, 20, 0.656, 0.445, 0.826, 14.9]) + WhiteKernel(noise_level=0.000361)"
36,Cb,12,"1.05**2 * RBF(length_scale=[1.01, 1.34, 20, 8.33, 20, 2.19]) + WhiteKernel(noise_level=4.56e-05)"
36,T,12,"1.49**2 * RBF(length_scale=[0.74, 1.71, 3.22, 4.94, 20, 2.1]) + WhiteKernel(noise_level=0.000307)"
36,Cb,15,"1.58**2 * RBF(length_scale=[0.861, 1.78, 20, 2.46, 20, 4.79]) + WhiteKernel(noise_level=9.01e-05)"
36,T,15,"3.05**2 * RBF(length_scale=[0.736, 2.57, 8.28, 2.82, 20, 9.42]) + WhiteKernel(noise_level=0.000596)"
36,Cb,20,"1.73**2 * RBF(length_scale=[0.835, 1.94, 20, 3.8, 20, 5.63]) + WhiteKernel(noise_level=6.95e-05)"
36,T,20,"3.2**2 * RBF(length_scale=[0.486, 3.29, 13.1, 4.07, 20, 11.7]) + WhiteKernel(noise_level=1.29e-05)"
36,Cb,30,"2.06**2 * RBF(length_scale=[0.52, 2.22, 20, 4.26, 20, 8.68]) + WhiteKernel(noise_level=3.15e-06)"
36,T,30,"2.85**2 * RBF(length_scale=[0.462, 2.94, 10.8, 3.99, 20, 12.6]) + WhiteKernel(noise_level=1.07e-05)"
65,Cb,1,"1.01**2 * RBF(length_scale=[1.13, 1, 1, 1, 1, 1]) + WhiteKernel(noise_level=8.44e-05)"
65,T,1,"1.28**2 * RBF(length_scale=[1.38, 0.996, 0.996, 0.996, 0.996, 0.996]) + WhiteKernel(noise_level=0.00081)"
65,Cb,3,"0.886**2 * RBF(length_scale=[1.18, 1.21, 0.8, 1.01, 1.91, 2.48]) + WhiteKernel(noise_level=4.16e-05)"
65,T,3,"2.23**2 * RBF(length_scale=[1.88, 4.34, 0.597, 20, 20, 20]) + WhiteKernel(noise_level=0.00143)"
65,Cb,5,"1.09**2 * RBF(length_scale=[1.18, 2.32, 14.5, 20, 20, 2.16]) + WhiteKernel(noise_level=4.49e-05)"
65,T,5,"1.7**2 * RBF(length_scale=[0.786, 20, 3.22, 7.4, 2.85, 5.94]) + WhiteKernel(noise_level=0.000248)"
65,Cb,7,"1.12**2 * RBF(length_scale=[0.908, 2.93, 20, 2.79, 20, 1.89]) + WhiteKernel(noise_level=6.68e-05)"
65,T,7,"1.67**2 * RBF(length_scale=[0.767, 20, 4.69, 5.31, 20, 2.23]) + WhiteKernel(noise_level=0.000199)"
65,Cb,9,"0.937**2 * RBF(length_scale=[0.872, 1.7, 20, 1.85, 20, 1.97]) + WhiteKernel(noise_level=5.3e-05)"
65,T,9,"1.8**2 * RBF(length_scale=[0.757, 3.23, 6.37, 9.1, 20, 3.85]) + WhiteKernel(noise_level=0.000191)"
65,Cb,12,"1.11**2 * RBF(length_scale=[0.872, 1.48, 20, 3.56, 20, 2.9]) + WhiteKernel(noise_level=4.76e-05)"
65,T,12,"2.25**2 * RBF(length_scale=[0.759, 3.06, 9.85, 10, 20, 5.83]) + WhiteKernel(noise_level=0.000168)"
65,Cb,15,"1.19**2 * RBF(length_scale=[0.869, 1.61, 20, 3.51, 20, 3.62]) + WhiteKernel(noise_level=4.5e-05)"
65,T,15,"2.81**2 * RBF(length_scale=[0.758, 3.24, 13.8, 11, 20, 7.28]) + WhiteKernel(noise_level=0.000169)"
65,Cb,20,"1.35**2 * RBF(length_scale=[0.829, 1.56, 20, 4.64, 20, 4.86]) + WhiteKernel(noise_level=4.48e-05)"
65,T,20,"2.58**2 * RBF(length_scale=[0.487, 3.05, 17.4, 5.34, 20, 11.6]) + WhiteKernel(noise_level=4.44e-06)"
65,Cb,30,"1.61**2 * RBF(length_scale=[0.539, 1.81, 20, 4.65, 20, 7.93]) + WhiteKernel(noise_level=1.39e-06)"
65,T,30,"2.56**2 * RBF(length_scale=[0.497, 2.73, 17, 3.92, 19.8, 9.57]) + WhiteKernel(noise_level=5.06e-06)"
165,Cb,1,"1.12**2 * RBF(length_scale=[0.859, 1, 1, 1, 1, 1]) + WhiteKernel(noise_level=0.000317)"
165,T,1,"1.18**2 * RBF(length_scale=[0.863, 1, 1, 1, 1, 1]) + WhiteKernel(noise_level=0.000404)"
165,Cb,3,"1.02**2 * RBF(length_scale=[0.878, 20, 0.275, 1.02, 15, 0.534]) + WhiteKernel(noise_level=0.000154)"
165,T,3,"1.37**2 * RBF(length_scale=[0.84, 20, 20, 1.34, 20, 2.4]) + WhiteKernel(noise_level=0.000391)"
165,Cb,5,"2.19**2 * RBF(length_scale=[1.01, 1.48, 20, 20, 20, 5.23]) + WhiteKernel(noise_level=0.000169)"
165,T,5,"2.04**2 * RBF(length_scale=[0.862, 3.05, 20, 2.29, 9.09, 6.26]) + WhiteKernel(noise_level=0.000326)"
165,Cb,7,"1.78**2 * RBF(length_scale=[0.936, 1.38, 20, 20, 20, 4.74]) + WhiteKernel(noise_level=0.000208)"
165,T,7,"1.94**2 * RBF(length_scale=[0.799, 2.38, 12.7, 20, 20, 4.51]) + WhiteKernel(noise_level=0.000317)"
165,Cb,9,"1.3**2 * RBF(length_scale=[0.933, 1.03, 20, 1.56, 20, 3.37]) + WhiteKernel(noise_level=0.000135)"
165,T,9,"2.22**2 * RBF(length_scale=[0.866, 20, 3.96, 2.3, 20, 5.52]) + WhiteKernel(noise_level=0.0003)"
165,Cb,12,"1.39**2 * RBF(length_scale=[0.832, 0.935, 20, 2.14, 20, 4.62]) + WhiteKernel(noise_level=0.000176)"
165,T,12,"2.87**2 * RBF(length_scale=[0.777, 2.82, 20, 3.81, 20, 9.51]) + WhiteKernel(noise_level=0.000371)"
165,Cb,15,"1.33**2 * RBF(length_scale=[0.831, 1.01, 20, 1.67, 20, 5.43]) + WhiteKernel(noise_level=0.000144)"
165,T,15,"2.95**2 * RBF(length_scale=[0.805, 3.08, 19.6, 2.59, 18.7, 10]) + WhiteKernel(noise_level=0.000405)"
165,Cb,20,"1.53**2 * RBF(length_scale=[0.839, 1.3, 20, 2.09, 20, 6.39]) + WhiteKernel(noise_level=0.000113)"
165,T,20,"2.83**2 * RBF(length_scale=[0.496, 2.82, 19.5, 2.79, 20, 12]) + WhiteKernel(noise_level=5.51e-06)"
165,Cb,30,"2.04**2 * RBF(length_scale=[0.531, 1.84, 20, 2.92, 20, 11.1]) + WhiteKernel(noise_level=4.03e-06)"
165,T,30,"2.62**2 * RBF(length_scale=[0.477, 2.5, 13.4, 2.61, 17.1, 11.5]) + WhiteKernel(noise_level=4.28e-06)"
174,Cb,1,"1.42**2 * RBF(length_scale=[1.32, 0.999, 0.999, 0.999, 0.999, 0.999]) + WhiteKernel(noise_level=0.000239)"
174,T,1,"1.4**2 * RBF(length_scale=[1.13, 0.999, 0.999, 0.999, 0.999, 0.999]) + WhiteKernel(noise_level=0.00224)"
174,Cb,3,"1.06**2 * RBF(length_scale=[1.02, 20, 0.2, 2.37, 0.489, 6.29]) + WhiteKernel(noise_level=0.00022)"
174,T,3,"1.13**2 * RBF(length_scale=[0.824, 0.206, 1.68, 0.208, 0.209, 0.209]) + WhiteKernel(noise_level=0.000782)"
174,Cb,5,"1.37**2 * RBF(length_scale=[1.18, 2.47, 20, 2.73, 20, 3.55]) + WhiteKernel(noise_level=7.61e-05)"
174,T,5,"1.4**2 * RBF(length_scale=[0.942, 1.09, 20, 3.66, 20, 3.36]) + WhiteKernel(noise_level=0.000479)"
174,Cb,7,"1.04**2 * RBF(length_scale=[1.12, 1.17, 20, 20, 20, 2.14]) + WhiteKernel(noise_level=3.02e-05)"
174,T,7,"1.28**2 * RBF(length_scale=[1.01, 0.847, 20, 1.97, 20, 3.78]) + WhiteKernel(noise_level=0.000855)"
174,Cb,9,"1.09**2 * RBF(length_scale=[0.83, 1.23, 20, 2.08, 20, 3.06]) + WhiteKernel(noise_level=8.86e-05)"
174,T,9,"1.04**2 * RBF(length_scale=[0.446, 20, 16.2, 0.876, 3.97, 5.93]) + WhiteKernel(noise_level=1.16e-06)"
174,Cb,12,"1.28**2 * RBF(length_scale=[0.842, 1.42, 20, 2.67, 20, 4.22]) + WhiteKernel(noise_level=8.35e-05)"
174,T,12,"2.2**2 * RBF(length_scale=[0.712, 20, 13.8, 2.1, 4.8, 5.3]) + WhiteKernel(noise_level=0.000462)"
174,Cb,15,"1.51**2 * RBF(length_scale=[0.796, 1.49, 20, 3.87, 20, 5.13]) + WhiteKernel(noise_level=0.000108)"
174,T,15,"2.65**2 * RBF(length_scale=[0.473, 2.88, 13.7, 5.27, 20, 11.1]) + WhiteKernel(noise_level=6.5e-06)"
174,Cb,20,"1.58**2 * RBF(length_scale=[0.789, 1.41, 20, 3.64, 20, 6.61]) + WhiteKernel(noise_level=0.000101)"
174,T,20,"3.39**2 * RBF(length_scale=[0.483, 3.23, 20, 3.18, 20, 14.1]) + WhiteKernel(noise_level=5.86e-06)"
174,Cb,30,"1.74**2 * RBF(length_scale=[0.522, 1.76, 20, 3.11, 20, 10.1]) + WhiteKernel(noise_level=2.3e-06)"
174,T,30,"2.95**2 * RBF(length_scale=[0.474, 2.43, 17.3, 2.84, 20, 14.2]) + WhiteKernel(noise_level=3.03e-06)"
204,Cb,1,"0.97**2 * RBF(length_scale=[0.927, 1, 1, 1, 1, 1]) + WhiteKernel(noise_level=0.00026)"
204,T,1,"1.11**2 * RBF(length_scale=[0.921, 1, 1, 1, 1, 1]) + WhiteKernel(noise_level=0.000405)"
204,Cb,3,"1.2**2 * RBF(length_scale=[0.807, 1.63, 20, 3.62, 20, 20]) + WhiteKernel(noise_level=0.000184)"
204,T,3,"1.34**2 * RBF(length_scale=[0.766, 1.09, 20, 20, 20, 15.8]) + WhiteKernel(noise_level=0.00035)"
204,Cb,5,"1.15**2 * RBF(length_scale=[0.872, 1.98, 20, 5.21, 20, 2.09]) + WhiteKernel(noise_level=9.41e-05)"
204,T,5,"1.4**2 * RBF(length_scale=[0.774, 1.35, 20, 20, 20, 2.41]) + WhiteKernel(noise_level=0.000391)"
204,Cb,7,"1.29**2 * RBF(length_scale=[0.923, 1.18, 20, 20, 20, 2.66]) + WhiteKernel(noise_level=7.21e-05)"
204,T,7,"1.81**2 * RBF(length_scale=[0.763, 2.35, 5.06, 20, 17.1, 3.73]) + WhiteKernel(noise_level=0.000316)"
204,Cb,9,"1.2**2 * RBF(length_scale=[0.879, 1.1, 20, 20, 20, 2.61]) + WhiteKernel(noise_level=6.59e-05)"
204,T,9,"1.32**2 * RBF(length_scale=[0.715, 2.87, 7.04, 3.01, 2.71, 3.92]) + WhiteKernel(noise_level=0.000254)"
204,Cb,12,"1.2**2 * RBF(length_scale=[0.819, 1.04, 20, 20, 20, 2.81]) + WhiteKernel(noise_level=0.00013)"
204,T,12,"2.16**2 * RBF(length_scale=[0.8, 2.81, 8.37, 4.56, 10.7, 5.56]) + WhiteKernel(noise_level=0.000289)"
204,Cb,15,"1.4**2 * RBF(length_scale=[0.815, 1.46, 20, 2.54, 20, 3.95]) + WhiteKernel(noise_level=0.000102)"
204,T,15,"2.67**2 * RBF(length_scale=[0.775, 3.36, 13, 3.11, 18.2, 6.8]) + WhiteKernel(noise_level=0.000253)"
204,Cb,20,"1.35**2 * RBF(length_scale=[0.746, 1.47, 20, 2.47, 20, 4.33]) + WhiteKernel(noise_level=0.000121)"
204,T,20,"1.68**2 * RBF(length_scale=[0.478, 2.41, 8, 3.29, 20, 6.57]) + WhiteKernel(noise_level=8.65e-06)"
204,Cb,30,"1.85**2 * RBF(length_scale=[0.528, 1.88, 20, 3.12, 20, 8.64]) + WhiteKernel(noise_level=2.61e-06)"
204,T,30,"2.07**2 * RBF(length_scale=[0.475, 2.6, 10.6, 2.88, 20, 8.63]) + WhiteKernel(noise_level=4.31e-06)"
207,Cb,1,"0.962**2 * RBF(length_scale=[0.788, 1, 1, 1, 1, 1]) + WhiteKernel(noise_level=1.11e-05)"
207,T,1,"1.64**2 * RBF(length_scale=[2.64, 1, 1, 1, 1, 1]) + WhiteKernel(noise_level=0.00212)"
207,Cb,3,"0.832**2 * RBF(length_scale=[0.773, 0.9, 1.02, 0.735, 0.772, 0.551]) + WhiteKernel(noise_level=0.000236)"
207,T,3,"1.12**2 * RBF(length_scale=[0.721, 0.525, 3.96, 0.978, 0.683, 19.6]) + WhiteKernel(noise_level=0.000664)"
207,Cb,5,"1.02**2 * RBF(length_scale=[0.822, 20, 20, 1.12, 20, 3.18]) + WhiteKernel(noise_level=0.000216)"
207,T,5,"1.4**2 * RBF(length_scale=[0.767, 3.62, 20, 1.74, 20, 5.15]) + WhiteKernel(noise_level=0.000539)"
207,Cb,7,"1.09**2 * RBF(length_scale=[0.808, 20, 11, 1.24, 20, 2.99]) + WhiteKernel(noise_level=0.000137)"
207,T,7,"1.16**2 * RBF(length_scale=[0.705, 0.205, 4.98, 20, 20, 2.72]) + WhiteKernel(noise_level=0.000512)"
207,Cb,9,"1.07**2 * RBF(length_scale=[0.867, 20, 11.7, 1.17, 20, 2.12]) + WhiteKernel(noise_level=8.76e-05)"
207,T,9,"1.8**2 * RBF(length_scale=[0.751, 6.02, 20, 2.22, 4.11, 5.28]) + WhiteKernel(noise_level=0.000428)"
207,Cb,12,"1.24**2 * RBF(length_scale=[0.843, 1.47, 20, 2.32, 20, 3.2]) + WhiteKernel(noise_level=7.36e-05)"
207,T,12,"1.82**2 * RBF(length_scale=[0.711, 2.48, 9.09, 3.02, 5.8, 5.68]) + WhiteKernel(noise_level=0.00039)"
207,Cb,15,"1.27**2 * RBF(length_scale=[0.801, 1.31, 20, 2.95, 20, 3.12]) + WhiteKernel(noise_level=0.000126)"
207,T,15,"2.43**2 * RBF(length_scale=[0.75, 2.89, 12.2, 3.7, 14.5, 7.03]) + WhiteKernel(noise_level=0.000387)"
207,Cb,20,"1.6**2 * RBF(length_scale=[0.746, 1.61, 20, 2.9, 20, 5.53]) + WhiteKernel(noise_level=0.000109)"
207,T,20,"2.43**2 * RBF(length_scale=[0.487, 3.13, 13.6, 3.75, 20, 8.09]) + WhiteKernel(noise_level=7.35e-06)"
207,Cb,30,"1.91**2 * RBF(length_scale=[0.523, 1.8, 20, 2.94, 20, 9.15]) + WhiteKernel(noise_level=2.23e-06)"
207,T,30,"1.82**2 * RBF(length_scale=[0.471, 2.5, 9.95, 2.76, 20, 6.9]) + WhiteKernel(noise_level=4.85e-06)"
229,Cb,1,"0.797**2 * RBF(length_scale=[0.481, 1, 1, 1, 1, 1]) + WhiteKernel(noise_level=1.24e-08)"
229,T,1,"0.882**2 * RBF(length_scale=[0.448, 1, 1, 1, 1, 1]) + WhiteKernel(noise_level=1.53e-05)"
229,Cb,3,"0.764**2 * RBF(length_scale=[0.46, 20, 20, 20, 1.4, 0.567]) + WhiteKernel(noise_level=1e-08)"
229,T,3,"0.815**2 * RBF(length_scale=[0.444, 20, 0.948, 3.96, 2.88, 0.227]) + WhiteKernel(noise_level=7.24e-05)"
229,Cb,5,"0.864**2 * RBF(length_scale=[0.481, 20, 20, 20, 0.667, 2.05]) + WhiteKernel(noise_level=1e-08)"
229,T,5,"1.5**2 * RBF(length_scale=[0.727, 20, 13.6, 1.47, 20, 2.73]) + WhiteKernel(noise_level=0.000787)"
229,Cb,7,"1.19**2 * RBF(length_scale=[0.501, 20, 5.76, 1.49, 20, 3.68]) + WhiteKernel(noise_level=1e-08)"
229,T,7,"1.34**2 * RBF(length_scale=[0.727, 2.58, 19.9, 2.06, 9.93, 2.44]) + WhiteKernel(noise_level=0.000557)"
229,Cb,9,"1.09**2 * RBF(length_scale=[0.796, 1.25, 20, 1.11, 20, 2.94]) + WhiteKernel(noise_level=0.000226)"
229,T,9,"1.37**2 * RBF(length_scale=[0.74, 2.06, 6.49, 2.7, 20, 2.58]) + WhiteKernel(noise_level=0.000466)"
229,Cb,12,"1.27**2 * RBF(length_scale=[0.812, 1.4, 20, 1.74, 20, 3.66]) + WhiteKernel(noise_level=0.000184)"
229,T,12,"2.11**2 * RBF(length_scale=[0.762, 2.76, 9.72, 2.95, 20, 5.91]) + WhiteKernel(noise_level=0.000467)"
229,Cb,15,"1.27**2 * RBF(length_scale=[0.795, 1.35, 20, 2.11, 20, 4.12]) + WhiteKernel(noise_level=0.000155)"
229,T,15,"2.26**2 * RBF(length_scale=[0.726, 2.85, 10.6, 2.9, 20, 6.51]) + WhiteKernel(noise_level=0.000431)"
229,Cb,20,"1.63**2 * RBF(length_scale=[0.791, 1.54, 20, 2.31, 20, 5.86]) + WhiteKernel(noise_level=0.000168)"
229,T,20,"2.03**2 * RBF(length_scale=[0.467, 2.82, 14.8, 1.94, 14.7, 7.83]) + WhiteKernel(noise_level=6.76e-06)"
229,Cb,30,"1.87**2 * RBF(length_scale=[0.767, 1.66, 20, 2.92, 20, 7.82]) + WhiteKernel(noise_level=0.000124)"
229,T,30,"2.82**2 * RBF(length_scale=[0.486, 3.02, 15.7, 1.91, 20, 13.4]) + WhiteKernel(noise_level=6.7e-06)"
232,Cb,1,"1.23**2 * RBF(length_scale=[1.03, 1, 1, 1, 1, 1]) + WhiteKernel(noise_level=6.88e-05)"
232,T,1,"2.47**2 * RBF(length_scale=[1.36, 0.996, 0.996, 0.996, 0.996, 0.996]) + WhiteKernel(noise_level=0.00191)"
232,Cb,3,"0.908**2 * RBF(length_scale=[1.37, 0.724, 1.05, 0.951, 1.06, 1.14]) + WhiteKernel(noise_level=2.9e-05)"
232,T,3,"1.05**2 * RBF(length_scale=[0.853, 14.6, 8.97, 1.17, 20, 0.221]) + WhiteKernel(noise_level=0.00028)"
232,Cb,5,"1.14**2 * RBF(length_scale=[0.828, 4.05, 20, 1.06, 20, 2.63]) + WhiteKernel(noise_level=0.000164)"
232,T,5,"1.23**2 * RBF(length_scale=[0.457, 12.8, 6.57, 1.6, 20, 2.49]) + WhiteKernel(noise_level=1.92e-06)"
232,Cb,7,"1.2**2 * RBF(length_scale=[0.841, 20, 3.87, 1.46, 20, 2.89]) + WhiteKernel(noise_level=0.000145)"
232,T,7,"1.35**2 * RBF(length_scale=[0.467, 4.33, 6.24, 1.86, 20, 3.25]) + WhiteKernel(noise_level=2.21e-06)"
232,Cb,9,"1.33**2 * RBF(length_scale=[0.853, 20, 4.71, 1.5, 20, 3.67]) + WhiteKernel(noise_level=0.000147)"
232,T,9,"2.19**2 * RBF(length_scale=[0.792, 7.28, 20, 1.6, 12.7, 5.64]) + WhiteKernel(noise_level=0.000641)"
232,Cb,12,"1.31**2 * RBF(length_scale=[0.827, 1.65, 20, 2.03, 20, 4.01]) + WhiteKernel(noise_level=0.000133)"
232,T,12,"1.8**2 * RBF(length_scale=[0.744, 2.68, 8.4, 2.82, 20, 3.73]) + WhiteKernel(noise_level=0.00045)"
232,Cb,15,"1.46**2 * RBF(length_scale=[0.828, 1.76, 20, 2.52, 20, 4.75]) + WhiteKernel(noise_level=0.000122)"
232,T,15,"2.21**2 * RBF(length_scale=[0.723, 2.83, 10.3, 3.14, 20, 6.3]) + WhiteKernel(noise_level=0.000392)"
232,Cb,20,"1.74**2 * RBF(length_scale=[0.774, 1.81, 20, 3.4, 20, 6.03]) + WhiteKernel(noise_level=0.000114)"
232,T,20,"1.88**2 * RBF(length_scale=[0.455, 2.57, 9.73, 2.89, 20, 7.49]) + WhiteKernel(noise_level=4.26e-06)"
232,Cb,30,"1.68**2 * RBF(length_scale=[0.79, 1.61, 20, 2.75, 20, 6.95]) + WhiteKernel(noise_level=0.000119)"
232,T,30,"2.24**2 * RBF(length_scale=[0.476, 2.71, 12.6, 2.42, 20, 7.43]) + WhiteKernel(noise_level=5.76e-06)"
234,Cb,1,"0.794**2 * RBF(length_scale=[0.955, 1, 1, 1, 1, 1]) + WhiteKernel(noise_level=7.24e-05)"
234,T,1,"1.03**2 * RBF(length_scale=[0.544, 1.01, 1.01, 1.01, 1.01, 1.01]) + WhiteKernel(noise_level=1e-08)"
234,Cb,3,"0.889**2 * RBF(length_scale=[1.02, 0.479, 12.9, 1.62, 8.11, 4.22]) + WhiteKernel(noise_level=8.58e-05)"
234,T,3,"1.17**2 * RBF(length_scale=[0.769, 0.646, 0.646, 0.664, 0.646, 0.646]) + WhiteKernel(noise_level=0.000126)"
234,Cb,5,"1.15**2 * RBF(length_scale=[1.19, 3.19, 20, 20, 11, 1.94]) + WhiteKernel(noise_level=4.35e-05)"
234,T,5,"1.32**2 * RBF(length_scale=[0.845, 4.67, 20, 20, 20, 0.302]) + WhiteKernel(noise_level=0.000127)"
234,Cb,7,"1.32**2 * RBF(length_scale=[0.835, 3.57, 20, 1.54, 20, 2.93]) + WhiteKernel(noise_level=0.000145)"
234,T,7,"2.05**2 * RBF(length_scale=[0.736, 6.6, 6.29, 2.88, 20, 2.12]) + WhiteKernel(noise_level=0.000731)"
234,Cb,9,"1.31**2 * RBF(length_scale=[0.839, 1.94, 20, 1.89, 20, 3.6]) + WhiteKernel(noise_level=0.000123)"
234,T,9,"2.29**2 * RBF(length_scale=[0.74, 20, 7.72, 2.01, 20, 3.86]) + WhiteKernel(noise_level=0.000644)"
234,Cb,12,"1.44**2 * RBF(length_scale=[0.83, 1.77, 20, 2.37, 20, 4.18]) + WhiteKernel(noise_level=0.00013)"
234,T,12,"2.01**2 * RBF(length_scale=[0.747, 13.6, 8.46, 1.98, 20, 2.9]) + WhiteKernel(noise_level=0.000462)"
234,Cb,15,"1.55**2 * RBF(length_scale=[0.825, 1.89, 20, 2.83, 20, 5.09]) + WhiteKernel(noise_level=0.000116)"
234,T,15,"2.45**2 * RBF(length_scale=[0.725, 3.06, 10.9, 3.52, 20, 7.09]) + WhiteKernel(noise_level=0.000384)"
234,Cb,20,"1.66**2 * RBF(length_scale=[0.8, 1.91, 20, 3.05, 20, 5.51]) + WhiteKernel(noise_level=0.000107)"
234,T,20,"2.18**2 * RBF(length_scale=[0.465, 3.09, 10.6, 2.96, 20, 8.6]) + WhiteKernel(noise_level=4.83e-06)"
234,Cb,30,"1.78**2 * RBF(length_scale=[0.784, 1.77, 20, 2.86, 20, 7.16]) + WhiteKernel(noise_level=0.000109)"
234,T,30,"2.55**2 * RBF(length_scale=[0.48, 2.78, 14.7, 1.87, 20, 12.7]) + WhiteKernel(noise_level=4.85e-06)"
250,Cb,1,"0.76**2 * RBF(length_scale=[0.486, 0.998, 0.998, 0.998, 0.998, 0.998]) + WhiteKernel(noise_level=8.82e-06)"
250,T,1,"1.59**2 * RBF(length_scale=[0.77, 0.889, 0.889, 0.889, 0.889, 0.889]) + WhiteKernel(noise_level=0.00114)"
250,Cb,3,"0.873**2 * RBF(length_scale=[0.783, 0.984, 0.314, 0.408, 0.671, 0.265]) + WhiteKernel(noise_level=0.000284)"
250,T,3,"1.52**2 * RBF(length_scale=[0.814, 20, 20, 2.19, 20, 1.69]) + WhiteKernel(noise_level=0.000504)"
250,Cb,5,"0.933**2 * RBF(length_scale=[0.86, 0.672, 20, 0.511, 20, 1.81]) + WhiteKernel(noise_level=0.00018)"
250,T,5,"1.83**2 * RBF(length_scale=[0.792, 6.76, 7.91, 3.15, 9.84, 2.3]) + WhiteKernel(noise_level=0.000499)"
250,Cb,7,"1.1**2 * RBF(length_scale=[0.872, 20, 20, 0.799, 2.73, 2.55]) + WhiteKernel(noise_level=0.000136)"
250,T,7,"1.68**2 * RBF(length_scale=[0.8, 3.26, 11.4, 2.03, 12.4, 2.03]) + WhiteKernel(noise_level=0.000434)"
250,Cb,9,"1.01**2 * RBF(length_scale=[0.87, 0.77, 20, 1.07, 20, 2.52]) + WhiteKernel(noise_level=9.75e-05)"
250,T,9,"1.78**2 * RBF(length_scale=[0.823, 2.39, 5.91, 1.99, 20, 3.76]) + WhiteKernel(noise_level=0.000345)"
250,Cb,12,"1.24**2 * RBF(length_scale=[0.825, 1.2, 20, 1.96, 20, 3.66]) + WhiteKernel(noise_level=8.1e-05)"
250,T,12,"2.08**2 * RBF(length_scale=[0.758, 2.05, 6.94, 3.48, 8.52, 4.62]) + WhiteKernel(noise_level=0.000374)"
250,Cb,15,"1.28**2 * RBF(length_scale=[0.809, 1.34, 20, 2.39, 20, 3.85]) + WhiteKernel(noise_level=6.31e-05)"
250,T,15,"2.97**2 * RBF(length_scale=[0.472, 2.87, 14, 4.1, 15.3, 10]) + WhiteKernel(noise_level=1.25e-06)"
250,Cb,20,"1.48**2 * RBF(length_scale=[0.781, 1.68, 20, 3.29, 20, 4.95]) + WhiteKernel(noise_level=4.24e-05)"
250,T,20,"3.48**2 * RBF(length_scale=[0.48, 3, 10.9, 4.84, 12.2, 13.1]) + WhiteKernel(noise_level=1.35e-06)"
250,Cb,30,"1.88**2 * RBF(length_scale=[0.525, 2.01, 20, 3.52, 20, 8.29]) + WhiteKernel(noise_level=3.08e-06)"
250,T,30,"2.57**2 * RBF(length_scale=[0.463, 2.73, 11.1, 2.7, 15.8, 11.3]) + WhiteKernel(noise_level=2.15e-06)"
257,Cb,1,"0.81**2 * RBF(length_scale=[0.507, 1, 1, 1, 1, 1]) + WhiteKernel(noise_level=1.21e-05)"
257,T,1,"1.78**2 * RBF(length_scale=[0.723, 1, 1, 1, 1, 1]) + WhiteKernel(noise_level=0.00133)"
257,Cb,3,"1.11**2 * RBF(length_scale=[1.02, 20, 20, 1.59, 20, 2.1]) + WhiteKernel(noise_level=0.000232)"
257,T,3,"1.71**2 * RBF(length_scale=[1.55, 6.59, 20, 2.18, 20, 4.12]) + WhiteKernel(noise_level=0.00117)"
257,Cb,5,"1.3**2 * RBF(length_scale=[1.07, 1.16, 20, 1.45, 20, 3.51]) + WhiteKernel(noise_level=0.00019)"
257,T,5,"1.41**2 * RBF(length_scale=[0.829, 4.89, 20, 3.03, 20, 4.55]) + WhiteKernel(noise_level=0.00017)"
257,Cb,7,"1.37**2 * RBF(length_scale=[1.04, 1.17, 20, 20, 20, 3]) + WhiteKernel(noise_level=0.000168)"
257,T,7,"1.92**2 * RBF(length_scale=[0.944, 20, 20, 1.8, 16.1, 4.86]) + WhiteKernel(noise_level=0.00022)"
257,Cb,9,"1.14**2 * RBF(length_scale=[0.776, 1.01, 20, 20, 20, 3.16]) + WhiteKernel(noise_level=0.000126)"
257,T,9,"1.42**2 * RBF(length_scale=[0.805, 2.23, 11.8, 20, 20, 3.06]) + WhiteKernel(noise_level=0.000239)"
257,Cb,12,"1.23**2 * RBF(length_scale=[0.837, 1.07, 20, 2.01, 20, 3.91]) + WhiteKernel(noise_level=0.000115)"
257,T,12,"1.66**2 * RBF(length_scale=[0.811, 2.97, 10.7, 2.43, 20, 4.3]) + WhiteKernel(noise_level=0.000234)"
257,Cb,15,"1.28**2 * RBF(length_scale=[0.815, 1.05, 20, 2.39, 20, 4.2]) + WhiteKernel(noise_level=9.64e-05)"
257,T,15,"2.55**2 * RBF(length_scale=[0.824, 3.05, 18.6, 2.95, 20, 8.02]) + WhiteKernel(noise_level=0.000201)"
257,Cb,20,"1.29**2 * RBF(length_scale=[0.777, 1.3, 20, 3.09, 20, 4.67]) + WhiteKernel(noise_level=6.22e-05)"
257,T,20,"2.24**2 * RBF(length_scale=[0.477, 2.64, 13.6, 4.15, 20, 9.5]) + WhiteKernel(noise_level=4.75e-07)"
257,Cb,30,"1.64**2 * RBF(length_scale=[0.523, 1.8, 20, 3.76, 20, 7.59]) + WhiteKernel(noise_level=1.75e-06)"
257,T,30,"2.29**2 * RBF(length_scale=[0.478, 2.33, 11.2, 2.72, 17.2, 12.2]) + WhiteKernel(noise_level=1.16e-06)"
314,Cb,1,"1.13**2 * RBF(length_scale=[0.831, 0.797, 0.797, 0.797, 0.797, 0.797]) + WhiteKernel(noise_level=1e-08)"
314,T,1,"1.84**2 * RBF(length_scale=[2.66, 2.29, 2.29, 2.29, 2.29, 2.29]) + WhiteKernel(noise_level=0.00119)"
314,Cb,3,"1.16**2 * RBF(length_scale=[1.09, 0.962, 0.984, 0.777, 0.923, 0.551]) + WhiteKernel(noise_level=0.00019)"
314,T,3,"1.16**2 * RBF(length_scale=[0.868, 0.794, 1.06, 0.689, 0.89, 0.557]) + WhiteKernel(noise_level=0.000481)"
314,Cb,5,"1.16**2 * RBF(length_scale=[1.09, 20, 20, 1.49, 1.64, 1.12]) + WhiteKernel(noise_level=0.00013)"
314,T,5,"2.03**2 * RBF(length_scale=[1.45, 20, 4.48, 2.84, 20, 3.15]) + WhiteKernel(noise_level=0.00112)"
314,Cb,7,"1.54**2 * RBF(length_scale=[1.21, 2.86, 20, 1.32, 6.53, 3.26]) + WhiteKernel(noise_level=5.55e-05)"
314,T,7,"2.68**2 * RBF(length_scale=[1.52, 5.17, 12.2, 2.58, 4.32, 6.99]) + WhiteKernel(noise_level=0.00105)"
314,Cb,9,"1.84**2 * RBF(length_scale=[0.919, 2.42, 20, 2.04, 20, 4.85]) + WhiteKernel(noise_level=0.000141)"
314,T,9,"2.85**2 * RBF(length_scale=[0.831, 4.9, 8.71, 3.78, 20, 4.49]) + WhiteKernel(noise_level=0.000483)"
314,Cb,12,"2.14**2 * RBF(length_scale=[0.935, 1.96, 20, 3.14, 20, 5.86]) + WhiteKernel(noise_level=0.000114)"
314,T,12,"2.95**2 * RBF(length_scale=[0.831, 3.83, 16, 5.05, 20, 6.86]) + WhiteKernel(noise_level=0.000272)"
314,Cb,15,"2.16**2 * RBF(length_scale=[0.94, 1.94, 20, 3.34, 20, 6.71]) + WhiteKernel(noise_level=0.0001)"
314,T,15,"3.08**2 * RBF(length_scale=[0.812, 3.98, 20, 5.62, 20, 8.73]) + WhiteKernel(noise_level=0.000189)"
314,Cb,20,"2.26**2 * RBF(length_scale=[0.949, 2.02, 20, 3.6, 20, 8.01]) + WhiteKernel(noise_level=6.46e-05)"
314,T,20,"3.46**2 * RBF(length_scale=[0.803, 3.97, 17.6, 5.52, 20, 9.48]) + WhiteKernel(noise_level=0.000155)"
314,Cb,30,"2.19**2 * RBF(length_scale=[0.877, 1.95, 20, 4.65, 20, 8.44]) + WhiteKernel(noise_level=7.05e-05)"
314,T,30,"2.94**2 * RBF(length_scale=[0.51, 3.28, 12.9, 4.83, 20, 10]) + WhiteKernel(noise_level=6.44e-07)"
332,Cb,1,"1.4**2 * RBF(length_scale=[0.968, 1, 1, 1, 1, 1]) + WhiteKernel(noise_level=0.000493)"
332,T,1,"1.12**2 * RBF(length_scale=[1.2, 0.999, 0.999, 0.999, 0.999, 0.999]) + WhiteKernel(noise_level=0.00137)"
332,Cb,3,"1.04**2 * RBF(length_scale=[0.946, 0.821, 20, 20, 20, 1.95]) + WhiteKernel(noise_level=0.000204)"
332,T,3,"1.03**2 * RBF(length_scale=[0.954, 0.741, 0.2, 1, 0.723, 0.2]) + WhiteKernel(noise_level=0.000997)"
332,Cb,5,"1.03**2 * RBF(length_scale=[0.839, 0.793, 20, 20, 20, 2.33]) + WhiteKernel(noise_level=0.000174)"
332,T,5,"0.963**2 * RBF(length_scale=[0.711, 20, 20, 0.86, 0.615, 1.59]) + WhiteKernel(noise_level=0.000633)"
332,Cb,7,"1.17**2 * RBF(length_scale=[0.876, 1.14, 20, 20, 20, 2.25]) + WhiteKernel(noise_level=0.000157)"
332,T,7,"1.34**2 * RBF(length_scale=[0.457, 1.9, 5.8, 20, 20, 6.05]) + WhiteKernel(noise_level=1e-08)"
332,Cb,9,"1.26**2 * RBF(length_scale=[0.894, 1.06, 20, 20, 20, 3.7]) + WhiteKernel(noise_level=0.000137)"
332,T,9,"1.57**2 * RBF(length_scale=[0.458, 2.32, 8.33, 20, 20, 6.41]) + WhiteKernel(noise_level=2.01e-06)"
332,Cb,12,"1.41**2 * RBF(length_scale=[0.855, 1.01, 20, 12.6, 20, 3.37]) + WhiteKernel(noise_level=0.000131)"
332,T,12,"1.57**2 * RBF(length_scale=[0.761, 1.74, 6.09, 20, 5.77, 5.2]) + WhiteKernel(noise_level=0.000304)"
332,Cb,15,"1.65**2 * RBF(length_scale=[0.883, 1.53, 20, 3.21, 20, 5.83]) + WhiteKernel(noise_level=9.46e-05)"
332,T,15,"2.59**2 * RBF(length_scale=[0.756, 2.72, 11.5, 3.99, 20, 9.46]) + WhiteKernel(noise_level=0.000247)"
332,Cb,20,"1.93**2 * RBF(length_scale=[0.921, 1.75, 20, 3.6, 20, 7.15]) + WhiteKernel(noise_level=8.39e-05)"
332,T,20,"2.73**2 * RBF(length_scale=[0.481, 3.09, 13.8, 4.31, 20, 14.5]) + WhiteKernel(noise_level=1.48e-07)"
332,Cb,30,"2.2**2 * RBF(length_scale=[0.848, 1.96, 20, 4.15, 20, 9.24]) + WhiteKernel(noise_level=7.81e-05)"
332,T,30,"2.7**2 * RBF(length_scale=[0.491, 3.04, 14.9, 3.13, 20, 13.6]) + WhiteKernel(noise_level=1.99e-07)"
401,Cb,1,"0.751**2 * RBF(length_scale=[0.914, 1, 1, 1, 1, 1]) + WhiteKernel(noise_level=7.66e-05)"
401,T,1,"0.87**2 * RBF(length_scale=[0.746, 0.996, 0.996, 0.996, 0.996, 0.996]) + WhiteKernel(noise_level=0.000556)"
401,Cb,3,"0.844**2 * RBF(length_scale=[0.971, 1.48, 6.25, 9.92, 0.338, 0.838]) + WhiteKernel(noise_level=7.26e-05)"
401,T,3,"1.06**2 * RBF(length_scale=[0.74, 0.532, 1.44, 0.552, 0.525, 1.42]) + WhiteKernel(noise_level=0.000602)"
401,Cb,5,"0.899**2 * RBF(length_scale=[0.959, 0.844, 5.28, 20, 20, 1.72]) + WhiteKernel(noise_level=6.32e-05)"
401,T,5,"0.999**2 * RBF(length_scale=[0.801, 20, 3.62, 0.451, 18.4, 3.08]) + WhiteKernel(noise_level=0.000488)"
401,Cb,7,"1.07**2 * RBF(length_scale=[0.962, 1.02, 20, 20, 20, 2.8]) + WhiteKernel(noise_level=6.59e-05)"
401,T,7,"1.73**2 * RBF(length_scale=[0.778, 2.09, 7.88, 8.92, 20, 3.65]) + WhiteKernel(noise_level=0.000411)"
401,Cb,9,"1.31**2 * RBF(length_scale=[0.891, 1.53, 18.2, 3.12, 20, 3.69]) + WhiteKernel(noise_level=7.5e-05)"
401,T,9,"1.81**2 * RBF(length_scale=[0.768, 2.68, 7.38, 4.57, 20, 3.75]) + WhiteKernel(noise_level=0.000368)"
401,Cb,12,"1.42**2 * RBF(length_scale=[0.88, 1.62, 15.4, 6.07, 20, 3.61]) + WhiteKernel(noise_level=6.49e-05)"
401,T,12,"2.43**2 * RBF(length_scale=[0.739, 3.3, 11.1, 5.26, 20, 4.95]) + WhiteKernel(noise_level=0.000298)"
401,Cb,15,"1.44**2 * RBF(length_scale=[0.885, 1.59, 18.5, 5.81, 20, 3.94]) + WhiteKernel(noise_level=6.45e-05)"
401,T,15,"3.1**2 * RBF(length_scale=[0.491, 3.59, 19, 4.86, 20, 12.4]) + WhiteKernel(noise_level=2.05e-06)"
401,Cb,20,"1.48**2 * RBF(length_scale=[0.866, 1.76, 20, 4.28, 20, 4.52]) + WhiteKernel(noise_level=5.29e-05)"
401,T,20,"3.88**2 * RBF(length_scale=[0.492, 4.01, 20, 5.23, 20, 17.4]) + WhiteKernel(noise_level=1.01e-06)"
401,Cb,30,"1.77**2 * RBF(length_scale=[0.515, 2.04, 20, 4.65, 20, 7.67]) + WhiteKernel(noise_level=8.17e-07)"
401,T,30,"2.48**2 * RBF(length_scale=[0.469, 2.75, 13.4, 3.94, 20, 9.97]) + WhiteKernel(noise_level=2.23e-06)"
424,Cb,1,"0.934**2 * RBF(length_scale=[1.4, 1, 1, 1, 1, 1]) + WhiteKernel(noise_level=4.14e-05)"
424,T,1,"1.25**2 * RBF(length_scale=[0.847, 0.998, 0.998, 0.998, 0.998, 0.998]) + WhiteKernel(noise_level=0.000167)"
424,Cb,3,"0.921**2 * RBF(length_scale=[0.818, 20, 20, 1.23, 2.43, 14.8]) + WhiteKernel(noise_level=0.000147)"
424,T,3,"1.04**2 * RBF(length_scale=[0.662, 20, 2.13, 1.2, 20, 0.998]) + WhiteKernel(noise_level=0.000695)"
424,Cb,5,"0.988**2 * RBF(length_scale=[0.847, 19.2, 0.546, 20, 20, 1.8]) + WhiteKernel(noise_level=0.000132)"
424,T,5,"1.02**2 * RBF(length_scale=[0.688, 20, 0.853, 1.52, 20, 20]) + WhiteKernel(noise_level=0.000429)"
424,Cb,7,"0.979**2 * RBF(length_scale=[0.83, 20, 0.872, 3.19, 20, 1.63]) + WhiteKernel(noise_level=0.000182)"
424,T,7,"1.07**2 * RBF(length_scale=[0.726, 20, 1.28, 1.53, 20, 2.23]) + WhiteKernel(noise_level=0.000483)"
424,Cb,9,"1.11**2 * RBF(length_scale=[0.796, 1.07, 20, 2, 20, 2.67]) + WhiteKernel(noise_level=0.000168)"
424,T,9,"1.6**2 * RBF(length_scale=[0.723, 2.3, 5.67, 2.58, 7.71, 3.71]) + WhiteKernel(noise_level=0.000478)"
424,Cb,12,"1.42**2 * RBF(length_scale=[0.832, 1.24, 20, 2.56, 20, 3.83]) + WhiteKernel(noise_level=0.000148)"
424,T,12,"1.83**2 * RBF(length_scale=[0.739, 2.77, 8.58, 2.69, 10.5, 3.85]) + WhiteKernel(noise_level=0.000437)"
424,Cb,15,"1.67**2 * RBF(length_scale=[0.797, 1.42, 20, 2.79, 20, 5.38]) + WhiteKernel(noise_level=0.000187)"
424,T,15,"2.39**2 * RBF(length_scale=[0.725, 2.53, 7.23, 3.05, 20, 5.44]) + WhiteKernel(noise_level=0.000506)"
424,Cb,20,"1.59**2 * RBF(length_scale=[0.521, 1.63, 20, 3.33, 20, 6.42]) + WhiteKernel(noise_level=4.56e-06)"
424,T,20,"2.14**2 * RBF(length_scale=[0.477, 2.57, 8.73, 2.6, 20, 8.07]) + WhiteKernel(noise_level=1.95e-05)"
424,Cb,30,"1.73**2 * RBF(length_scale=[0.509, 1.81, 20, 3.33, 20, 8.06]) + WhiteKernel(noise_level=3.05e-06)"
424,T,30,"2.32**2 * RBF(length_scale=[0.462, 2.5, 14.9, 2.29, 20, 10.1]) + WhiteKernel(noise_level=1.04e-05)"
496,Cb,1,"1.03**2 * RBF(length_scale=[1.26, 1, 1, 1, 1, 1]) + WhiteKernel(noise_level=0.00011)"
496,T,1,"1.15**2 * RBF(length_scale=[0.759, 1, 1, 1, 1, 1]) + WhiteKernel(noise_level=0.000264)"
496,Cb,3,"0.954**2 * RBF(length_scale=[1.34, 3.36, 20, 1.69, 20, 1.64]) + WhiteKernel(noise_level=6.17e-05)"
496,T,3,"1.16**2 * RBF(length_scale=[0.784, 0.61, 20, 20, 0.83, 20]) + WhiteKernel(noise_level=0.000299)"
496,Cb,5,"1.3**2 * RBF(length_scale=[1.05, 5.22, 20, 2.46, 20, 3.27]) + WhiteKernel(noise_level=5.01e-05)"
496,T,5,"1.92**2 * RBF(length_scale=[0.692, 20, 20, 4.45, 3.66, 2.93]) + WhiteKernel(noise_level=0.000405)"
496,Cb,7,"1.07**2 * RBF(length_scale=[1.07, 1.89, 19.7, 3.12, 3.17, 2.87]) + WhiteKernel(noise_level=4.75e-05)"
496,T,7,"1.86**2 * RBF(length_scale=[0.753, 20, 20, 2.71, 2.59, 3.39]) + WhiteKernel(noise_level=0.000258)"
496,Cb,9,"1.32**2 * RBF(length_scale=[1.1, 1.56, 20, 2.58, 15.5, 3.23]) + WhiteKernel(noise_level=6.8e-05)"
496,T,9,"1.83**2 * RBF(length_scale=[1.3, 2.59, 6.54, 2.91, 8.02, 3.33]) + WhiteKernel(noise_level=0.00102)"
496,Cb,12,"1.7**2 * RBF(length_scale=[1.12, 1.97, 20, 3.21, 20, 5.44]) + WhiteKernel(noise_level=5.38e-05)"
496,T,12,"2.84**2 * RBF(length_scale=[1.32, 3.37, 12, 3.62, 9.51, 6.83]) + WhiteKernel(noise_level=0.000926)"
496,Cb,15,"1.62**2 * RBF(length_scale=[1.05, 2.06, 20, 2.95, 20, 5.93]) + WhiteKernel(noise_level=4.69e-05)"
496,T,15,"3.71**2 * RBF(length_scale=[0.806, 4.45, 20, 4.24, 11.9, 12]) + WhiteKernel(noise_level=0.00013)"
496,Cb,20,"1.73**2 * RBF(length_scale=[1.03, 2.11, 20, 3.28, 20, 6.1]) + WhiteKernel(noise_level=3.89e-05)"
496,T,20,"5.76**2 * RBF(length_scale=[0.751, 4.32, 20, 5.8, 20, 19]) + WhiteKernel(noise_level=0.000102)"
496,Cb,30,"1.76**2 * RBF(length_scale=[0.882, 2.1, 20, 4.13, 20, 5.97]) + WhiteKernel(noise_level=3.82e-05)"
496,T,30,"3.91**2 * RBF(length_scale=[0.512, 3.64, 16.9, 4.14, 17.7, 15.8]) + WhiteKernel(noise_level=8.26e-07)"
569,Cb,1,"0.886**2 * RBF(length_scale=[1.04, 1, 1, 1, 1, 1]) + WhiteKernel(noise_level=0.000103)"
569,T,1,"1.12**2 * RBF(length_scale=[0.878, 1, 1, 1, 1, 1]) + WhiteKernel(noise_level=0.000377)"
569,Cb,3,"0.926**2 * RBF(length_scale=[1.01, 0.464, 0.41, 0.506, 1.26, 0.283]) + WhiteKernel(noise_level=7.82e-05)"
569,T,3,"2.18**2 * RBF(length_scale=[1.77, 20, 2.9, 1.48, 20, 20]) + WhiteKernel(noise_level=0.00112)"
569,Cb,5,"1.73**2 * RBF(length_scale=[1.15, 1.6, 20, 20, 20, 4.04]) + WhiteKernel(noise_level=6.3e-05)"
569,T,5,"1.38**2 * RBF(length_scale=[0.825, 2.63, 20, 2.3, 20, 4.49]) + WhiteKernel(noise_level=0.000219)"
569,Cb,7,"1.98**2 * RBF(length_scale=[1.17, 2.07, 20, 20, 20, 5.72]) + WhiteKernel(noise_level=5.74e-05)"
569,T,7,"1.72**2 * RBF(length_scale=[0.79, 2.81, 20, 20, 20, 4.97]) + WhiteKernel(noise_level=0.000184)"
569,Cb,9,"1.81**2 * RBF(length_scale=[1.16, 2.11, 20, 20, 20, 5.58]) + WhiteKernel(noise_level=5.77e-05)"
569,T,9,"2.09**2 * RBF(length_scale=[0.805, 3.75, 20, 8.92, 20, 6.97]) + WhiteKernel(noise_level=0.000173)"
569,Cb,12,"1.6**2 * RBF(length_scale=[1.15, 2.12, 20, 2.77, 20, 5.53]) + WhiteKernel(noise_level=5.58e-05)"
569,T,12,"2.67**2 * RBF(length_scale=[0.832, 4.32, 20, 4.34, 20, 9.75]) + WhiteKernel(noise_level=0.000208)"
569,Cb,15,"1.3**2 * RBF(length_scale=[0.86, 1.46, 20, 3.8, 20, 4.19]) + WhiteKernel(noise_level=8.9e-05)"
569,T,15,"1.97**2 * RBF(length_scale=[0.487, 2.94, 20, 3.18, 20, 10.9]) + WhiteKernel(noise_level=1.37e-07)"
569,Cb,20,"1.7**2 * RBF(length_scale=[0.789, 1.99, 20, 4.52, 20, 6.19]) + WhiteKernel(noise_level=5.41e-05)"
569,T,20,"2.43**2 * RBF(length_scale=[0.479, 3.54, 20, 3.21, 18.4, 13.7]) + WhiteKernel(noise_level=4.26e-08)"
569,Cb,30,"1.79**2 * RBF(length_scale=[0.529, 1.88, 20, 3.98, 20, 9.3]) + WhiteKernel(noise_level=1.28e-06)"
569,T,30,"2.23**2 * RBF(length_scale=[0.474, 2.6, 16, 3.17, 20, 12.2]) + WhiteKernel(noise_level=1.6e-06)"
653,Cb,1,"1.29**2 * RBF(length_scale=[0.857, 1, 1, 1, 1, 1]) + WhiteKernel(noise_level=0.000505)"
653,T,1,"1.88**2 * RBF(length_scale=[0.72, 1, 1, 1, 1, 1]) + WhiteKernel(noise_level=0.00133)"
653,Cb,3,"1.16**2 * RBF(length_scale=[0.952, 20, 20, 18.1, 1.31, 0.96]) + WhiteKernel(noise_level=0.000286)"
653,T,3,"1.39**2 * RBF(length_scale=[0.885, 20, 20, 2.44, 2.87, 3.1]) + WhiteKernel(noise_level=0.000259)"
653,Cb,5,"1.51**2 * RBF(length_scale=[1.06, 1.19, 20, 1.61, 20, 3.72]) + WhiteKernel(noise_level=0.000149)"
653,T,5,"1.61**2 * RBF(length_scale=[0.929, 20, 20, 2.63, 7.18, 3.95]) + WhiteKernel(noise_level=0.000141)"
653,Cb,7,"1.59**2 * RBF(length_scale=[1.11, 1.43, 20, 2.22, 20, 5.91]) + WhiteKernel(noise_level=7.63e-05)"
653,T,7,"1.62**2 * RBF(length_scale=[0.927, 20, 20, 3.12, 8.63, 4.62]) + WhiteKernel(noise_level=9.53e-05)"
653,Cb,9,"1.74**2 * RBF(length_scale=[1.13, 1.78, 20, 2.37, 20, 5.86]) + WhiteKernel(noise_level=5.68e-05)"
653,T,9,"2.12**2 * RBF(length_scale=[0.917, 6.1, 18.7, 3.64, 11.9, 4.84]) + WhiteKernel(noise_level=0.0001)"
653,Cb,12,"1.99**2 * RBF(length_scale=[0.909, 1.75, 20, 3.91, 20, 5.86]) + WhiteKernel(noise_level=0.000112)"
653,T,12,"1.75**2 * RBF(length_scale=[0.834, 3.48, 16, 5.06, 20, 4.02]) + WhiteKernel(noise_level=0.000153)"
653,Cb,15,"1.88**2 * RBF(length_scale=[0.866, 1.61, 20, 3.76, 20, 6.22]) + WhiteKernel(noise_level=0.000129)"
653,T,15,"1.82**2 * RBF(length_scale=[0.825, 2.96, 15.4, 4.32, 20, 4.77]) + WhiteKernel(noise_level=0.000176)"
653,Cb,20,"1.42**2 * RBF(length_scale=[0.541, 1.42, 20, 3.46, 20, 5.67]) + WhiteKernel(noise_level=5.8e-07)"
653,T,20,"1.89**2 * RBF(length_scale=[0.488, 3.1, 17.8, 3.65, 20, 10.1]) + WhiteKernel(noise_level=1e-08)"
653,Cb,30,"1.54**2 * RBF(length_scale=[0.544, 1.43, 20, 3.91, 20, 6.65]) + WhiteKernel(noise_level=7.36e-07)"
653,T,30,"2.47**2 * RBF(length_scale=[0.502, 2.69, 20, 3.76, 20, 12.6]) + WhiteKernel(noise_level=5.31e-08)"
748,Cb,1,"0.754**2 * RBF(length_scale=[0.873, 0.999, 1, 0.999, 0.999, 0.999]) + WhiteKernel(noise_level=0.000105)"
748,T,1,"1.52**2 * RBF(length_scale=[0.622, 1.02, 1, 1.02, 1.02, 1.02]) + WhiteKernel(noise_level=0.00091)"
748,Cb,3,"0.831**2 * RBF(length_scale=[0.936, 0.85, 1.15, 0.611, 0.983, 0.462]) + WhiteKernel(noise_level=0.000114)"
748,T,3,"0.91**2 * RBF(length_scale=[0.705, 1.08, 1.06, 0.2, 1.02, 0.2]) + WhiteKernel(noise_level=0.000186)"
748,Cb,5,"0.856**2 * RBF(length_scale=[0.942, 2.62, 20, 1.47, 20, 1.21]) + WhiteKernel(noise_level=0.000106)"
748,T,5,"1.04**2 * RBF(length_scale=[0.72, 0.974, 20, 0.205, 20, 20]) + WhiteKernel(noise_level=0.000267)"
748,Cb,7,"1.03**2 * RBF(length_scale=[0.98, 1.07, 20, 3.16, 20, 2.01]) + WhiteKernel(noise_level=9.73e-05)"
748,T,7,"1.63**2 * RBF(length_scale=[0.794, 2.74, 18.4, 2.75, 20, 3.81]) + WhiteKernel(noise_level=0.000195)"
748,Cb,9,"1.1**2 * RBF(length_scale=[0.838, 1.14, 20, 1.61, 20, 2.48]) + WhiteKernel(noise_level=0.000137)"
748,T,9,"1.33**2 * RBF(length_scale=[0.75, 2.84, 5.13, 1.85, 7.16, 4.04]) + WhiteKernel(noise_level=0.000314)"
748,Cb,12,"1.37**2 * RBF(length_scale=[0.832, 1.36, 20, 2.21, 20, 3.85]) + WhiteKernel(noise_level=0.000129)"
748,T,12,"1.74**2 * RBF(length_scale=[0.741, 2.45, 8.21, 2.69, 12.1, 4.63]) + WhiteKernel(noise_level=0.000275)"
748,Cb,15,"1.93**2 * RBF(length_scale=[0.824, 1.56, 20, 3.51, 20, 5.77]) + WhiteKernel(noise_level=0.000104)"
748,T,15,"2.49**2 * RBF(length_scale=[0.713, 3.01, 12.7, 3.77, 14.3, 6.78]) + WhiteKernel(noise_level=0.000219)"
748,Cb,20,"2.01**2 * RBF(length_scale=[0.786, 1.62, 20, 4.26, 20, 7.26]) + WhiteKernel(noise_level=8.44e-05)"
748,T,20,"2.01**2 * RBF(length_scale=[0.468, 2.34, 14.6, 3.49, 20, 9.29]) + WhiteKernel(noise_level=1.89e-06)"
748,Cb,30,"1.98**2 * RBF(length_scale=[0.511, 2, 20, 5.33, 20, 8.73]) + WhiteKernel(noise_level=1.4e-07)"
748,T,30,"2.21**2 * RBF(length_scale=[0.475, 2.47, 15.6, 3.6, 20, 10.1]) + WhiteKernel(noise_level=1.74e-06)"
788,Cb,1,"0.882**2 * RBF(length_scale=[0.945, 1, 1, 1, 1, 1]) + WhiteKernel(noise_level=5.69e-05)"
788,T,1,"2.33**2 * RBF(length_scale=[1.56, 1.01, 1.01, 1.01, 1.01, 1.01]) + WhiteKernel(noise_level=0.00148)"
788,Cb,3,"0.875**2 * RBF(length_scale=[0.823, 12.6, 20, 1.91, 20, 0.2]) + WhiteKernel(noise_level=0.000102)"
788,T,3,"1.17**2 * RBF(length_scale=[0.684, 1.73, 2.68, 20, 20, 20]) + WhiteKernel(noise_level=0.000372)"
788,Cb,5,"1.13**2 * RBF(length_scale=[0.87, 1.06, 20, 20, 20, 2.74]) + WhiteKernel(noise_level=9.91e-05)"
788,T,5,"1.52**2 * RBF(length_scale=[0.719, 1.92, 6.76, 14.9, 20, 6.43]) + WhiteKernel(noise_level=0.000343)"
788,Cb,7,"1.17**2 * RBF(length_scale=[0.882, 1.1, 20, 20, 20, 3.42]) + WhiteKernel(noise_level=7.83e-05)"
788,T,7,"1.7**2 * RBF(length_scale=[0.729, 1.99, 5.96, 15.8, 20, 7.77]) + WhiteKernel(noise_level=0.000353)"
788,Cb,9,"1.31**2 * RBF(length_scale=[0.906, 1.2, 20, 1.99, 20, 3.59]) + WhiteKernel(noise_level=7.83e-05)"
788,T,9,"1.36**2 * RBF(length_scale=[0.74, 20, 20, 1.04, 5.04, 5.14]) + WhiteKernel(noise_level=0.000333)"
788,Cb,12,"1.26**2 * RBF(length_scale=[0.892, 1.46, 20, 2.08, 20, 3.43]) + WhiteKernel(noise_level=6.68e-05)"
788,T,12,"1.99**2 * RBF(length_scale=[0.729, 2.8, 9.9, 2.48, 20, 5]) + WhiteKernel(noise_level=0.000339)"
788,Cb,15,"1.4**2 * RBF(length_scale=[0.869, 1.52, 20, 2.32, 20, 4.55]) + WhiteKernel(noise_level=7.02e-05)"
788,T,15,"2.9**2 * RBF(length_scale=[0.727, 2.89, 10.8, 2.51, 20, 9.46]) + WhiteKernel(noise_level=0.000332)"
788,Cb,20,"1.5**2 * RBF(length_scale=[0.866, 1.61, 20, 2.55, 20, 4.83]) + WhiteKernel(noise_level=6.73e-05)"
788,T,20,"2.67**2 * RBF(length_scale=[0.474, 3.2, 15.1, 3.21, 20, 14.6]) + WhiteKernel(noise_level=3.95e-07)"
788,Cb,30,"2.2**2 * RBF(length_scale=[0.562, 1.96, 19.7, 4.2, 20, 8.76]) + WhiteKernel(noise_level=4.65e-06)"
788,T,30,"2.34**2 * RBF(length_scale=[0.478, 2.5, 11.9, 2.98, 14.9, 13.3]) + WhiteKernel(noise_level=5.09e-07)"
803,Cb,1,"1.47**2 * RBF(length_scale=[0.972, 1, 1, 1, 1, 1]) + WhiteKernel(noise_level=0.000588)"
803,T,1,"1.58**2 * RBF(length_scale=[0.675, 0.997, 0.997, 0.997, 0.997, 0.997]) + WhiteKernel(noise_level=0.00085)"
803,Cb,3,"1.14**2 * RBF(length_scale=[1.05, 1.04, 1.06, 0.92, 1.13, 0.657]) + WhiteKernel(noise_level=0.000215)"
803,T,3,"1.31**2 * RBF(length_scale=[0.774, 20, 1.99, 2.44, 20, 2.57]) + WhiteKernel(noise_level=0.000353)"
803,Cb,5,"1.19**2 * RBF(length_scale=[1.11, 16, 20, 0.829, 0.443, 4.73]) + WhiteKernel(noise_level=0.000133)"
803,T,5,"2.43**2 * RBF(length_scale=[1.54, 6.69, 6.75, 4.42, 4.89, 3.89]) + WhiteKernel(noise_level=0.0013)"
803,Cb,7,"1.56**2 * RBF(length_scale=[1.17, 1.92, 20, 1.73, 20, 2.43]) + WhiteKernel(noise_level=0.000136)"
803,T,7,"2.68**2 * RBF(length_scale=[1.61, 4.75, 5.89, 4.36, 20, 3.87]) + WhiteKernel(noise_level=0.00141)"
803,Cb,9,"1.24**2 * RBF(length_scale=[1.25, 2.29, 20, 2.28, 20, 2.55]) + WhiteKernel(noise_level=3.25e-05)"
803,T,9,"2.76**2 * RBF(length_scale=[0.793, 4.76, 8.32, 12.9, 20, 5.5]) + WhiteKernel(noise_level=0.000215)"
803,Cb,12,"1.95**2 * RBF(length_scale=[0.899, 2.37, 20, 3.01, 20, 5.56]) + WhiteKernel(noise_level=9.42e-05)"
803,T,12,"3.12**2 * RBF(length_scale=[0.83, 4.93, 15.1, 3.51, 20, 6.71]) + WhiteKernel(noise_level=0.000324)"
803,Cb,15,"2.34**2 * RBF(length_scale=[0.865, 2.34, 20, 3.93, 20, 7.2]) + WhiteKernel(noise_level=0.0001)"
803,T,15,"1.95**2 * RBF(length_scale=[0.472, 3.29, 10.1, 4.6, 20, 7.78]) + WhiteKernel(noise_level=7.51e-08)"
803,Cb,20,"2.4**2 * RBF(length_scale=[0.786, 2.26, 20, 5.06, 20, 7.97]) + WhiteKernel(noise_level=9.09e-05)"
803,T,20,"1.92**2 * RBF(length_scale=[0.455, 3, 10.5, 4.68, 20, 7.16]) + WhiteKernel(noise_level=2.02e-07)"
803,Cb,30,"2.33**2 * RBF(length_scale=[0.535, 2.27, 20, 4.87, 20, 10.3]) + WhiteKernel(noise_level=2.14e-06)"
803,T,30,"2.67**2 * RBF(length_scale=[0.473, 3.07, 14.3, 3.77, 20, 9.64]) + WhiteKernel(noise_level=1.58e-06)"
815,Cb,1,"0.882**2 * RBF(length_scale=[0.83, 1, 1, 1, 1, 1]) + WhiteKernel(noise_level=0.000103)"
815,T,1,"1.24**2 * RBF(length_scale=[0.709, 0.998, 0.998, 0.998, 0.998, 0.998]) + WhiteKernel(noise_level=0.00066)"
815,Cb,3,"0.928**2 * RBF(length_scale=[0.823, 1.54, 20, 1.68, 20, 1.34]) + WhiteKernel(noise_level=0.000101)"
815,T,3,"1.3**2 * RBF(length_scale=[0.709, 0.974, 20, 20, 7.52, 5.7]) + WhiteKernel(noise_level=0.000363)"
815,Cb,5,"0.942**2 * RBF(length_scale=[0.839, 1.23, 20, 20, 20, 1.77]) + WhiteKernel(noise_level=0.000109)"
815,T,5,"1.81**2 * RBF(length_scale=[0.75, 2.05, 12.6, 10.6, 18.2, 7.29]) + WhiteKernel(noise_level=0.000363)"
815,Cb,7,"1.02**2 * RBF(length_scale=[0.845, 7.91, 17.2, 1.19, 20, 1.66]) + WhiteKernel(noise_level=0.000112)"
815,T,7,"1.56**2 * RBF(length_scale=[0.722, 2.02, 5.82, 2.56, 20, 5.99]) + WhiteKernel(noise_level=0.000367)"
815,Cb,9,"1.21**2 * RBF(length_scale=[0.856, 1.12, 19.7, 1.72, 20, 2.81]) + WhiteKernel(noise_level=0.000184)"
815,T,9,"1.46**2 * RBF(length_scale=[0.72, 1.61, 6.03, 3.97, 20, 3.95]) + WhiteKernel(noise_level=0.000437)"
815,Cb,12,"1.52**2 * RBF(length_scale=[0.862, 1.39, 20, 1.64, 20, 3.73]) + WhiteKernel(noise_level=0.000168)"
815,T,12,"2.02**2 * RBF(length_scale=[0.726, 2.04, 6.78, 1.97, 20, 5.96]) + WhiteKernel(noise_level=0.000426)"
815,Cb,15,"1.63**2 * RBF(length_scale=[0.841, 1.6, 20, 2.13, 20, 4.36]) + WhiteKernel(noise_level=0.00015)"
815,T,15,"2.7**2 * RBF(length_scale=[0.699, 2.85, 11.7, 2.83, 20, 8.8]) + WhiteKernel(noise_level=0.000323)"
815,Cb,20,"1.84**2 * RBF(length_scale=[0.832, 2.01, 20, 2.85, 20, 5.63]) + WhiteKernel(noise_level=0.000111)"
815,T,20,"3.04**2 * RBF(length_scale=[0.482, 3.19, 15, 3.15, 20, 13.7]) + WhiteKernel(noise_level=3.44e-06)"
815,Cb,30,"1.84**2 * RBF(length_scale=[0.519, 1.95, 20, 3.21, 20, 8.21]) + WhiteKernel(noise_level=1.48e-06)"
815,T,30,"2.46**2 * RBF(length_scale=[0.477, 2.79, 14.3, 2.79, 16.4, 8.44]) + WhiteKernel(noise_level=3.39e-06)"
830,Cb,1,"1.22**2 * RBF(length_scale=[0.935, 1, 1, 1, 1, 1]) + WhiteKernel(noise_level=0.000315)"
830,T,1,"2.02**2 * RBF(length_scale=[1.67, 0.862, 0.862, 0.862, 0.862, 0.862]) + WhiteKernel(noise_level=0.00175)"
830,Cb,3,"1.19**2 * RBF(length_scale=[1.02, 4.25, 14.3, 4.28, 0.342, 20]) + WhiteKernel(noise_level=0.000167)"
830,T,3,"2.18**2 * RBF(length_scale=[1.6, 20, 2.08, 20, 1.96, 2.15]) + WhiteKernel(noise_level=0.0016)"
830,Cb,5,"1.52**2 * RBF(length_scale=[1.11, 20, 20, 0.734, 2.6, 6.62]) + WhiteKernel(noise_level=0.000123)"
830,T,5,"1.82**2 * RBF(length_scale=[0.814, 20, 9.46, 1.87, 20, 3.45]) + WhiteKernel(noise_level=0.000332)"
830,Cb,7,"1.72**2 * RBF(length_scale=[1.07, 1.63, 20, 1.81, 20, 4.04]) + WhiteKernel(noise_level=0.000121)"
830,T,7,"2.3**2 * RBF(length_scale=[0.873, 4.08, 11.1, 2.63, 20, 3.58]) + WhiteKernel(noise_level=0.000435)"
830,Cb,9,"1.51**2 * RBF(length_scale=[0.842, 1.48, 20, 1.79, 20, 4.93]) + WhiteKernel(noise_level=0.000196)"
830,T,9,"1.99**2 * RBF(length_scale=[0.768, 7.98, 11.6, 1.57, 20, 3.97]) + WhiteKernel(noise_level=0.000588)"
830,Cb,12,"1.48**2 * RBF(length_scale=[0.84, 1.44, 20, 1.68, 20, 5.48]) + WhiteKernel(noise_level=0.000161)"
830,T,12,"2.55**2 * RBF(length_scale=[0.77, 12, 16.2, 1.81, 20, 7.75]) + WhiteKernel(noise_level=0.000424)"
830,Cb,15,"1.59**2 * RBF(length_scale=[0.839, 1.59, 20, 2.06, 20, 7.2]) + WhiteKernel(noise_level=0.000142)"
830,T,15,"2.63**2 * RBF(length_scale=[0.808, 9.09, 20, 1.43, 20, 8.68]) + WhiteKernel(noise_level=0.00041)"
830,Cb,20,"1.78**2 * RBF(length_scale=[0.819, 1.65, 20, 2.42, 20, 7.89]) + WhiteKernel(noise_level=0.000127)"
830,T,20,"2.76**2 * RBF(length_scale=[0.738, 3.05, 17.6, 2.33, 20, 11]) + WhiteKernel(noise_level=0.000342)"
830,Cb,30,"2**2 * RBF(length_scale=[0.525, 1.94, 20, 3.1, 20, 10.1]) + WhiteKernel(noise_level=3.51e-06)"
830,T,30,"2.84**2 * RBF(length_scale=[0.478, 2.7, 16.4, 2.15, 18.9, 15.2]) + WhiteKernel(noise_level=3.5e-06)"
857,Cb,1,"0.95**2 * RBF(length_scale=[1.14, 1, 1, 1, 1, 1]) + WhiteKernel(noise_level=8.75e-05)"
857,T,1,"2.37**2 * RBF(length_scale=[2.15, 1, 1, 1, 1, 1]) + WhiteKernel(noise_level=0.00106)"
857,Cb,3,"0.968**2 * RBF(length_scale=[1.18, 0.852, 1.28, 0.778, 1.33, 0.494]) + WhiteKernel(noise_level=6.41e-05)"
857,T,3,"1.84**2 * RBF(length_scale=[1.86, 14.9, 20, 0.643, 3.18, 20]) + WhiteKernel(noise_level=0.000859)"
857,Cb,5,"1.21**2 * RBF(length_scale=[1.28, 11.6, 6.89, 0.884, 20, 1.9]) + WhiteKernel(noise_level=4.42e-05)"
857,T,5,"1.8**2 * RBF(length_scale=[1.66, 5.75, 20, 2.25, 3.98, 2.17]) + WhiteKernel(noise_level=0.000816)"
857,Cb,7,"1.23**2 * RBF(length_scale=[1.12, 1.59, 20, 1.43, 20, 2.31]) + WhiteKernel(noise_level=5.79e-05)"
857,T,7,"1.76**2 * RBF(length_scale=[1.47, 3.81, 2.97, 2.29, 20, 2.49]) + WhiteKernel(noise_level=0.000832)"
857,Cb,9,"1.33**2 * RBF(length_scale=[0.839, 1.38, 20, 2.92, 20, 3.91]) + WhiteKernel(noise_level=0.000134)"
857,T,9,"1.74**2 * RBF(length_scale=[0.749, 2.51, 5.92, 3.69, 20, 3.37]) + WhiteKernel(noise_level=0.000443)"
857,Cb,12,"1.38**2 * RBF(length_scale=[0.839, 1.5, 20, 3.41, 20, 3.96]) + WhiteKernel(noise_level=0.000127)"
857,T,12,"2.4**2 * RBF(length_scale=[0.749, 2.99, 9.74, 5.97, 20, 6.23]) + WhiteKernel(noise_level=0.000385)"
857,Cb,15,"1.63**2 * RBF(length_scale=[0.829, 1.56, 20, 4.76, 20, 5.51]) + WhiteKernel(noise_level=0.000128)"
857,T,15,"3.07**2 * RBF(length_scale=[0.739, 3.18, 12.6, 7.08, 20, 8.47]) + WhiteKernel(noise_level=0.000358)"
857,Cb,20,"1.73**2 * RBF(length_scale=[0.794, 1.65, 20, 5.09, 20, 5.89]) + WhiteKernel(noise_level=9.98e-05)"
857,T,20,"2.41**2 * RBF(length_scale=[0.473, 2.73, 9.56, 6.29, 20, 9.54]) + WhiteKernel(noise_level=1.01e-05)"
857,Cb,30,"1.91**2 * RBF(length_scale=[0.524, 1.77, 20, 4.19, 20, 8.9]) + WhiteKernel(noise_level=5.24e-06)"
857,T,30,"2.21**2 * RBF(length_scale=[0.478, 2.89, 10.8, 3.16, 16.4, 7.79]) + WhiteKernel(noise_level=1.15e-05)"
881,Cb,1,"0.747**2 * RBF(length_scale=[0.796, 1, 1, 1, 1, 1]) + WhiteKernel(noise_level=0.000145)"
881,T,1,"0.903**2 * RBF(length_scale=[0.605, 1.01, 1.01, 1.01, 1.01, 1.01]) + WhiteKernel(noise_level=0.000705)"
881,Cb,3,"0.817**2 * RBF(length_scale=[0.786, 20, 20, 0.91, 20, 2.69]) + WhiteKernel(noise_level=0.000123)"
881,T,3,"0.873**2 * RBF(length_scale=[0.599, 19, 1.56, 0.329, 0.2, 17.7]) + WhiteKernel(noise_level=0.00046)"
881,Cb,5,"0.84**2 * RBF(length_scale=[0.814, 0.805, 20, 0.946, 3.71, 1.78]) + WhiteKernel(noise_level=0.000141)"
881,T,5,"0.948**2 * RBF(length_scale=[0.647, 20, 0.369, 1.34, 20, 20]) + WhiteKernel(noise_level=0.000567)"
881,Cb,7,"0.963**2 * RBF(length_scale=[0.811, 0.997, 20, 1.23, 20, 2.44]) + WhiteKernel(noise_level=0.000109)"
881,T,7,"1.09**2 * RBF(length_scale=[0.661, 20, 3.04, 0.671, 20, 3.34]) + WhiteKernel(noise_level=0.00052)"
881,Cb,9,"0.88**2 * RBF(length_scale=[0.813, 0.968, 20, 1.16, 17.4, 2.25]) + WhiteKernel(noise_level=0.000117)"
881,T,9,"1.02**2 * RBF(length_scale=[0.666, 20, 3.45, 0.706, 2.67, 2.87]) + WhiteKernel(noise_level=0.000583)"
881,Cb,12,"1.22**2 * RBF(length_scale=[0.831, 1.45, 20, 2.05, 20, 2.93]) + WhiteKernel(noise_level=0.000103)"
881,T,12,"1.33**2 * RBF(length_scale=[0.681, 1.64, 2.98, 1.44, 5.65, 3.54]) + WhiteKernel(noise_level=0.000549)"
881,Cb,15,"1.4**2 * RBF(length_scale=[0.797, 1.71, 20, 2.95, 20, 4.27]) + WhiteKernel(noise_level=7.27e-05)"
881,T,15,"1.27**2 * RBF(length_scale=[0.679, 20, 1.33, 1.25, 4.52, 2.27]) + WhiteKernel(noise_level=0.000417)"
881,Cb,20,"1.64**2 * RBF(length_scale=[0.787, 1.96, 20, 3.95, 20, 5.03]) + WhiteKernel(noise_level=6.45e-05)"
881,T,20,"2.44**2 * RBF(length_scale=[0.491, 2.64, 9.43, 2.91, 20, 10.9]) + WhiteKernel(noise_level=2.59e-05)"
881,Cb,30,"1.68**2 * RBF(length_scale=[0.564, 1.95, 20, 4.84, 20, 7.16]) + WhiteKernel(noise_level=1.14e-05)"
881,T,30,"2.92**2 * RBF(length_scale=[0.484, 2.57, 13.1, 3.41, 15.8, 12.4]) + WhiteKernel(noise_level=8.76e-06)"
883,Cb,1,"1.78**2 * RBF(length_scale=[1.45, 1, 1, 1, 1, 1]) + WhiteKernel(noise_level=0.000265)"
883,T,1,"1.51**2 * RBF(length_scale=[1.84, 1, 1, 1, 1, 1]) + WhiteKernel(noise_level=0.00103)"
883,Cb,3,"0.864**2 * RBF(length_scale=[0.84, 1.02, 0.906, 0.959, 1.03, 1.33]) + WhiteKernel(noise_level=0.000157)"
883,T,3,"1.09**2 * RBF(length_scale=[0.685, 5.94, 20, 0.404, 19.2, 20]) + WhiteKernel(noise_level=0.00048)"
883,Cb,5,"0.858**2 * RBF(length_scale=[0.839, 0.533, 20, 1.13, 0.958, 7.33]) + WhiteKernel(noise_level=0.000134)"
883,T,5,"0.927**2 * RBF(length_scale=[0.663, 0.668, 0.2, 0.2, 0.506, 0.516]) + WhiteKernel(noise_level=0.000476)"
883,Cb,7,"0.943**2 * RBF(length_scale=[0.841, 0.859, 20, 1.18, 20, 1.84]) + WhiteKernel(noise_level=0.000152)"
883,T,7,"1.08**2 * RBF(length_scale=[0.706, 2.23, 0.533, 1.02, 20, 20]) + WhiteKernel(noise_level=0.000524)"
883,Cb,9,"1.43**2 * RBF(length_scale=[0.839, 1.61, 20, 2.01, 20, 3.23]) + WhiteKernel(noise_level=0.000123)"
883,T,9,"1.51**2 * RBF(length_scale=[0.688, 2.11, 3.29, 1.39, 7.53, 6.48]) + WhiteKernel(noise_level=0.00049)"
883,Cb,12,"1.22**2 * RBF(length_scale=[0.835, 1.25, 20, 1.97, 12.6, 2.84]) + WhiteKernel(noise_level=0.00013)"
883,T,12,"1.53**2 * RBF(length_scale=[0.682, 1.62, 3.39, 1.86, 16.9, 6.3]) + WhiteKernel(noise_level=0.000499)"
883,Cb,15,"1.49**2 * RBF(length_scale=[0.83, 1.58, 20, 2.44, 20, 4.22]) + WhiteKernel(noise_level=0.000108)"
883,T,15,"1.18**2 * RBF(length_scale=[0.72, 3.58, 0.82, 1.17, 1.34, 2.85]) + WhiteKernel(noise_level=0.000494)"
883,Cb,20,"1.64**2 * RBF(length_scale=[0.81, 1.78, 20, 3.52, 20, 5.14]) + WhiteKernel(noise_level=8.56e-05)"
883,T,20,"2.64**2 * RBF(length_scale=[0.501, 2.88, 11.6, 2.75, 15.8, 11.1]) + WhiteKernel(noise_level=3.33e-05)"
883,Cb,30,"1.62**2 * RBF(length_scale=[0.547, 1.85, 20, 3.92, 20, 6.78]) + WhiteKernel(noise_level=5.49e-06)"
883,T,30,"2.7**2 * RBF(length_scale=[0.484, 2.54, 13.4, 3.36, 16.6, 10.5]) + WhiteKernel(noise_level=8.56e-06)"
907,Cb,1,"0.881**2 * RBF(length_scale=[0.901, 1, 1, 1, 1, 1]) + WhiteKernel(noise_level=0.000144)"
907,T,1,"3.37**2 * RBF(length_scale=[1.84, 1, 1, 1, 1, 1]) + WhiteKernel(noise_level=0.00201)"
907,Cb,3,"0.887**2 * RBF(length_scale=[0.872, 0.598, 1.26, 14.5, 1.7, 6.99]) + WhiteKernel(noise_level=0.000103)"
907,T,3,"1.22**2 * RBF(length_scale=[0.818, 20, 20, 1.25, 20, 5.56]) + WhiteKernel(noise_level=0.000353)"
907,Cb,5,"1.75**2 * RBF(length_scale=[1.04, 1.54, 20, 20, 20, 4.34]) + WhiteKernel(noise_level=9.42e-05)"
907,T,5,"1.51**2 * RBF(length_scale=[0.867, 20, 20, 1.77, 20, 2.83]) + WhiteKernel(noise_level=0.000437)"
907,Cb,7,"1.53**2 * RBF(length_scale=[0.978, 1.61, 20, 20, 20, 3.61]) + WhiteKernel(noise_level=0.000131)"
907,T,7,"2.14**2 * RBF(length_scale=[0.869, 2.42, 5.95, 20, 20, 4.3]) + WhiteKernel(noise_level=0.000406)"
907,Cb,9,"1.59**2 * RBF(length_scale=[0.989, 1.7, 20, 20, 20, 4.32]) + WhiteKernel(noise_level=0.00011)"
907,T,9,"2.6**2 * RBF(length_scale=[0.886, 2.95, 7.85, 20, 20, 7.2]) + WhiteKernel(noise_level=0.000297)"
907,Cb,12,"1.35**2 * RBF(length_scale=[0.939, 1.36, 20, 20, 20, 3.71]) + WhiteKernel(noise_level=0.000122)"
907,T,12,"2.38**2 * RBF(length_scale=[0.757, 3.19, 10.8, 20, 20, 6.77]) + WhiteKernel(noise_level=0.000225)"
907,Cb,15,"1.33**2 * RBF(length_scale=[0.85, 1.49, 20, 12.6, 20, 4.26]) + WhiteKernel(noise_level=8.94e-05)"
907,T,15,"2.66**2 * RBF(length_scale=[0.496, 3.95, 19.3, 6.85, 20, 10.3]) + WhiteKernel(noise_level=3.02e-08)"
907,Cb,20,"2.03**2 * RBF(length_scale=[0.895, 2.29, 20, 8.05, 20, 6.6]) + WhiteKernel(noise_level=7.83e-05)"
907,T,20,"2.95**2 * RBF(length_scale=[0.497, 3.79, 20, 5.02, 20, 14.4]) + WhiteKernel(noise_level=8.1e-08)"
907,Cb,30,"2**2 * RBF(length_scale=[0.545, 2.05, 20, 4.72, 20, 8.93]) + WhiteKernel(noise_level=2.12e-06)"
907,T,30,"2.15**2 * RBF(length_scale=[0.471, 2.44, 11.2, 3.57, 20, 10.8]) + WhiteKernel(noise_level=8.62e-07)"
974,Cb,1,"1.09**2 * RBF(length_scale=[0.824, 0.995, 0.995, 0.995, 0.995, 0.995]) + WhiteKernel(noise_level=0.000293)"
974,T,1,"1.23**2 * RBF(length_scale=[0.79, 0.999, 0.999, 0.999, 0.999, 0.999]) + WhiteKernel(noise_level=0.000538)"
974,Cb,3,"1.82**2 * RBF(length_scale=[0.949, 2.65, 13.3, 20, 2.41, 0.913]) + WhiteKernel(noise_level=0.000183)"
974,T,3,"1.18**2 * RBF(length_scale=[0.772, 0.2, 0.2, 0.2, 1.16, 0.2]) + WhiteKernel(noise_level=0.00044)"
974,Cb,5,"2.48**2 * RBF(length_scale=[1.01, 1.86, 20, 20, 20, 6.09]) + WhiteKernel(noise_level=0.000159)"
974,T,5,"2.77**2 * RBF(length_scale=[1.4, 20, 20, 1.91, 3.01, 4.66]) + WhiteKernel(noise_level=0.00221)"
974,Cb,7,"1.52**2 * RBF(length_scale=[0.991, 2.14, 7.03, 2.78, 20, 3.61]) + WhiteKernel(noise_level=7.58e-05)"
974,T,7,"2.56**2 * RBF(length_scale=[1.42, 4.96, 6.75, 2.17, 4.69, 4.33]) + WhiteKernel(noise_level=0.00138)"
974,Cb,9,"1.49**2 * RBF(length_scale=[0.944, 1.84, 8.9, 3.02, 20, 3.62]) + WhiteKernel(noise_level=8.54e-05)"
974,T,9,"1.77**2 * RBF(length_scale=[0.725, 2.72, 4.5, 5.62, 20, 3.86]) + WhiteKernel(noise_level=0.000271)"
974,Cb,12,"1.55**2 * RBF(length_scale=[0.946, 2.04, 11.2, 3.61, 20, 4.19]) + WhiteKernel(noise_level=5.51e-05)"
974,T,12,"1.98**2 * RBF(length_scale=[0.693, 2.65, 6.32, 7.22, 20, 4.96]) + WhiteKernel(noise_level=0.000257)"
974,Cb,15,"1.89**2 * RBF(length_scale=[0.948, 2.32, 20, 3.91, 20, 5.69]) + WhiteKernel(noise_level=5.18e-05)"
974,T,15,"2.11**2 * RBF(length_scale=[0.666, 3.04, 7.01, 5.66, 20, 5.94]) + WhiteKernel(noise_level=0.000219)"
974,Cb,20,"1.92**2 * RBF(length_scale=[0.886, 2.08, 20, 3.85, 20, 6.49]) + WhiteKernel(noise_level=4.7e-05)"
974,T,20,"3.14**2 * RBF(length_scale=[0.692, 3.66, 11.1, 5.33, 13.5, 8.15]) + WhiteKernel(noise_level=0.000176)"
974,Cb,30,"1.96**2 * RBF(length_scale=[0.807, 1.95, 20, 4.6, 20, 6.81]) + WhiteKernel(noise_level=4.39e-05)"
974,T,30,"2.99**2 * RBF(length_scale=[0.489, 3.35, 11.5, 4.18, 12.8, 11.2]) + WhiteKernel(noise_level=1.6e-06)"
992,Cb,1,"1.92**2 * RBF(length_scale=[0.851, 0.999, 0.999, 0.999, 0.999, 0.999]) + WhiteKernel(noise_level=1.06e-05)"
992,T,1,"2.29**2 * RBF(length_scale=[2.25, 0.998, 0.998, 0.998, 0.998, 0.998]) + WhiteKernel(noise_level=0.000676)"
992,Cb,3,"0.895**2 * RBF(length_scale=[0.807, 0.941, 0.558, 0.798, 0.799, 0.445]) + WhiteKernel(noise_level=0.000198)"
992,T,3,"1.49**2 * RBF(length_scale=[0.764, 2.48, 20, 20, 17.8, 1.16]) + WhiteKernel(noise_level=0.000553)"
992,Cb,5,"0.874**2 * RBF(length_scale=[0.793, 1.58, 15.4, 0.764, 0.306, 14]) + WhiteKernel(noise_level=0.000241)"
992,T,5,"1.65**2 * RBF(length_scale=[0.787, 4, 20, 20, 8.98, 1.58]) + WhiteKernel(noise_level=0.000524)"
992,Cb,7,"1.02**2 * RBF(length_scale=[0.808, 0.591, 20, 0.588, 20, 4.81]) + WhiteKernel(noise_level=0.000188)"
992,T,7,"1.55**2 * RBF(length_scale=[0.76, 1.76, 5.67, 20, 20, 2.36]) + WhiteKernel(noise_level=0.000518)"
992,Cb,9,"0.926**2 * RBF(length_scale=[0.811, 0.658, 20, 0.856, 20, 2.97]) + WhiteKernel(noise_level=0.000183)"
992,T,9,"1.34**2 * RBF(length_scale=[0.744, 1.58, 4.82, 1.52, 20, 3.85]) + WhiteKernel(noise_level=0.000602)"
992,Cb,12,"1.19**2 * RBF(length_scale=[0.811, 1.06, 20, 1.78, 20, 4.1]) + WhiteKernel(noise_level=0.000136)"
992,T,12,"2.33**2 * RBF(length_scale=[0.769, 2.07, 10.9, 2.64, 20, 6.77]) + WhiteKernel(noise_level=0.000473)"
992,Cb,15,"1.35**2 * RBF(length_scale=[0.796, 1.25, 20, 2.3, 20, 5.41]) + WhiteKernel(noise_level=0.000121)"
992,T,15,"2.54**2 * RBF(length_scale=[0.767, 2.36, 13, 3.01, 20, 7.54]) + WhiteKernel(noise_level=0.000358)"
992,Cb,20,"1.44**2 * RBF(length_scale=[0.784, 1.41, 20, 2.88, 20, 6.05]) + WhiteKernel(noise_level=9.86e-05)"
992,T,20,"3.14**2 * RBF(length_scale=[0.735, 2.75, 17.7, 3.82, 20, 11.6]) + WhiteKernel(noise_level=0.0003)"
992,Cb,30,"1.47**2 * RBF(length_scale=[0.516, 1.75, 20, 3.22, 20, 7.3]) + WhiteKernel(noise_level=2.41e-06)"
992,T,30,"2.23**2 * RBF(length_scale=[0.473, 2.48, 10.5, 3.71, 15.1, 9.42]) + WhiteKernel(noise_level=1.03e-05)"
